CustomerID,City,State,ZipCode,Country,Mailable,Emailable,JoinDate,Income,NetWorth,Education,Gender,BirthYear,Children,Churn,Reviews,Feedback_Call
50068826,Buena Vista,VA,24416-2110,US,1.0,0.0,2012-02-03 16:05:30.000,"6: $50,000 - $74,999","7: $250,000 - $499,999",2: High School,Male,1957.0,2: No Children Present,0,,
50413650,Pasadena,CA,91101,US,1.0,1.0,2013-01-04 19:40:46.000,,"1: Less Than $25,000",,,,2: No Children Present,1,,
50281074,Chisago City,MN,55013,US,1.0,0.0,2012-07-06 09:20:32.000,"7: $75,000 - $99,999","9: $750,000 - $999,999",2: High School,Male,1956.0,2: No Children Present,1,,
50083014,Flagler Beach,FL,32136-8014,US,1.0,0.0,2012-02-10 11:13:10.000,"3: $20,000 - $29,999","5: $100,000 - $149,999",3: Some College,Male,1932.0,2: No Children Present,1,5.0,
50263940,Mulvane,KS,67110-8325,US,1.0,0.0,2012-06-22 20:29:05.000,"6: $50,000 - $74,999","3: $50,000 - $74,999",2: High School,Male,1959.0,2: No Children Present,1,5.0,
50156841,Fort Atkinson,WI,53538-9743,US,1.0,0.0,2012-04-05 17:45:19.000,"8: $100,000 - $124,999","7: $250,000 - $499,999",2: High School,Female,1969.0,1: Yes Children Present,1,5.0,
50759745,Folsom,CA,95630,US,1.0,1.0,2014-01-27 19:27:01.000,"10: $150,000 - $174,999","9: $750,000 - $999,999",4: College,Male,1957.0,2: No Children Present,1,5.0,
50797515,Spokane,WA,99208,US,1.0,1.0,2014-02-19 00:35:40.000,,"1: Less Than $25,000",3: Some College,,,2: No Children Present,1,5.0,
50376177,Los Angeles,CA,90042-4662,US,1.0,0.0,2012-10-30 17:25:08.000,"4: $30,000 - $39,999","1: Less Than $25,000",1: Some High School or Less,Male,1974.0,2: No Children Present,1,5.0,
50761298,Phoenix,AZ,85018-1147,US,1.0,0.0,2014-01-28 13:56:03.000,,"1: Less Than $25,000",4: College,,,2: No Children Present,1,5.0,
50195196,NORTHFIELD,VT,05663,US,1.0,0.0,2012-05-02 08:31:01.000,,"1: Less Than $25,000",,,,2: No Children Present,1,5.0,
50626267,riverside,CT,06878,US,1.0,0.0,2013-08-12 16:14:49.000,,"1: Less Than $25,000",5: Graduate School,,,1: Yes Children Present,0,5.0,
50268375,Claremont,CA,91711-2614,US,1.0,1.0,2012-06-26 12:15:31.000,"11: $175,000 - $199,999","10: $100,000,000+",4: College,Male,1940.0,2: No Children Present,1,5.0,
50625540,Cadott,WI,54727,US,0.0,0.0,2013-08-11 16:29:24.000,"4: $30,000 - $39,999","4: $75,000 - $99,999",2: High School,Female,1965.0,1: Yes Children Present,1,5.0,2.0
50331293,Port Jefferson,NY,11777-1519,US,1.0,0.0,2012-08-21 17:01:57.000,"10: $150,000 - $174,999","10: $100,000,000+",4: College,Female,1953.0,1: Yes Children Present,1,5.0,2.0
50106771,New York,NY,10025-6299,US,1.0,0.0,2012-02-21 15:32:16.000,"4: $30,000 - $39,999","5: $100,000 - $149,999",5: Graduate School,Female,1930.0,2: No Children Present,1,5.0,2.0
50198571,Colorado Springs,CO,80928-9425,US,1.0,0.0,2012-05-04 14:08:39.000,"3: $20,000 - $29,999","5: $100,000 - $149,999",3: Some College,Female,1948.0,1: Yes Children Present,1,5.0,2.0
50895964,Camden,DE,19934-4552,US,1.0,1.0,2014-05-21 18:51:15.000,"5: $40,000 - $49,999","8: $500,000 - $749,999",2: High School,Female,1943.0,2: No Children Present,1,5.0,2.0
50902788,Houston,TX,77025,US,1.0,0.0,2014-05-28 12:45:59.000,,"1: Less Than $25,000",,,,2: No Children Present,1,5.0,2.0
50545969,Houston,TX,77057-4001,US,1.0,0.0,2013-05-10 20:25:50.000,"9: $125,000 - $149,999","7: $250,000 - $499,999",4: College,Female,1956.0,2: No Children Present,1,5.0,2.0
50773329,,,83860,,,,2014-02-03 13:56:09.000,,,,,,,1,,
50592641,Redwood City,CA,94063-3938,US,1.0,1.0,2013-06-27 17:05:18.000,"3: $20,000 - $29,999","6: $150,000 - $249,999",2: High School,Male,1951.0,2: No Children Present,0,,2.0
50586486,Easley,SC,29640,US,1.0,1.0,2013-06-24 15:01:02.000,"9: $125,000 - $149,999","10: $100,000,000+",2: High School,Female,1945.0,2: No Children Present,0,,2.0
50561442,Smithville,NJ,08205,US,1.0,1.0,2013-06-05 15:01:15.000,"7: $75,000 - $99,999","8: $500,000 - $749,999",3: Some College,Female,1941.0,2: No Children Present,1,,2.0
50297605,Johannesburg,CA,93528,US,1.0,1.0,2012-07-20 17:00:34.000,,"1: Less Than $25,000",,,,2: No Children Present,0,,2.0
50168849,Odessa,TX,79761-2830,US,1.0,1.0,2012-04-13 23:37:47.000,"5: $40,000 - $49,999","7: $250,000 - $499,999",2: High School,Male,1951.0,2: No Children Present,1,,2.0
50572318,Yonkers,NY,10701,US,1.0,1.0,2013-06-11 19:15:24.000,"7: $75,000 - $99,999","7: $250,000 - $499,999",4: College,Male,1937.0,2: No Children Present,1,,2.0
50455112,Morganville,NJ,07751,US,1.0,1.0,2013-01-30 09:50:19.000,"9: $125,000 - $149,999","7: $250,000 - $499,999",4: College,Male,1979.0,1: Yes Children Present,1,,2.0
50762290,Goleta,CA,93117-2200,US,1.0,0.0,2014-01-28 20:26:21.000,"3: $20,000 - $29,999","2: $25,000 - $49,999",3: Some College,Male,1949.0,2: No Children Present,1,,2.0
50215947,Clinton,MD,20735,US,1.0,1.0,2012-05-22 08:20:43.000,,"1: Less Than $25,000",3: Some College,,,2: No Children Present,1,,2.0
50595846,Brooklyn,NY,11235,US,1.0,1.0,2013-06-30 14:02:31.000,,"1: Less Than $25,000",,,,2: No Children Present,0,,2.0
50828849,Port Huron,MI,48060-1932,US,1.0,0.0,2014-03-21 14:00:47.000,"8: $100,000 - $124,999","7: $250,000 - $499,999",3: Some College,Male,1972.0,1: Yes Children Present,1,,
50626362,Lithonia,GA,30038-2805,US,1.0,0.0,2013-08-12 18:05:54.000,"6: $50,000 - $74,999","7: $250,000 - $499,999",4: College,Female,1942.0,2: No Children Present,0,,
50469277,Greenville,SC,29615-6724,US,1.0,0.0,2013-02-05 13:48:14.000,,"1: Less Than $25,000",,,,2: No Children Present,1,,
50407057,Humble,TX,77346,US,1.0,0.0,2012-12-22 10:50:48.000,"13: $250,000+","10: $100,000,000+",4: College,Male,1958.0,1: Yes Children Present,1,,
50317241,Fripp Island,SC,29920,US,1.0,0.0,2012-08-10 08:07:13.000,"10: $150,000 - $174,999","10: $100,000,000+",4: College,Male,1941.0,2: No Children Present,1,,
50739763,Iowa City,IA,52246-1923,US,1.0,0.0,2014-01-16 16:07:09.000,"10: $150,000 - $174,999","10: $100,000,000+",5: Graduate School,Male,1948.0,2: No Children Present,0,,
50682559,Elida,OH,45807,US,1.0,1.0,2013-11-15 10:06:11.000,"10: $150,000 - $174,999","9: $750,000 - $999,999",3: Some College,Female,1954.0,2: No Children Present,1,,
50339127,Wilmington,NC,28412,US,1.0,1.0,2012-09-04 23:50:56.000,,"1: Less Than $25,000",,,,2: No Children Present,1,,
50679035,Denver,CO,80206,US,1.0,0.0,2013-11-11 09:23:38.000,"5: $40,000 - $49,999","3: $50,000 - $74,999",4: College,Male,1960.0,1: Yes Children Present,1,,
50034344,Dayton,OH,45429-1428,US,0.0,0.0,2012-01-23 14:29:33.000,"4: $30,000 - $39,999","8: $500,000 - $749,999",4: College,Male,1930.0,2: No Children Present,1,,
50334845,Charleston,WV,25314,US,1.0,0.0,2012-08-28 19:30:54.000,"7: $75,000 - $99,999","8: $500,000 - $749,999",4: College,Female,1951.0,2: No Children Present,1,,
50511690,New York,NY,10003-3426,US,1.0,0.0,2013-03-18 15:10:41.000,"6: $50,000 - $74,999","7: $250,000 - $499,999",4: College,Female,1935.0,2: No Children Present,1,,
50259712,Richmond,VA,23220-4522,US,1.0,0.0,2012-06-20 17:35:59.000,"5: $40,000 - $49,999","8: $500,000 - $749,999",3: Some College,Male,1939.0,2: No Children Present,0,,
50692293,Fort Wayne,IN,46808,US,1.0,0.0,2013-11-29 09:46:58.000,,"1: Less Than $25,000",,,,2: No Children Present,1,,
50848534,Roxbury,MA,02119-1855,US,1.0,1.0,2014-04-05 10:35:21.000,"4: $30,000 - $39,999","6: $150,000 - $249,999",2: High School,Female,1934.0,2: No Children Present,1,,
50678553,La Luz,NM,88337,US,1.0,1.0,2013-11-10 15:46:56.000,"8: $100,000 - $124,999","7: $250,000 - $499,999",2: High School,Female,1957.0,1: Yes Children Present,0,,
50019404,Camarillo,CA,93010,US,1.0,1.0,2012-01-15 10:51:16.000,"11: $175,000 - $199,999","10: $100,000,000+",4: College,Female,1952.0,2: No Children Present,1,,
50088638,North Salt Lake,UT,84054,US,1.0,1.0,2012-02-13 12:08:11.000,"5: $40,000 - $49,999","10: $100,000,000+",4: College,Male,1950.0,2: No Children Present,1,,
50683654,Helena,MT,59601,US,1.0,1.0,2013-11-16 16:06:23.000,"10: $150,000 - $174,999","8: $500,000 - $749,999",3: Some College,Male,1970.0,1: Yes Children Present,1,,
50249986,Pismo Beach,CA,93449-1516,US,0.0,0.0,2012-06-14 17:41:26.000,"6: $50,000 - $74,999","7: $250,000 - $499,999",4: College,Female,1951.0,2: No Children Present,1,,
50095176,Northlake,IL,60164-2206,US,1.0,0.0,2012-02-15 15:02:58.000,,"1: Less Than $25,000",,,,2: No Children Present,0,,
50835451,Farmington,ME,04938-5108,US,0.0,1.0,2014-03-27 02:16:13.000,"3: $20,000 - $29,999","1: Less Than $25,000",2: High School,,,2: No Children Present,1,,
50923095,Algonquin,IL,60102-5902,US,1.0,0.0,2014-06-16 11:56:20.000,"12: $200,000 - $249,000","9: $750,000 - $999,999",4: College,Male,1963.0,1: Yes Children Present,1,,
50567064,Tomah,WI,54660-4322,US,1.0,0.0,2013-06-08 14:49:47.000,"10: $150,000 - $174,999","10: $100,000,000+",2: High School,Male,1946.0,1: Yes Children Present,1,,
50769621,Yankton,SD,57078-1455,US,1.0,0.0,2014-01-31 12:57:26.000,,"1: Less Than $25,000",,,,2: No Children Present,1,,
50749342,Flowery Branch,GA,30542,US,1.0,1.0,2014-01-22 18:47:29.000,"10: $150,000 - $174,999","8: $500,000 - $749,999",3: Some College,Male,1962.0,1: Yes Children Present,1,,
50572786,greensboro,NC,27410,US,1.0,0.0,2013-06-12 09:42:02.000,"12: $200,000 - $249,000","10: $100,000,000+",4: College,Male,1942.0,2: No Children Present,1,,
50677255,Headland,AL,36345-9135,US,1.0,1.0,2013-11-08 19:47:59.000,"6: $50,000 - $74,999","6: $150,000 - $249,999",2: High School,Female,1957.0,2: No Children Present,1,,
50546925,New City,NY,10956-7111,US,1.0,1.0,2013-05-13 11:03:00.000,"8: $100,000 - $124,999","7: $250,000 - $499,999",4: College,Female,1959.0,1: Yes Children Present,1,,
50670260,Riverside,CA,92506-1437,US,1.0,1.0,2013-10-31 20:57:23.000,,"1: Less Than $25,000",4: College,,,1: Yes Children Present,1,,
50339264,Tucson,AZ,85747,US,1.0,0.0,2012-09-05 09:31:29.000,,"1: Less Than $25,000",,,,2: No Children Present,1,,3.0
50582863,Cambridge.,MA,02139,US,1.0,0.0,2013-06-20 21:20:22.000,"6: $50,000 - $74,999","1: Less Than $25,000",5: Graduate School,Female,1982.0,2: No Children Present,0,,3.0
50435569,Columbus,OH,43235-3450,US,1.0,0.0,2013-01-21 14:53:11.000,"9: $125,000 - $149,999","10: $100,000,000+",4: College,Female,1938.0,1: Yes Children Present,1,,3.0
50235186,Diamond,MO,64840-8257,US,1.0,1.0,2012-06-06 12:54:53.000,"5: $40,000 - $49,999","2: $25,000 - $49,999",3: Some College,Female,1969.0,1: Yes Children Present,0,,3.0
50550940,Irvine,CA,92603,US,1.0,0.0,2013-05-22 00:10:51.000,"7: $75,000 - $99,999","8: $500,000 - $749,999",4: College,Female,1940.0,2: No Children Present,1,,3.0
50652903,Iowa City,IA,52245,US,1.0,1.0,2013-10-02 12:16:38.000,"7: $75,000 - $99,999","8: $500,000 - $749,999",4: College,Male,1947.0,2: No Children Present,1,,3.0
50613427,Murrieta,CA,92562,US,1.0,1.0,2013-07-25 15:37:43.000,"10: $150,000 - $174,999","8: $500,000 - $749,999",2: High School,Female,1953.0,2: No Children Present,1,,3.0
50849987,Bethel Park,PA,15102,US,1.0,1.0,2014-04-06 20:06:30.000,"7: $75,000 - $99,999","7: $250,000 - $499,999",2: High School,Male,1956.0,2: No Children Present,1,,3.0
50579154,Bothell,WA,98012-6957,US,1.0,1.0,2013-06-17 17:14:28.000,"8: $100,000 - $124,999","7: $250,000 - $499,999",4: College,Male,1955.0,2: No Children Present,0,,3.0
50399604,Midland Park,NJ,07432,US,1.0,0.0,2012-12-11 18:20:23.000,"8: $100,000 - $124,999","6: $150,000 - $249,999",4: College,Female,1985.0,2: No Children Present,1,,
50085370,Inman,SC,29349-8159,US,1.0,1.0,2012-02-11 12:45:12.000,"6: $50,000 - $74,999","6: $150,000 - $249,999",2: High School,Female,1960.0,1: Yes Children Present,1,,
50551845,Pittsburgh,PA,15220-2043,US,1.0,0.0,2013-05-24 10:42:59.000,"8: $100,000 - $124,999","9: $750,000 - $999,999",3: Some College,Female,1946.0,2: No Children Present,1,,
50457845,Big Lake,AK,99652,US,1.0,1.0,2013-01-31 01:51:02.000,"7: $75,000 - $99,999","7: $250,000 - $499,999",3: Some College,Female,1955.0,2: No Children Present,0,,
50354769,Visalia,CA,93291,US,1.0,0.0,2012-09-20 21:50:10.000,"9: $125,000 - $149,999","8: $500,000 - $749,999",4: College,Male,1962.0,1: Yes Children Present,1,,
50207203,PUNTA GORDA,FL,33955,US,1.0,1.0,2012-05-12 08:32:11.000,"6: $50,000 - $74,999","5: $100,000 - $149,999",3: Some College,Male,1940.0,2: No Children Present,1,,
50419832,Brandywine,MD,20613-2406,US,1.0,1.0,2013-01-10 15:21:13.000,,"1: Less Than $25,000",2: High School,,,2: No Children Present,1,,
50762179,North Richland Hills,TX,76182,US,1.0,1.0,2014-01-28 19:17:04.000,"6: $50,000 - $74,999","3: $50,000 - $74,999",3: Some College,Female,1957.0,1: Yes Children Present,1,,
50892092,Albuquerque,NM,87110-2626,US,1.0,1.0,2014-05-19 11:38:04.000,"6: $50,000 - $74,999","9: $750,000 - $999,999",4: College,Female,1927.0,2: No Children Present,1,,
50748266,Downers Grove,IL,60515-2628,US,1.0,0.0,2014-01-22 12:44:54.000,,"1: Less Than $25,000",,,,2: No Children Present,1,,
50272331,Middleburgh,NY,12122-0529,US,1.0,1.0,2012-06-28 14:14:23.000,,"1: Less Than $25,000",2: High School,,,2: No Children Present,1,,
50258013,Fairfax,VA,22033,US,1.0,0.0,2012-06-19 20:50:51.000,"8: $100,000 - $124,999","8: $500,000 - $749,999",4: College,Female,1958.0,2: No Children Present,1,,
50510640,Cape Coral,FL,33991-3327,US,1.0,0.0,2013-03-16 16:46:13.000,"6: $50,000 - $74,999","4: $75,000 - $99,999",3: Some College,Female,1957.0,2: No Children Present,0,,
50925873,Boxborough,MA,01719-1608,US,1.0,0.0,2014-06-21 23:53:06.000,"8: $100,000 - $124,999","8: $500,000 - $749,999",5: Graduate School,Male,1942.0,2: No Children Present,1,,
50089820,Lansing,MI,48910-1819,US,1.0,0.0,2012-02-13 17:05:37.000,"7: $75,000 - $99,999","8: $500,000 - $749,999",4: College,Male,1951.0,1: Yes Children Present,0,,
50101030,Stockton,CA,95212-2402,US,1.0,0.0,2012-02-16 22:22:00.000,"9: $125,000 - $149,999","9: $750,000 - $999,999",3: Some College,Female,1943.0,2: No Children Present,1,,
50726826,Crozet,VA,22932,US,1.0,0.0,2014-01-07 16:26:02.000,"10: $150,000 - $174,999","9: $750,000 - $999,999",3: Some College,Female,1953.0,2: No Children Present,1,,
50706630,Washington,IA,52353,US,1.0,1.0,2013-12-12 11:26:35.000,"5: $40,000 - $49,999","5: $100,000 - $149,999",2: High School,Male,1948.0,2: No Children Present,1,,
50640148,Alexander,AR,72002-9442,US,1.0,0.0,2013-09-08 14:50:25.000,"7: $75,000 - $99,999","9: $750,000 - $999,999",2: High School,Female,1946.0,2: No Children Present,0,,
50884978,PUEBLO WEST,CO,81007,US,1.0,1.0,2014-05-14 09:26:46.000,"8: $100,000 - $124,999","7: $250,000 - $499,999",3: Some College,Female,1952.0,2: No Children Present,1,,
50373197,Springvale,ME,04083-0505,US,1.0,0.0,2012-10-23 10:09:53.000,"1: $0-$14,999","5: $100,000 - $149,999",3: Some College,Female,1944.0,2: No Children Present,1,,
50085429,Fairmont,WV,26554,US,1.0,0.0,2012-02-11 13:07:13.000,"6: $50,000 - $74,999","7: $250,000 - $499,999",,Male,1949.0,2: No Children Present,1,,
50740921,San Diego,CA,92107-3410,US,1.0,1.0,2014-01-17 15:26:12.000,"6: $50,000 - $74,999","8: $500,000 - $749,999",4: College,Male,1945.0,2: No Children Present,0,,
50192609,Richfield,MN,55423,US,1.0,0.0,2012-04-29 21:10:43.000,"6: $50,000 - $74,999","6: $150,000 - $249,999",3: Some College,Male,1960.0,2: No Children Present,1,,
50586359,Reno,NV,89512-3124,US,1.0,0.0,2013-06-24 14:06:03.000,"6: $50,000 - $74,999","6: $150,000 - $249,999",2: High School,Female,1951.0,1: Yes Children Present,0,,
50586114,Northfield,MA,01360-9673,US,1.0,0.0,2013-06-24 12:24:27.000,"6: $50,000 - $74,999","7: $250,000 - $499,999",3: Some College,Female,1959.0,1: Yes Children Present,1,,
50428223,Ridgefield,CT,06877-3027,US,1.0,1.0,2013-01-16 16:50:10.000,,"1: Less Than $25,000",,,,2: No Children Present,1,,
50003888,Miami,FL,33126,US,1.0,0.0,2012-01-05 11:12:42.000,,"1: Less Than $25,000",,,,2: No Children Present,1,,
50610311,Cardiff by the Sea,CA,92007-2411,US,1.0,1.0,2013-07-22 21:21:39.000,"6: $50,000 - $74,999","8: $500,000 - $749,999",4: College,Female,1945.0,2: No Children Present,0,,
50268033,NORTHVALE,NJ,07647,US,1.0,1.0,2012-06-26 08:32:02.000,"6: $50,000 - $74,999","9: $750,000 - $999,999",4: College,Male,1944.0,2: No Children Present,1,,
50220929,Brooklyn,NY,11224-1999,US,1.0,1.0,2012-05-25 16:50:35.000,,"1: Less Than $25,000",,,,2: No Children Present,1,,
50655123,Watha,NC,28478,US,1.0,1.0,2013-10-07 19:25:39.000,,"1: Less Than $25,000",2: High School,,,1: Yes Children Present,0,,
50658214,Pitman,NJ,08071-1725,US,1.0,0.0,2013-10-12 14:08:50.000,"7: $75,000 - $99,999","9: $750,000 - $999,999",3: Some College,Male,1930.0,1: Yes Children Present,0,,
50246923,UNION,NJ,07083,US,1.0,0.0,2012-06-13 08:31:17.000,"10: $150,000 - $174,999","8: $500,000 - $749,999",3: Some College,Male,1976.0,2: No Children Present,0,,
50492445,Woodbridge,VA,22193-2523,US,1.0,1.0,2013-02-18 15:24:10.000,"4: $30,000 - $39,999","5: $100,000 - $149,999",2: High School,Female,1950.0,2: No Children Present,1,,
50685565,Halifax,MA,02338-2255,US,1.0,1.0,2013-11-19 12:00:30.000,"4: $30,000 - $39,999","7: $250,000 - $499,999",2: High School,Female,1936.0,2: No Children Present,1,,
50483719,Indialantic,FL,32903-4242,US,1.0,0.0,2013-02-13 16:19:52.000,"4: $30,000 - $39,999","7: $250,000 - $499,999",4: College,Female,1933.0,2: No Children Present,1,,
50641129,Ramona,CA,92065,US,1.0,1.0,2013-09-09 22:05:57.000,,"1: Less Than $25,000",,,,2: No Children Present,1,,
50322678,Gulf Breeze,FL,32563-3038,US,1.0,0.0,2012-08-09 17:18:42.000,"7: $75,000 - $99,999","8: $500,000 - $749,999",4: College,Female,1940.0,2: No Children Present,1,,
50223024,Altoona,WI,54720-1849,US,1.0,0.0,2012-05-28 13:33:26.000,"7: $75,000 - $99,999","9: $750,000 - $999,999",4: College,Male,1945.0,2: No Children Present,1,,
50620979,Brecksville,OH,44141,US,1.0,0.0,2013-08-03 14:43:14.000,"7: $75,000 - $99,999","7: $250,000 - $499,999",4: College,Male,1946.0,2: No Children Present,1,,
50584242,Barnhart,MO,63012,US,1.0,1.0,2013-06-22 11:28:38.000,"4: $30,000 - $39,999","4: $75,000 - $99,999",2: High School,Female,1954.0,2: No Children Present,0,,
50813156,Beckley,WV,25801,US,1.0,1.0,2014-03-10 09:15:54.000,"9: $125,000 - $149,999","10: $100,000,000+",3: Some College,Female,1956.0,2: No Children Present,1,,
50555015,Centennial,CO,80122-3215,US,1.0,0.0,2013-05-31 13:41:27.000,"11: $175,000 - $199,999","9: $750,000 - $999,999",4: College,Female,1957.0,2: No Children Present,1,,
50885665,Silver Spring,MD,20905-7430,US,1.0,1.0,2014-05-14 14:57:27.000,"7: $75,000 - $99,999","10: $100,000,000+",4: College,Female,1933.0,2: No Children Present,1,,
50353485,New York,NY,10033,US,1.0,1.0,2012-09-19 20:00:21.000,"7: $75,000 - $99,999","6: $150,000 - $249,999",4: College,Male,1968.0,2: No Children Present,0,,
50475761,Huntsville,TX,77340-8932,US,1.0,0.0,2013-02-08 19:58:45.000,"7: $75,000 - $99,999","8: $500,000 - $749,999",4: College,Male,1942.0,1: Yes Children Present,0,,
50065098,Philadelphia,PA,19146,US,1.0,0.0,2012-02-01 17:18:04.000,"8: $100,000 - $124,999","8: $500,000 - $749,999",5: Graduate School,Male,1938.0,2: No Children Present,0,,
50660959,Minneapolis,MN,55420-1334,US,0.0,0.0,2013-10-17 16:36:02.000,,"1: Less Than $25,000",,,,2: No Children Present,1,,
50195656,Las Vegas,NV,89134-0368,US,1.0,0.0,2012-05-02 13:28:23.000,"10: $150,000 - $174,999","9: $750,000 - $999,999",4: College,Female,1950.0,2: No Children Present,0,,
50756120,Beaumont,TX,77713-3930,US,1.0,0.0,2014-01-26 07:09:29.000,"7: $75,000 - $99,999","7: $250,000 - $499,999",2: High School,Male,1949.0,1: Yes Children Present,1,,
50537110,Red Lion,PA,17356,US,1.0,0.0,2013-04-22 13:11:27.000,"6: $50,000 - $74,999","1: Less Than $25,000",2: High School,Female,1981.0,1: Yes Children Present,1,,
50049014,Webster,TX,77598,US,1.0,1.0,2012-01-26 16:40:58.000,"3: $20,000 - $29,999","6: $150,000 - $249,999",4: College,Male,1949.0,2: No Children Present,1,,
50852617,Dalton,GA,30721-2393,US,1.0,0.0,2014-04-09 12:20:59.000,"7: $75,000 - $99,999","4: $75,000 - $99,999",3: Some College,Male,1962.0,1: Yes Children Present,1,,
50820558,Langhorne,PA,19047-1933,US,1.0,0.0,2014-03-15 11:06:35.000,"6: $50,000 - $74,999","7: $250,000 - $499,999",4: College,Male,1965.0,1: Yes Children Present,1,,
50149056,SAN FRANCISCO,CA,94102,US,1.0,1.0,2012-03-31 08:30:51.000,"1: $0-$14,999","3: $50,000 - $74,999",3: Some College,Female,1941.0,2: No Children Present,1,,
50211665,Bradenton,FL,34212-2909,US,1.0,0.0,2012-05-17 08:31:14.000,"8: $100,000 - $124,999","10: $100,000,000+",4: College,Male,1935.0,2: No Children Present,0,,
50392690,Manhasset,NY,11030-2011,US,1.0,1.0,2012-12-02 10:50:58.000,"12: $200,000 - $249,000","10: $100,000,000+",4: College,Female,1960.0,1: Yes Children Present,1,,
50511109,Union City,CA,94587-4720,US,1.0,1.0,2013-03-17 16:30:53.000,"11: $175,000 - $199,999","9: $750,000 - $999,999",3: Some College,Male,1967.0,1: Yes Children Present,1,,
50797791,Homewood,AL,35209,US,1.0,1.0,2014-02-19 11:46:35.000,"10: $150,000 - $174,999","10: $100,000,000+",4: College,Male,1954.0,1: Yes Children Present,0,,
50353931,Chattanooga,TN,37415-1271,US,1.0,1.0,2012-09-20 11:55:24.000,"10: $150,000 - $174,999","9: $750,000 - $999,999",3: Some College,Male,1958.0,2: No Children Present,1,,
50739393,Landisville,PA,17538-1213,US,0.0,0.0,2014-01-16 13:27:46.000,,"1: Less Than $25,000",,,,2: No Children Present,1,,
50007704,Highland Lakes,NJ,07422-1009,US,1.0,0.0,2012-01-07 11:37:15.000,"7: $75,000 - $99,999","6: $150,000 - $249,999",3: Some College,Male,1961.0,1: Yes Children Present,0,,
50373235,Albuquerque,NM,87110,US,1.0,0.0,2012-10-23 11:40:30.000,"6: $50,000 - $74,999","3: $50,000 - $74,999",4: College,Female,1959.0,2: No Children Present,1,,
50905578,Wyoming,MI,49519,US,1.0,1.0,2014-05-30 20:05:38.000,"6: $50,000 - $74,999","4: $75,000 - $99,999",3: Some College,Male,1971.0,2: No Children Present,1,,
50166362,Little Rock,AR,72217,US,1.0,0.0,2012-04-12 14:17:22.000,,"1: Less Than $25,000",4: College,,,2: No Children Present,1,,
50592756,Orwigsburg,PA,17961,US,1.0,1.0,2013-06-27 17:43:37.000,"9: $125,000 - $149,999","8: $500,000 - $749,999",3: Some College,Female,1945.0,2: No Children Present,1,,
50547651,Killeen,TX,76541-5607,US,1.0,1.0,2013-05-14 13:54:51.000,"2: $15,000 - $19,999","1: Less Than $25,000",2: High School,Female,1955.0,1: Yes Children Present,1,,
50122422,GREENVILLE,TX,75402,US,1.0,1.0,2012-03-07 12:29:39.000,"10: $150,000 - $174,999","9: $750,000 - $999,999",4: College,Female,1955.0,1: Yes Children Present,1,,
50675016,Louisville,KY,40207,US,1.0,0.0,2013-11-06 12:25:37.000,"8: $100,000 - $124,999","7: $250,000 - $499,999",4: College,Female,1955.0,2: No Children Present,1,,
50404615,Cary,NC,27519,US,1.0,1.0,2012-12-18 14:41:23.000,"11: $175,000 - $199,999","9: $750,000 - $999,999",4: College,Female,1975.0,1: Yes Children Present,1,,
50798144,White Plains,NY,10605-2111,US,1.0,1.0,2014-02-19 17:15:04.000,"10: $150,000 - $174,999","8: $500,000 - $749,999",2: High School,Male,1941.0,2: No Children Present,0,,
50552607,Oxnard,CA,93035-1004,US,1.0,1.0,2013-05-26 08:44:35.000,"6: $50,000 - $74,999","7: $250,000 - $499,999",4: College,Male,1941.0,2: No Children Present,0,,
50839580,Las Cruces,NM,88012,US,1.0,0.0,2014-03-30 14:07:23.000,"8: $100,000 - $124,999","7: $250,000 - $499,999",4: College,Male,1968.0,2: No Children Present,1,,
50592047,Tooele,UT,84074-2510,US,1.0,1.0,2013-06-27 14:34:29.000,"5: $40,000 - $49,999","6: $150,000 - $249,999",3: Some College,Male,1940.0,2: No Children Present,1,,
50396250,Poughkeepsie,NY,12601-6232,US,1.0,0.0,2012-12-07 14:47:23.000,"3: $20,000 - $29,999","1: Less Than $25,000",4: College,Female,1960.0,2: No Children Present,1,,
50474085,Rohnert Park,CA,94928-2828,US,1.0,0.0,2013-02-07 20:10:38.000,"7: $75,000 - $99,999","6: $150,000 - $249,999",3: Some College,Male,1952.0,2: No Children Present,1,,
50544064,Tavares,FL,32778,US,1.0,0.0,2013-05-06 22:21:06.000,"13: $250,000+","10: $100,000,000+",3: Some College,Female,1963.0,1: Yes Children Present,0,,
50820719,Deltona,FL,32725-3602,US,1.0,0.0,2014-03-15 12:58:33.000,"1: $0-$14,999","5: $100,000 - $149,999",2: High School,Female,1923.0,2: No Children Present,1,,
50066959,Chesterfield,MO,63017-4908,US,1.0,0.0,2012-02-02 16:05:49.000,"7: $75,000 - $99,999","7: $250,000 - $499,999",4: College,Female,1936.0,2: No Children Present,0,,
50407350,Santa Monica,CA,90404,US,1.0,1.0,2012-12-22 20:41:04.000,"4: $30,000 - $39,999","1: Less Than $25,000",4: College,Female,1960.0,2: No Children Present,1,,
50031400,Aurora,IL,60506-4455,US,1.0,0.0,2012-01-22 14:45:37.000,"12: $200,000 - $249,000","10: $100,000,000+",4: College,Female,1960.0,2: No Children Present,1,,
50002393,Sacramento,CA,95816-5309,US,1.0,0.0,2012-01-04 10:49:07.000,"7: $75,000 - $99,999","9: $750,000 - $999,999",4: College,Male,1941.0,2: No Children Present,0,,
50443567,Kalispell,MT,59901,US,1.0,0.0,2013-01-24 20:50:59.000,"12: $200,000 - $249,000","10: $100,000,000+",3: Some College,Female,1965.0,1: Yes Children Present,1,,
50711715,Hockessin,DE,19707-1143,US,1.0,1.0,2013-12-16 22:29:25.000,"8: $100,000 - $124,999","5: $100,000 - $149,999",4: College,Female,,1: Yes Children Present,0,,
50257838,Kingsburg,CA,93631,US,1.0,0.0,2012-06-19 19:10:21.000,"11: $175,000 - $199,999","9: $750,000 - $999,999",4: College,Female,1963.0,1: Yes Children Present,1,,
50272718,Waterford,VA,20197-0007,US,1.0,1.0,2012-06-28 16:30:56.000,"8: $100,000 - $124,999","9: $750,000 - $999,999",4: College,Male,1939.0,2: No Children Present,0,,
50015863,Farmington,CT,06032-2405,US,1.0,1.0,2012-01-12 14:09:29.000,"4: $30,000 - $39,999","9: $750,000 - $999,999",4: College,Male,1926.0,2: No Children Present,1,,
50052853,Casper,WY,82604,US,1.0,1.0,2012-01-27 13:16:44.000,"11: $175,000 - $199,999","9: $750,000 - $999,999",4: College,Female,1960.0,2: No Children Present,1,,
50871015,Apple Valley,CA,92307,US,1.0,1.0,2014-04-29 20:46:37.000,"9: $125,000 - $149,999","9: $750,000 - $999,999",3: Some College,Female,1943.0,2: No Children Present,1,,
50237710,Pacifica,CA,94044-3850,US,1.0,0.0,2012-06-07 13:29:38.000,"6: $50,000 - $74,999","7: $250,000 - $499,999",4: College,Female,1943.0,2: No Children Present,0,,
50016403,Bethesda,MD,20814-1863,US,1.0,0.0,2012-01-12 16:48:51.000,"8: $100,000 - $124,999","7: $250,000 - $499,999",5: Graduate School,Male,1965.0,2: No Children Present,0,,
50414370,Chicago,IL,60643,US,1.0,1.0,2013-01-06 15:10:59.000,,"1: Less Than $25,000",,,,2: No Children Present,1,,
50414525,Allen,TX,75002,US,1.0,0.0,2013-01-06 20:20:27.000,"6: $50,000 - $74,999","9: $750,000 - $999,999",3: Some College,Male,1947.0,1: Yes Children Present,1,,
50676145,Oklahoma City,OK,73107,US,1.0,1.0,2013-11-07 15:27:29.000,"6: $50,000 - $74,999","6: $150,000 - $249,999",4: College,Male,1958.0,2: No Children Present,1,,
50467860,Honolulu,HI,96817-2532,US,1.0,0.0,2013-02-04 18:48:07.000,"8: $100,000 - $124,999","9: $750,000 - $999,999",4: College,Female,1941.0,2: No Children Present,0,,
50013338,Winston Salem,NC,27106,US,1.0,0.0,2012-01-10 19:40:34.000,"9: $125,000 - $149,999","10: $100,000,000+",4: College,Male,1952.0,2: No Children Present,1,,
50777480,Tucson,AZ,85743-8800,US,1.0,1.0,2014-02-05 20:46:42.000,"4: $30,000 - $39,999","1: Less Than $25,000",3: Some College,Female,1963.0,1: Yes Children Present,1,,
50517633,San Francisco,CA,94129,US,1.0,1.0,2013-03-24 20:26:15.000,"8: $100,000 - $124,999","6: $150,000 - $249,999",4: College,Male,1972.0,1: Yes Children Present,0,,
50814747,Newport Beach,CA,92660-5621,US,1.0,0.0,2014-03-11 14:40:51.000,"9: $125,000 - $149,999","10: $100,000,000+",4: College,Female,1925.0,2: No Children Present,0,,
50762332,Fair Haven,NJ,07704,US,1.0,0.0,2014-01-28 20:46:32.000,"11: $175,000 - $199,999","9: $750,000 - $999,999",4: College,Male,1971.0,1: Yes Children Present,1,,
50418385,San Diego,CA,92111,US,1.0,1.0,2013-01-09 17:00:38.000,,"1: Less Than $25,000",,,,2: No Children Present,1,,
50454659,Montclair,NJ,07042,US,1.0,0.0,2013-01-29 22:20:13.000,"9: $125,000 - $149,999","7: $250,000 - $499,999",5: Graduate School,Female,1977.0,2: No Children Present,1,,
50229114,Mechanicsburg,PA,17050,US,1.0,1.0,2012-06-03 01:50:11.000,"6: $50,000 - $74,999","6: $150,000 - $249,999",4: College,Male,1962.0,1: Yes Children Present,0,,
50047015,Hartsburg,MO,65039,US,1.0,1.0,2012-01-26 12:02:58.000,"6: $50,000 - $74,999","6: $150,000 - $249,999",3: Some College,Male,1964.0,1: Yes Children Present,0,,
50005397,Palm Coast,FL,32137,US,1.0,0.0,2012-01-05 20:47:30.000,"8: $100,000 - $124,999","4: $75,000 - $99,999",3: Some College,Male,1979.0,1: Yes Children Present,0,,
50137492,Chandler,AZ,85248,US,1.0,0.0,2012-03-23 10:22:25.000,"8: $100,000 - $124,999","8: $500,000 - $749,999",4: College,Female,1943.0,2: No Children Present,1,,
50150384,CLINTON,MD,20735,US,1.0,1.0,2012-04-01 08:31:38.000,"8: $100,000 - $124,999","6: $150,000 - $249,999",3: Some College,Male,1941.0,2: No Children Present,1,,
50201419,Whitehouse,OH,43571-9146,US,1.0,0.0,2012-05-07 11:25:51.000,"12: $200,000 - $249,000","9: $750,000 - $999,999",3: Some College,Male,1972.0,1: Yes Children Present,1,,
50245732,Culver City,CA,90232,US,1.0,0.0,2012-06-12 12:40:21.000,"11: $175,000 - $199,999","8: $500,000 - $749,999",4: College,Male,1980.0,1: Yes Children Present,1,,
50548880,Denver,CO,80231-6630,US,1.0,0.0,2013-05-17 10:10:24.000,"3: $20,000 - $29,999","5: $100,000 - $149,999",4: College,Female,1945.0,1: Yes Children Present,1,,
50566215,Cathedral City,CA,92234-7436,US,1.0,0.0,2013-06-07 22:49:08.000,"6: $50,000 - $74,999","7: $250,000 - $499,999",3: Some College,Female,1942.0,2: No Children Present,0,,
50328814,Memphis,TN,38117,US,1.0,1.0,2012-08-17 09:51:08.000,"8: $100,000 - $124,999","8: $500,000 - $749,999",4: College,Female,1948.0,2: No Children Present,1,,
50585386,Wauseon,OH,43567,US,1.0,1.0,2013-06-23 18:11:04.000,,"1: Less Than $25,000",3: Some College,,,2: No Children Present,1,,
50586698,avon,IN,46123,US,1.0,0.0,2013-06-24 16:31:45.000,"8: $100,000 - $124,999","9: $750,000 - $999,999",3: Some College,Male,1947.0,2: No Children Present,0,,
50633920,Wichita,KS,67208,US,1.0,0.0,2013-08-26 22:56:46.000,,"1: Less Than $25,000",,,,2: No Children Present,1,,
50257273,Harleysville,PA,19438-2312,US,1.0,0.0,2012-06-19 15:01:28.000,"10: $150,000 - $174,999","10: $100,000,000+",3: Some College,Female,1953.0,2: No Children Present,1,,
50484911,Saint Paul,MN,55115-1885,US,1.0,0.0,2013-02-14 11:15:04.000,"8: $100,000 - $124,999","8: $500,000 - $749,999",4: College,Male,1951.0,2: No Children Present,1,,
50469093,Oakland,CA,94610-3316,US,1.0,0.0,2013-02-05 12:54:18.000,"7: $75,000 - $99,999","5: $100,000 - $149,999",4: College,Female,1954.0,2: No Children Present,1,,
50037886,Fort Sill,OK,73503-4436,US,1.0,0.0,2012-01-24 13:23:08.000,,"1: Less Than $25,000",,,,2: No Children Present,1,,
50480327,Saint Clair Shores,MI,48081,US,1.0,1.0,2013-02-12 03:40:23.000,"7: $75,000 - $99,999","7: $250,000 - $499,999",3: Some College,Female,1958.0,2: No Children Present,0,,
50114557,Millburn,NJ,07041-1393,US,1.0,1.0,2012-02-29 10:26:34.000,"7: $75,000 - $99,999","7: $250,000 - $499,999",4: College,Male,1943.0,2: No Children Present,1,,
50669652,Cedar Grove,NJ,07009,US,1.0,1.0,2013-10-31 12:16:40.000,"7: $75,000 - $99,999","9: $750,000 - $999,999",4: College,Female,1917.0,2: No Children Present,1,,
50578869,Memphis,TN,38125-4316,US,1.0,0.0,2013-06-17 15:10:26.000,"8: $100,000 - $124,999","8: $500,000 - $749,999",4: College,Male,1941.0,2: No Children Present,1,,
50656847,Cape Coral,FL,33909-2770,US,1.0,1.0,2013-10-10 12:20:41.000,"6: $50,000 - $74,999","6: $150,000 - $249,999",2: High School,Male,1952.0,2: No Children Present,1,,
50927886,San Diego,CA,92119,US,1.0,1.0,2014-06-25 17:53:15.000,"3: $20,000 - $29,999","3: $50,000 - $74,999",4: College,Male,1956.0,2: No Children Present,1,,
50268510,Bethesda,MD,20814-1838,US,1.0,1.0,2012-06-26 13:41:29.000,"10: $150,000 - $174,999","10: $100,000,000+",5: Graduate School,Male,1960.0,1: Yes Children Present,0,,
50130168,San Diego,CA,92124,US,1.0,1.0,2012-03-18 15:47:20.000,"5: $40,000 - $49,999","6: $150,000 - $249,999",4: College,Male,1967.0,1: Yes Children Present,1,,
50205347,Hampton,VA,23661,US,1.0,1.0,2012-05-10 11:10:14.000,,"1: Less Than $25,000",,,,2: No Children Present,1,,
50566168,Eugene,OR,97402-1434,US,1.0,0.0,2013-06-07 22:08:38.000,"1: $0-$14,999","2: $25,000 - $49,999",2: High School,Female,1945.0,2: No Children Present,1,,
50203059,Key West,FL,33040-7131,US,1.0,1.0,2012-05-08 17:30:45.000,"5: $40,000 - $49,999","4: $75,000 - $99,999",4: College,Female,1957.0,2: No Children Present,0,,
50712510,Houston,TX,77056-7402,US,1.0,0.0,2013-12-17 15:49:44.000,,"1: Less Than $25,000",,,,2: No Children Present,0,,
50548739,New York,NY,10128,US,1.0,0.0,2013-05-16 19:50:22.000,,"1: Less Than $25,000",4: College,,,2: No Children Present,0,,
50684920,Boulder,CO,80302-7521,US,1.0,0.0,2013-11-18 12:46:56.000,"6: $50,000 - $74,999","7: $250,000 - $499,999",5: Graduate School,Male,1946.0,2: No Children Present,1,,
50921666,Del Mar,CA,92014-4220,US,1.0,0.0,2014-06-13 11:47:13.000,,"1: Less Than $25,000",,,,2: No Children Present,1,,
50187478,Apple Valley,CA,92308,US,1.0,1.0,2012-04-25 08:32:52.000,"2: $15,000 - $19,999","1: Less Than $25,000",2: High School,,,2: No Children Present,1,,
50654931,San Diego,CA,92131-2289,US,1.0,1.0,2013-10-07 15:11:06.000,"9: $125,000 - $149,999","9: $750,000 - $999,999",5: Graduate School,Female,1947.0,2: No Children Present,1,,
50611280,Scottsdale,AZ,85258-5213,US,1.0,0.0,2013-07-23 16:15:29.000,"8: $100,000 - $124,999","9: $750,000 - $999,999",4: College,Male,1948.0,2: No Children Present,1,,
50343994,Aiken,SC,29803-2721,US,1.0,0.0,2012-09-09 14:40:30.000,,"1: Less Than $25,000",4: College,,,2: No Children Present,0,,
50130704,Palm Coast,FL,32164,US,1.0,1.0,2012-03-19 11:07:49.000,"7: $75,000 - $99,999","6: $150,000 - $249,999",3: Some College,Male,1975.0,1: Yes Children Present,1,,
50328702,Maricopa,AZ,85139,US,1.0,1.0,2012-08-17 00:50:54.000,"9: $125,000 - $149,999","7: $250,000 - $499,999",,Male,1975.0,1: Yes Children Present,1,,
50728614,Dunellen,NJ,08812,US,1.0,1.0,2014-01-08 17:06:14.000,"9: $125,000 - $149,999","8: $500,000 - $749,999",2: High School,Male,1968.0,1: Yes Children Present,1,,
50084483,Birmingham,AL,35214,US,1.0,0.0,2012-02-10 18:52:46.000,"10: $150,000 - $174,999","10: $100,000,000+",3: Some College,Male,1953.0,2: No Children Present,0,,
50276862,Benicia,CA,94510,US,1.0,0.0,2012-07-02 09:30:17.000,"9: $125,000 - $149,999","6: $150,000 - $249,999",4: College,Male,1963.0,1: Yes Children Present,0,,
50159490,Linwood,MI,48634-9723,US,1.0,1.0,2012-04-07 08:57:32.000,"6: $50,000 - $74,999","6: $150,000 - $249,999",2: High School,Male,1951.0,2: No Children Present,1,,
50559939,Shoreline,WA,98155,US,1.0,1.0,2013-06-04 20:10:43.000,"10: $150,000 - $174,999","8: $500,000 - $749,999",4: College,Female,1982.0,2: No Children Present,1,,
50826517,Glendale,CA,91202,US,1.0,1.0,2014-03-19 17:35:47.000,"10: $150,000 - $174,999","8: $500,000 - $749,999",2: High School,Male,1963.0,1: Yes Children Present,1,,
50688856,Peoria,IL,61605-3259,US,1.0,0.0,2013-11-24 15:02:44.000,,"1: Less Than $25,000",2: High School,,,2: No Children Present,1,,
50388182,Hilton Head Island,SC,29928,US,1.0,1.0,2012-11-26 11:15:41.000,"9: $125,000 - $149,999","10: $100,000,000+",4: College,Female,1943.0,2: No Children Present,1,,
50042486,Newport,OR,97365,US,1.0,0.0,2012-01-25 14:27:56.000,,"1: Less Than $25,000",,,,2: No Children Present,1,,
50466589,Brooklyn,NY,11234-6330,US,1.0,0.0,2013-02-04 11:29:25.000,"8: $100,000 - $124,999","8: $500,000 - $749,999",4: College,Male,1976.0,1: Yes Children Present,1,,
50468680,Bay Shore,NY,11706-1553,US,1.0,0.0,2013-02-05 10:35:21.000,"7: $75,000 - $99,999","8: $500,000 - $749,999",2: High School,Male,1943.0,1: Yes Children Present,0,,
50665732,Trenton,MI,48183-3532,US,1.0,1.0,2013-10-26 10:27:05.000,,"1: Less Than $25,000",,,,2: No Children Present,1,,
50564747,Frostproof,FL,33843-9398,US,0.0,1.0,2013-06-07 11:08:27.000,"4: $30,000 - $39,999","2: $25,000 - $49,999",2: High School,Female,1949.0,2: No Children Present,1,,
50416105,Salina,KS,67401-5210,US,1.0,0.0,2013-01-08 12:00:15.000,,"1: Less Than $25,000",,,,2: No Children Present,1,,
50087530,Cocoa,FL,32926,US,1.0,1.0,2012-02-12 19:07:56.000,,"1: Less Than $25,000",2: High School,,,1: Yes Children Present,0,,
50261674,Carriere,MS,39426,US,1.0,1.0,2012-06-21 16:00:42.000,"7: $75,000 - $99,999","6: $150,000 - $249,999",3: Some College,Male,1974.0,1: Yes Children Present,1,,
50707693,Kittery,ME,03904-1142,US,1.0,1.0,2013-12-13 12:15:57.000,"3: $20,000 - $29,999","6: $150,000 - $249,999",2: High School,Female,1940.0,2: No Children Present,0,,
50724948,Normal,IL,61761,US,1.0,1.0,2014-01-05 21:46:26.000,"7: $75,000 - $99,999","10: $100,000,000+",4: College,Male,1947.0,2: No Children Present,0,,
50271834,Yuba City,CA,95993,US,1.0,1.0,2012-06-28 11:20:12.000,"7: $75,000 - $99,999","7: $250,000 - $499,999",3: Some College,Male,1949.0,2: No Children Present,0,,
50705045,North East,PA,16428,US,1.0,1.0,2013-12-10 20:36:32.000,"11: $175,000 - $199,999","9: $750,000 - $999,999",3: Some College,Male,1954.0,2: No Children Present,1,,
50651496,Topeka,KS,66617-1730,US,0.0,0.0,2013-09-29 11:56:30.000,"6: $50,000 - $74,999","7: $250,000 - $499,999",3: Some College,Male,1940.0,2: No Children Present,0,,
50435557,Wilmington,DE,19805-1962,US,1.0,1.0,2013-01-21 14:51:14.000,"5: $40,000 - $49,999","4: $75,000 - $99,999",2: High School,Male,1962.0,2: No Children Present,1,,
50583412,San Rafael,CA,94901,US,1.0,1.0,2013-06-21 13:50:15.000,,"1: Less Than $25,000",,,,2: No Children Present,0,,
50204473,Santa Barbara,CA,93109-1066,US,1.0,0.0,2012-05-09 19:50:12.000,"11: $175,000 - $199,999","10: $100,000,000+",5: Graduate School,Female,1949.0,2: No Children Present,0,,
50101657,Libertyville,IL,60048-2122,US,1.0,0.0,2012-02-17 03:16:56.000,"12: $200,000 - $249,000","9: $750,000 - $999,999",4: College,Male,1962.0,1: Yes Children Present,1,,
50385560,Tampa,FL,33612,US,1.0,0.0,2012-11-21 20:31:03.000,"6: $50,000 - $74,999","2: $25,000 - $49,999",3: Some College,Female,1969.0,1: Yes Children Present,0,,
50520866,Highlands Ranch,CO,80129,US,1.0,0.0,2013-03-29 09:57:41.000,"11: $175,000 - $199,999","9: $750,000 - $999,999",4: College,Female,1953.0,2: No Children Present,1,,
50136510,Quincy,IL,62305,US,1.0,1.0,2012-03-22 15:47:31.000,,"1: Less Than $25,000",,,,2: No Children Present,1,,
50240253,Chino Hills,CA,91709-2010,US,1.0,1.0,2012-06-08 15:06:30.000,"10: $150,000 - $174,999","8: $500,000 - $749,999",3: Some College,Female,1952.0,2: No Children Present,1,,
50268902,McKinleyville,CA,95519-8012,US,1.0,0.0,2012-06-26 17:20:53.000,"7: $75,000 - $99,999","9: $750,000 - $999,999",4: College,Female,1946.0,2: No Children Present,0,,
50921803,Carmel,IN,46033-9793,US,1.0,1.0,2014-06-13 14:44:16.000,"4: $30,000 - $39,999","9: $750,000 - $999,999",4: College,Male,1938.0,2: No Children Present,1,,
50555985,Chicago,IL,60654,US,1.0,0.0,2013-06-02 11:31:35.000,"10: $150,000 - $174,999","9: $750,000 - $999,999",5: Graduate School,Male,1958.0,2: No Children Present,0,,
50230143,WELLSBORO,PA,16901,US,1.0,0.0,2012-06-04 08:31:13.000,"7: $75,000 - $99,999","6: $150,000 - $249,999",2: High School,Male,1962.0,1: Yes Children Present,1,,
50190349,Keizer,OR,97303,US,1.0,1.0,2012-04-27 15:01:42.000,"6: $50,000 - $74,999","7: $250,000 - $499,999",4: College,Male,,1: Yes Children Present,0,,
50594941,San Francisco,CA,94129,US,1.0,0.0,2013-06-28 22:02:22.000,,"1: Less Than $25,000",4: College,,,2: No Children Present,1,,
50068247,Greensboro,NC,27455,US,0.0,0.0,2012-02-03 12:47:55.000,"9: $125,000 - $149,999","10: $100,000,000+",4: College,Female,1940.0,2: No Children Present,1,,
50742440,Tracy,CA,95376,US,1.0,1.0,2014-01-18 22:09:42.000,"10: $150,000 - $174,999","8: $500,000 - $749,999",3: Some College,Male,1972.0,2: No Children Present,1,,
50365279,Staten Island,NY,10314-6367,US,1.0,1.0,2012-10-04 15:59:39.000,"6: $50,000 - $74,999","5: $100,000 - $149,999",3: Some College,Male,1949.0,1: Yes Children Present,0,,
50040385,Portland,OR,97229,US,1.0,1.0,2012-01-25 00:56:01.000,"8: $100,000 - $124,999","7: $250,000 - $499,999",2: High School,Male,1985.0,1: Yes Children Present,0,,
50601937,Hayward,CA,94541-1708,US,1.0,0.0,2013-07-09 15:21:24.000,"6: $50,000 - $74,999","7: $250,000 - $499,999",2: High School,Female,1957.0,2: No Children Present,1,,
50323422,Tucson,AZ,85718,US,1.0,1.0,2012-08-10 02:00:35.000,"10: $150,000 - $174,999","9: $750,000 - $999,999",4: College,Female,1967.0,1: Yes Children Present,1,,
50419096,Oakland,CA,94610-1404,US,1.0,1.0,2013-01-10 10:05:56.000,"6: $50,000 - $74,999","3: $50,000 - $74,999",4: College,Female,1958.0,2: No Children Present,1,,
50291415,Albuquerque,NM,87111-4840,US,1.0,0.0,2012-07-13 16:24:11.000,"8: $100,000 - $124,999","9: $750,000 - $999,999",3: Some College,Male,1948.0,2: No Children Present,0,,
50012634,San Diego,CA,92131,US,1.0,0.0,2012-01-10 14:41:45.000,"8: $100,000 - $124,999","8: $500,000 - $749,999",4: College,Female,1943.0,2: No Children Present,1,,
50459227,Silver Spring,MD,20902,US,1.0,1.0,2013-01-31 14:05:30.000,"8: $100,000 - $124,999","10: $100,000,000+",4: College,Male,1938.0,2: No Children Present,1,,
50136338,Richmond,CA,94804,US,1.0,0.0,2012-03-22 14:27:22.000,,"1: Less Than $25,000",4: College,,,2: No Children Present,1,,
50585212,Eureka,CA,95503-6835,US,1.0,0.0,2013-06-23 14:41:42.000,,"1: Less Than $25,000",2: High School,,,1: Yes Children Present,1,,
50755875,Jacksonville,FL,32223,US,1.0,1.0,2014-01-25 19:46:21.000,"10: $150,000 - $174,999","10: $100,000,000+",4: College,Male,1947.0,2: No Children Present,0,,
50010405,Saint Augustine,FL,32084-3551,US,1.0,0.0,2012-01-09 11:40:34.000,"3: $20,000 - $29,999","6: $150,000 - $249,999",3: Some College,Male,1934.0,2: No Children Present,1,,
50180945,Holbrook,MA,02343,US,1.0,1.0,2012-04-19 22:41:01.000,"6: $50,000 - $74,999","6: $150,000 - $249,999",2: High School,Female,1962.0,1: Yes Children Present,1,,
50785392,Robinson,TX,76706,US,1.0,1.0,2014-02-11 10:15:56.000,"11: $175,000 - $199,999","8: $500,000 - $749,999",3: Some College,Female,1963.0,1: Yes Children Present,1,,
50497634,Mesa,AZ,85204,US,1.0,1.0,2013-02-24 22:40:34.000,"7: $75,000 - $99,999","4: $75,000 - $99,999",4: College,Male,1982.0,1: Yes Children Present,1,,
50413365,Saint Louis,MO,63131,US,1.0,0.0,2013-01-03 22:30:47.000,"13: $250,000+","10: $100,000,000+",4: College,Female,1967.0,1: Yes Children Present,0,,
50203686,Flushing,NY,11367-2111,US,1.0,1.0,2012-05-09 08:33:13.000,"6: $50,000 - $74,999","1: Less Than $25,000",2: High School,Male,1972.0,1: Yes Children Present,0,,
50527313,Indianapolis,IN,46229,US,1.0,0.0,2013-04-08 10:40:59.000,"7: $75,000 - $99,999","7: $250,000 - $499,999",4: College,Female,1958.0,2: No Children Present,1,,
50574772,Ridgefield,NJ,07657-1317,US,1.0,1.0,2013-06-13 14:19:34.000,"10: $150,000 - $174,999","10: $100,000,000+",3: Some College,Male,1936.0,2: No Children Present,1,,
50075197,Hermitage,TN,37076-4337,US,0.0,0.0,2012-02-07 11:37:04.000,"10: $150,000 - $174,999","10: $100,000,000+",3: Some College,Male,1942.0,2: No Children Present,0,,
50148266,Prior Lake,MN,55379-2474,US,1.0,0.0,2012-03-30 14:00:16.000,,"1: Less Than $25,000",3: Some College,,,2: No Children Present,1,,
50841701,La Mesa,CA,91942-8805,US,1.0,1.0,2014-03-31 21:57:48.000,"7: $75,000 - $99,999","7: $250,000 - $499,999",3: Some College,Female,1955.0,2: No Children Present,0,,
50268998,Chatham,MI,49816,US,1.0,0.0,2012-06-26 18:30:54.000,"8: $100,000 - $124,999","9: $750,000 - $999,999",3: Some College,Male,1950.0,2: No Children Present,0,,
50642567,Camarillo,CA,93010,US,1.0,1.0,2013-09-12 13:26:52.000,"12: $200,000 - $249,000","10: $100,000,000+",4: College,Female,1960.0,1: Yes Children Present,0,,
50361300,Lexington,NC,27292,US,1.0,1.0,2012-09-27 20:10:17.000,"7: $75,000 - $99,999","7: $250,000 - $499,999",2: High School,Female,1963.0,1: Yes Children Present,1,,
50778883,Northport,AL,35473,US,1.0,1.0,2014-02-06 17:56:30.000,"10: $150,000 - $174,999","9: $750,000 - $999,999",3: Some College,Female,1961.0,2: No Children Present,1,,
50000785,Stayton,OR,97383,US,0.0,0.0,2012-01-03 18:21:59.000,,"1: Less Than $25,000",2: High School,,,2: No Children Present,1,,
50655549,Anderson,SC,29621-3910,US,1.0,1.0,2013-10-08 12:55:45.000,"12: $200,000 - $249,000","10: $100,000,000+",3: Some College,Male,1949.0,2: No Children Present,1,,
50739035,Suffield,CT,06078-1398,US,1.0,0.0,2014-01-16 10:15:47.000,"10: $150,000 - $174,999","9: $750,000 - $999,999",4: College,Female,1949.0,2: No Children Present,0,,
50568827,San Juan,PR,00907,US,1.0,1.0,2013-06-10 07:30:42.000,,"1: Less Than $25,000",,,,2: No Children Present,1,,
50210519,UNION,NJ,07083,US,1.0,1.0,2012-05-15 21:50:13.000,"6: $50,000 - $74,999","1: Less Than $25,000",3: Some College,Male,1971.0,2: No Children Present,1,,
50510773,Madison,WI,53711,US,1.0,1.0,2013-03-16 22:33:17.000,,"1: Less Than $25,000",,,,2: No Children Present,1,,
50543844,Missoula,MT,59808,US,1.0,1.0,2013-05-06 14:30:08.000,"3: $20,000 - $29,999","1: Less Than $25,000",2: High School,Female,1974.0,1: Yes Children Present,1,,
50557521,Salem,VA,24153-2664,US,1.0,0.0,2013-06-03 17:42:03.000,"7: $75,000 - $99,999","7: $250,000 - $499,999",4: College,Male,1972.0,1: Yes Children Present,1,,
50007530,Waynesville,NC,28786-6176,US,1.0,0.0,2012-01-07 09:57:36.000,"4: $30,000 - $39,999","7: $250,000 - $499,999",3: Some College,Male,1935.0,2: No Children Present,1,,
50712169,Manchester,TN,37355-5315,US,1.0,0.0,2013-12-17 11:45:21.000,"8: $100,000 - $124,999","8: $500,000 - $749,999",2: High School,Male,1952.0,2: No Children Present,1,,
50263256,Santa Fe,NM,87508-8729,US,1.0,0.0,2012-06-22 13:59:18.000,"8: $100,000 - $124,999","9: $750,000 - $999,999",4: College,Female,1943.0,2: No Children Present,1,,
50499691,Glendale,AZ,85301,US,1.0,1.0,2013-02-27 11:21:22.000,"5: $40,000 - $49,999","1: Less Than $25,000",2: High School,Male,,2: No Children Present,0,,
50141312,Pasadena,CA,91101,US,1.0,0.0,2012-03-26 02:07:59.000,"7: $75,000 - $99,999","6: $150,000 - $249,999",4: College,Male,1969.0,2: No Children Present,1,,
50221430,CRESCENT,OK,73028,US,1.0,1.0,2012-05-26 08:32:37.000,"3: $20,000 - $29,999","1: Less Than $25,000",2: High School,Male,,2: No Children Present,1,,
50350287,Woodbury,CT,06798-3034,US,1.0,0.0,2012-09-16 11:32:26.000,"8: $100,000 - $124,999","8: $500,000 - $749,999",3: Some College,Male,1958.0,2: No Children Present,1,,
50268170,Bridgewater,NJ,08807,US,1.0,0.0,2012-06-26 10:00:50.000,"12: $200,000 - $249,000","10: $100,000,000+",4: College,Female,1963.0,1: Yes Children Present,1,,
50875614,Hallandale Beach,FL,33009-5849,US,1.0,0.0,2014-05-05 08:34:59.000,"3: $20,000 - $29,999","6: $150,000 - $249,999",3: Some College,Male,1945.0,2: No Children Present,1,,
50790046,Dunnellon,FL,34431-7020,US,0.0,0.0,2014-02-13 10:46:22.000,"1: $0-$14,999","2: $25,000 - $49,999",2: High School,Female,1940.0,2: No Children Present,0,,
50281991,Morgan,UT,84050-9514,US,1.0,0.0,2012-07-07 00:50:18.000,,"1: Less Than $25,000",3: Some College,,,2: No Children Present,0,,
50366992,Palos Hills,IL,60465-2220,US,1.0,0.0,2012-10-08 15:18:31.000,"10: $150,000 - $174,999","8: $500,000 - $749,999",2: High School,Male,1945.0,1: Yes Children Present,1,,
50022817,Bon Wier,TX,75928-2406,US,1.0,0.0,2012-01-17 16:56:26.000,"3: $20,000 - $29,999","4: $75,000 - $99,999",2: High School,Male,1953.0,1: Yes Children Present,0,,
50913168,Chapel Hill,NC,27517,US,1.0,1.0,2014-06-05 11:42:09.000,"10: $150,000 - $174,999","7: $250,000 - $499,999",4: College,,,2: No Children Present,1,,
50350205,Edmonds,WA,98026,US,1.0,1.0,2012-09-16 02:00:40.000,"11: $175,000 - $199,999","9: $750,000 - $999,999",4: College,Male,1952.0,2: No Children Present,0,,
50737024,Seattle,WA,98117,US,1.0,1.0,2014-01-14 15:16:41.000,"10: $150,000 - $174,999","9: $750,000 - $999,999",4: College,Female,1965.0,1: Yes Children Present,0,,
50016189,Osceola,IA,50213-1719,US,1.0,0.0,2012-01-12 15:42:59.000,"4: $30,000 - $39,999","6: $150,000 - $249,999",2: High School,Male,1945.0,1: Yes Children Present,1,,
50814744,Calais,ME,04619,US,1.0,1.0,2014-03-11 14:36:05.000,"6: $50,000 - $74,999","7: $250,000 - $499,999",2: High School,Male,1942.0,2: No Children Present,1,,
50141883,Stone Mountain,GA,30087-1506,US,1.0,1.0,2012-03-26 12:18:15.000,"8: $100,000 - $124,999","8: $500,000 - $749,999",4: College,Male,1942.0,2: No Children Present,0,,
50510696,Garland,TX,75043,US,1.0,1.0,2013-03-16 19:16:03.000,,"1: Less Than $25,000",,,,2: No Children Present,1,,
50548979,Oak Park,IL,60302,US,1.0,0.0,2013-05-17 13:10:40.000,"10: $150,000 - $174,999","9: $750,000 - $999,999",5: Graduate School,Male,1969.0,1: Yes Children Present,1,,
50441099,San Anselmo,CA,94960-2160,US,1.0,0.0,2013-01-23 20:53:13.000,"12: $200,000 - $249,000","10: $100,000,000+",4: College,Male,1952.0,2: No Children Present,0,,
50427361,Corbin,KY,40701-8952,US,1.0,0.0,2013-01-16 06:21:26.000,"7: $75,000 - $99,999","8: $500,000 - $749,999",2: High School,Male,1951.0,2: No Children Present,1,,
50772439,Spokane,WA,99201,US,1.0,1.0,2014-02-02 16:17:07.000,,"1: Less Than $25,000",,,,2: No Children Present,0,,
50787405,Toledo,OH,43614-5467,US,1.0,1.0,2014-02-12 10:18:56.000,"5: $40,000 - $49,999","1: Less Than $25,000",3: Some College,Male,,2: No Children Present,1,,
50190270,Boise,ID,83706,US,1.0,1.0,2012-04-27 14:00:32.000,"6: $50,000 - $74,999","8: $500,000 - $749,999",4: College,Male,1947.0,2: No Children Present,0,,
50349797,Littleton,MA,01460,US,1.0,0.0,2012-09-15 12:30:46.000,"12: $200,000 - $249,000","9: $750,000 - $999,999",3: Some College,Male,1967.0,1: Yes Children Present,1,,
50083783,Egg Harbor Township,NJ,08234-5706,US,1.0,0.0,2012-02-10 14:45:04.000,"6: $50,000 - $74,999","8: $500,000 - $749,999",2: High School,Female,1943.0,2: No Children Present,1,,
50643900,Lafayette,LA,70506,US,1.0,1.0,2013-09-15 12:06:31.000,"6: $50,000 - $74,999","7: $250,000 - $499,999",2: High School,Female,1966.0,2: No Children Present,0,,
50321171,Ashland,OR,97520-3613,US,1.0,1.0,2012-08-08 19:20:56.000,,"1: Less Than $25,000",,,,2: No Children Present,0,,
50799189,Denver,PA,17517,US,1.0,1.0,2014-02-20 18:56:39.000,"12: $200,000 - $249,000","10: $100,000,000+",2: High School,Male,1964.0,1: Yes Children Present,1,,
50907884,Harker Heights,TX,76548,US,1.0,1.0,2014-06-02 13:35:59.000,"11: $175,000 - $199,999","9: $750,000 - $999,999",2: High School,Male,1970.0,1: Yes Children Present,1,,
50577000,Orlando,FL,32812,US,1.0,0.0,2013-06-15 14:46:25.000,"6: $50,000 - $74,999","6: $150,000 - $249,999",3: Some College,Male,1964.0,1: Yes Children Present,1,,
50737661,Boxford,MA,01921-1917,US,1.0,1.0,2014-01-15 09:06:41.000,"6: $50,000 - $74,999","9: $750,000 - $999,999",4: College,Female,1930.0,2: No Children Present,0,,
50606271,Oceanside,CA,92057-3705,US,1.0,0.0,2013-07-16 14:09:52.000,"4: $30,000 - $39,999","7: $250,000 - $499,999",2: High School,Male,1938.0,2: No Children Present,1,,
50084703,Townsend,DE,19734,US,1.0,1.0,2012-02-10 21:37:52.000,"6: $50,000 - $74,999","5: $100,000 - $149,999",2: High School,Male,1962.0,1: Yes Children Present,1,,
50744496,Wendell,NC,27591-9307,US,1.0,0.0,2014-01-20 12:12:25.000,"4: $30,000 - $39,999","1: Less Than $25,000",2: High School,Female,1965.0,2: No Children Present,0,,
50306174,Bloomington,MN,55438,US,1.0,1.0,2012-07-27 12:30:25.000,"7: $75,000 - $99,999","8: $500,000 - $749,999",4: College,Male,1944.0,2: No Children Present,1,,
50538744,Denver,CO,80222-7641,US,0.0,0.0,2013-04-25 11:41:24.000,,"1: Less Than $25,000",4: College,,,1: Yes Children Present,1,,
50525292,Rowland Heights,CA,91748-4786,US,1.0,0.0,2013-04-04 15:20:21.000,"8: $100,000 - $124,999","9: $750,000 - $999,999",4: College,Male,1927.0,2: No Children Present,1,2.0,
50163509,Burbank,CA,91505-3026,US,1.0,0.0,2012-04-10 19:21:39.000,"9: $125,000 - $149,999","10: $100,000,000+",3: Some College,Male,1938.0,2: No Children Present,1,2.0,
50643563,New York,NY,10025,US,1.0,0.0,2013-09-14 12:06:33.000,"7: $75,000 - $99,999","2: $25,000 - $49,999",4: College,Male,1984.0,2: No Children Present,1,2.0,
50134123,Biggs,CA,95917-9703,US,1.0,0.0,2012-03-21 12:02:33.000,"8: $100,000 - $124,999","7: $250,000 - $499,999",2: High School,Male,1965.0,1: Yes Children Present,1,2.0,
50201715,Wimberley,TX,78676-2509,US,1.0,1.0,2012-05-07 15:20:26.000,"7: $75,000 - $99,999","9: $750,000 - $999,999",4: College,Male,1932.0,2: No Children Present,0,2.0,
50203511,Fairfax,VA,22030-4532,US,1.0,1.0,2012-05-09 07:40:14.000,"9: $125,000 - $149,999","10: $100,000,000+",5: Graduate School,Female,1951.0,2: No Children Present,1,2.0,
50376807,Birmingham,MI,48009,US,1.0,0.0,2012-10-31 18:10:33.000,"8: $100,000 - $124,999","7: $250,000 - $499,999",5: Graduate School,Male,1970.0,2: No Children Present,1,2.0,
50217309,Mayville,NY,14757,US,1.0,1.0,2012-05-23 07:26:43.000,"6: $50,000 - $74,999","7: $250,000 - $499,999",3: Some College,Female,1987.0,1: Yes Children Present,1,2.0,
50042189,San Francisco,CA,94112-3038,US,0.0,0.0,2012-01-25 13:39:45.000,"5: $40,000 - $49,999","7: $250,000 - $499,999",4: College,Female,1944.0,2: No Children Present,1,2.0,
50832129,Surfside,FL,33154-3133,US,1.0,0.0,2014-03-24 12:47:06.000,"11: $175,000 - $199,999","9: $750,000 - $999,999",4: College,Female,1966.0,1: Yes Children Present,1,2.0,
50181851,Park Forest,IL,60466,US,1.0,1.0,2012-04-20 12:10:24.000,"4: $30,000 - $39,999","2: $25,000 - $49,999",3: Some College,Female,1956.0,2: No Children Present,1,2.0,
50020249,Tustin,CA,92781-3807,US,1.0,1.0,2012-01-16 10:04:52.000,"8: $100,000 - $124,999","8: $500,000 - $749,999",3: Some College,Male,1959.0,2: No Children Present,1,2.0,
50200570,Bloomfield Hills,MI,48304-1461,US,1.0,0.0,2012-05-06 13:30:56.000,,"1: Less Than $25,000",4: College,,,2: No Children Present,0,2.0,
50380033,Lexington,VA,24450-2009,US,1.0,0.0,2012-11-08 14:45:23.000,"8: $100,000 - $124,999","10: $100,000,000+",3: Some College,Female,1925.0,2: No Children Present,1,2.0,
50433953,Madison,WI,53705,US,1.0,1.0,2013-01-20 16:10:24.000,"9: $125,000 - $149,999","9: $750,000 - $999,999",5: Graduate School,Male,1947.0,2: No Children Present,0,2.0,
50139629,Haysville,KS,67060-1031,US,1.0,1.0,2012-03-24 14:44:21.000,"8: $100,000 - $124,999","6: $150,000 - $249,999",3: Some College,Female,1956.0,2: No Children Present,1,2.0,
50099843,Asheville,NC,28805-2318,US,1.0,0.0,2012-02-16 17:20:34.000,"9: $125,000 - $149,999","8: $500,000 - $749,999",3: Some College,Male,1950.0,2: No Children Present,0,2.0,
50415313,Astoria,NY,11102,US,1.0,1.0,2013-01-07 18:35:50.000,"3: $20,000 - $29,999","1: Less Than $25,000",3: Some College,Male,1968.0,1: Yes Children Present,1,2.0,
50009698,New York,NY,10075,US,1.0,0.0,2012-01-08 20:44:25.000,,"1: Less Than $25,000",,,,2: No Children Present,1,2.0,
50652392,Evanston,IL,60201,US,1.0,1.0,2013-10-01 09:55:56.000,"12: $200,000 - $249,000","10: $100,000,000+",5: Graduate School,Female,1950.0,2: No Children Present,1,2.0,
50354443,Doraville,GA,30340-4308,US,1.0,0.0,2012-09-20 16:34:34.000,"7: $75,000 - $99,999","9: $750,000 - $999,999",4: College,Male,1929.0,2: No Children Present,1,2.0,
50392522,Yakima,WA,98902,US,1.0,1.0,2012-12-01 20:50:23.000,,"1: Less Than $25,000",,,,2: No Children Present,0,2.0,
50928095,Prescott,AZ,86305,US,1.0,0.0,2014-06-25 22:53:18.000,"7: $75,000 - $99,999","6: $150,000 - $249,999",3: Some College,Female,1952.0,2: No Children Present,1,2.0,
50446861,Idlewild,MI,49642-0259,US,1.0,0.0,2013-01-26 14:12:52.000,"1: $0-$14,999","1: Less Than $25,000",2: High School,Female,1946.0,2: No Children Present,0,2.0,
50898722,Hicksville,NY,11801,US,1.0,1.0,2014-05-24 10:35:48.000,"9: $125,000 - $149,999","8: $500,000 - $749,999",2: High School,,,1: Yes Children Present,0,2.0,
50642437,Kildeer,IL,60047-8606,US,1.0,1.0,2013-09-12 11:13:25.000,"13: $250,000+","10: $100,000,000+",4: College,Female,1943.0,2: No Children Present,1,2.0,
50783420,Grinnell,IA,50112-3010,US,1.0,1.0,2014-02-10 08:32:13.000,"6: $50,000 - $74,999","7: $250,000 - $499,999",2: High School,Female,1954.0,1: Yes Children Present,1,2.0,
50700924,Spring Hill,FL,34608-4013,US,1.0,0.0,2013-12-06 18:25:14.000,"6: $50,000 - $74,999","6: $150,000 - $249,999",2: High School,Female,1943.0,2: No Children Present,0,2.0,
50743468,Scranton,PA,18510,US,1.0,0.0,2014-01-19 16:36:02.000,"4: $30,000 - $39,999","6: $150,000 - $249,999",2: High School,Female,1946.0,2: No Children Present,1,2.0,
50161508,Hicksville,NY,11801-6214,US,1.0,0.0,2012-04-09 12:47:12.000,"7: $75,000 - $99,999","9: $750,000 - $999,999",3: Some College,Male,1953.0,2: No Children Present,1,2.0,
50111412,Grand Rapids,MI,49503-1545,US,1.0,1.0,2012-02-26 15:10:06.000,"7: $75,000 - $99,999","7: $250,000 - $499,999",3: Some College,Male,1952.0,2: No Children Present,0,2.0,
50453704,Birmingham,AL,35242-4476,US,1.0,0.0,2013-01-29 15:25:05.000,"5: $40,000 - $49,999","8: $500,000 - $749,999",4: College,Female,1933.0,2: No Children Present,1,2.0,
50507530,Spokane,WA,99201-4522,US,1.0,1.0,2013-03-10 20:22:05.000,"1: $0-$14,999","1: Less Than $25,000",,Female,,2: No Children Present,1,2.0,
50815719,Johnson CIty,TN,37604,US,1.0,1.0,2014-03-12 07:46:07.000,"6: $50,000 - $74,999","5: $100,000 - $149,999",3: Some College,Male,1981.0,1: Yes Children Present,1,2.0,
50155891,UNION,NJ,07083,US,1.0,0.0,2012-04-05 08:33:21.000,"11: $175,000 - $199,999","10: $100,000,000+",2: High School,Male,1967.0,1: Yes Children Present,1,2.0,
50878820,Lebanon,VA,24266-4365,US,1.0,1.0,2014-05-08 10:36:40.000,,"1: Less Than $25,000",,,,2: No Children Present,1,2.0,
50812849,Concord,CA,94518-1542,US,1.0,0.0,2014-03-09 18:55:59.000,"8: $100,000 - $124,999","9: $750,000 - $999,999",4: College,Male,1954.0,1: Yes Children Present,0,2.0,
50461173,Thousand Oaks,CA,91360,US,1.0,0.0,2013-01-31 20:51:03.000,"9: $125,000 - $149,999","7: $250,000 - $499,999",3: Some College,Male,,2: No Children Present,1,2.0,
50739243,New York,NY,10025,US,1.0,1.0,2014-01-16 12:16:22.000,"9: $125,000 - $149,999","10: $100,000,000+",4: College,Female,1949.0,2: No Children Present,0,2.0,
50182491,Waseca,MN,56093,US,1.0,1.0,2012-04-20 21:01:07.000,"6: $50,000 - $74,999","7: $250,000 - $499,999",2: High School,Male,1951.0,2: No Children Present,1,2.0,
50788987,Layton,UT,84040,US,1.0,1.0,2014-02-12 19:36:56.000,"11: $175,000 - $199,999","9: $750,000 - $999,999",4: College,Male,1957.0,2: No Children Present,1,2.0,
50272513,Winchester,MA,01890-1351,US,0.0,0.0,2012-06-28 15:10:31.000,"6: $50,000 - $74,999","8: $500,000 - $749,999",4: College,Female,1938.0,2: No Children Present,0,2.0,
50187417,BROOKLYN PARKS,MN,55444,US,1.0,0.0,2012-04-25 08:32:03.000,,"1: Less Than $25,000",,,,2: No Children Present,1,2.0,
50054860,Chicago,IL,60615-2303,US,1.0,1.0,2012-01-28 09:10:25.000,"9: $125,000 - $149,999","10: $100,000,000+",3: Some College,Female,1952.0,1: Yes Children Present,0,2.0,
50687128,Saint Peters,MO,63376-4699,US,1.0,0.0,2013-11-21 17:19:41.000,"7: $75,000 - $99,999","8: $500,000 - $749,999",3: Some College,Male,1943.0,2: No Children Present,1,2.0,
50044249,Nassau Bay,TX,77058,US,1.0,0.0,2012-01-25 19:25:52.000,"6: $50,000 - $74,999","10: $100,000,000+",4: College,Female,1951.0,1: Yes Children Present,0,2.0,
50517865,Houston,TX,77069-2504,US,1.0,1.0,2013-03-25 10:21:45.000,"7: $75,000 - $99,999","8: $500,000 - $749,999",4: College,Male,1926.0,2: No Children Present,1,2.0,
50499768,Roxbury,MA,02119-1710,US,1.0,0.0,2013-02-27 12:02:21.000,"4: $30,000 - $39,999","1: Less Than $25,000",2: High School,Female,1929.0,2: No Children Present,1,2.0,
50643717,Berwyn,PA,19312,US,1.0,0.0,2013-09-14 18:23:34.000,"13: $250,000+","10: $100,000,000+",5: Graduate School,Male,1963.0,1: Yes Children Present,0,2.0,
50719018,Dayton,OH,45458-9634,US,1.0,1.0,2013-12-26 16:07:41.000,"11: $175,000 - $199,999","9: $750,000 - $999,999",4: College,Female,1956.0,2: No Children Present,1,2.0,
50451487,Pickerington,OH,43147-9577,US,1.0,1.0,2013-01-28 17:31:42.000,"3: $20,000 - $29,999","3: $50,000 - $74,999",4: College,Female,1944.0,2: No Children Present,0,2.0,
50657005,Norman,IN,47264-8611,US,1.0,0.0,2013-10-10 14:49:54.000,"4: $30,000 - $39,999","8: $500,000 - $749,999",2: High School,Female,1946.0,1: Yes Children Present,1,2.0,
50393845,Renton,WA,98058,US,1.0,1.0,2012-12-03 22:00:47.000,"9: $125,000 - $149,999","9: $750,000 - $999,999",4: College,Female,1953.0,2: No Children Present,1,2.0,
50560309,Villa Park,CA,92861,US,1.0,0.0,2013-06-05 01:01:06.000,"13: $250,000+","10: $100,000,000+",4: College,Male,1968.0,1: Yes Children Present,1,2.0,
50038779,Waterford,NY,12188-1187,US,1.0,0.0,2012-01-24 16:14:35.000,,"1: Less Than $25,000",,,,2: No Children Present,1,2.0,
50844654,Montgomery,AL,36117-3954,US,1.0,1.0,2014-04-02 21:27:03.000,"8: $100,000 - $124,999","9: $750,000 - $999,999",4: College,Male,1944.0,2: No Children Present,0,2.0,
50725717,Salkum,WA,98582,US,1.0,1.0,2014-01-06 18:46:09.000,"3: $20,000 - $29,999","1: Less Than $25,000",3: Some College,Female,1952.0,2: No Children Present,1,2.0,
50566079,Castro Valley,CA,94546,US,1.0,1.0,2013-06-07 21:00:23.000,"6: $50,000 - $74,999","6: $150,000 - $249,999",3: Some College,Male,1968.0,1: Yes Children Present,1,2.0,
50799284,Irvine,CA,92620,US,1.0,1.0,2014-02-20 21:46:19.000,"11: $175,000 - $199,999","10: $100,000,000+",4: College,Male,1944.0,2: No Children Present,1,2.0,
50443367,Las Vegas,NV,89122-7522,US,1.0,1.0,2013-01-24 19:11:38.000,"8: $100,000 - $124,999","8: $500,000 - $749,999",2: High School,Male,1937.0,2: No Children Present,0,2.0,
50580207,Sterling Heieghts,MI,48310,US,1.0,0.0,2013-06-18 14:20:01.000,"10: $150,000 - $174,999","9: $750,000 - $999,999",3: Some College,Female,1955.0,2: No Children Present,1,2.0,
50639687,Bel Air,MD,21014-5377,US,1.0,0.0,2013-09-07 13:45:53.000,"8: $100,000 - $124,999","9: $750,000 - $999,999",3: Some College,Female,1947.0,2: No Children Present,1,2.0,
50409010,philadelphia,PA,19149,US,1.0,1.0,2012-12-26 05:10:13.000,"4: $30,000 - $39,999","1: Less Than $25,000",2: High School,Male,1972.0,2: No Children Present,0,2.0,
50340885,Beckley,WV,25801-2001,US,1.0,1.0,2012-09-06 12:58:32.000,"3: $20,000 - $29,999","6: $150,000 - $249,999",3: Some College,Male,1942.0,2: No Children Present,0,2.0,
50266534,Lampe,MO,65681-7464,US,1.0,0.0,2012-06-25 12:41:25.000,"4: $30,000 - $39,999","8: $500,000 - $749,999",2: High School,Male,1929.0,2: No Children Present,0,2.0,
50118042,Garland,TX,75041-3535,US,1.0,0.0,2012-03-02 11:01:37.000,,"1: Less Than $25,000",1: Some High School or Less,,,2: No Children Present,1,2.0,
50655516,Midland,TX,79704-4936,US,1.0,0.0,2013-10-08 12:22:24.000,,"1: Less Than $25,000",,,,2: No Children Present,1,2.0,
50525943,Philadelphia,PA,19139-3007,US,1.0,1.0,2013-04-05 13:21:58.000,"4: $30,000 - $39,999","1: Less Than $25,000",2: High School,Male,1977.0,2: No Children Present,0,2.0,
50225486,Silver Spring,MD,20902-1341,US,0.0,0.0,2012-05-30 16:14:07.000,,"1: Less Than $25,000",3: Some College,,,1: Yes Children Present,1,2.0,
50678350,Canaan,CT,06018-2522,US,1.0,1.0,2013-11-10 11:23:09.000,"6: $50,000 - $74,999","7: $250,000 - $499,999",2: High School,Female,1933.0,2: No Children Present,1,2.0,
50028947,Tucson,AZ,85747,US,1.0,0.0,2012-01-21 10:25:37.000,,"1: Less Than $25,000",,,,2: No Children Present,1,2.0,
50656555,Chanhassen,MN,55317,US,1.0,1.0,2013-10-09 21:07:05.000,"7: $75,000 - $99,999","10: $100,000,000+",4: College,Male,1948.0,2: No Children Present,1,2.0,
50474503,Powell,OH,43065,US,1.0,0.0,2013-02-08 09:30:49.000,"9: $125,000 - $149,999","9: $750,000 - $999,999",4: College,Male,,2: No Children Present,1,2.0,
50112342,Belton,MO,64012-3100,US,1.0,0.0,2012-02-27 14:05:47.000,,"1: Less Than $25,000",,,,2: No Children Present,0,2.0,
50626556,Santa Barbara,CA,93109,US,1.0,1.0,2013-08-13 01:53:19.000,"11: $175,000 - $199,999","9: $750,000 - $999,999",4: College,Male,1961.0,1: Yes Children Present,0,2.0,
50398847,TITUSVILLE,FL,32796,US,1.0,1.0,2012-12-10 22:10:44.000,,"1: Less Than $25,000",3: Some College,,,1: Yes Children Present,1,2.0,
50212934,Rochester,MN,55901,US,1.0,0.0,2012-05-18 16:44:16.000,"7: $75,000 - $99,999","8: $500,000 - $749,999",4: College,Male,1949.0,2: No Children Present,0,2.0,
50731350,Tega Cay,SC,29708,US,1.0,0.0,2014-01-10 13:26:49.000,"10: $150,000 - $174,999","8: $500,000 - $749,999",4: College,Male,1970.0,2: No Children Present,1,2.0,
50216466,Berwyn,IL,60402,US,1.0,1.0,2012-05-22 12:41:08.000,"5: $40,000 - $49,999","5: $100,000 - $149,999",2: High School,Male,1945.0,2: No Children Present,1,2.0,
50531325,Grove City,PA,16127,US,1.0,0.0,2013-04-15 07:40:48.000,,"1: Less Than $25,000",3: Some College,,,2: No Children Present,1,2.0,
50239932,Lake Wales,FL,33898-7640,US,1.0,0.0,2012-06-08 13:17:51.000,"6: $50,000 - $74,999","5: $100,000 - $149,999",2: High School,Male,1948.0,2: No Children Present,1,2.0,
50169622,Olathe,KS,66062-2233,US,1.0,0.0,2012-04-14 14:11:04.000,,"1: Less Than $25,000",,,,2: No Children Present,1,2.0,
50445749,Hastings,MN,55033,US,1.0,1.0,2013-01-25 19:50:29.000,"8: $100,000 - $124,999","10: $100,000,000+",3: Some College,Male,1942.0,2: No Children Present,1,2.0,
50241511,Brea,CA,92821-7901,US,1.0,0.0,2012-06-09 14:06:10.000,,"1: Less Than $25,000",,,,2: No Children Present,1,2.0,
50330628,Salisbury,MD,21804-1978,US,1.0,0.0,2012-08-20 15:50:48.000,"6: $50,000 - $74,999","8: $500,000 - $749,999",3: Some College,Female,1949.0,2: No Children Present,0,2.0,
50892657,Fountain Valley,CA,92708-2305,US,1.0,0.0,2014-05-19 15:31:46.000,"9: $125,000 - $149,999","9: $750,000 - $999,999",4: College,Male,1944.0,2: No Children Present,1,2.0,
50268280,Richmond,VA,23233,US,1.0,0.0,2012-06-26 11:21:17.000,"5: $40,000 - $49,999","7: $250,000 - $499,999",4: College,Female,1945.0,2: No Children Present,1,2.0,
50011871,Brooklyn,NY,11209,US,1.0,0.0,2012-01-10 09:09:06.000,"6: $50,000 - $74,999","1: Less Than $25,000",3: Some College,Female,,2: No Children Present,1,2.0,
50359810,Woodsfield,OH,43793,US,1.0,0.0,2012-09-26 20:00:56.000,"5: $40,000 - $49,999","7: $250,000 - $499,999",2: High School,Female,1954.0,2: No Children Present,1,2.0,
50082938,Harlingen,TX,78550-3832,US,0.0,0.0,2012-02-10 10:23:03.000,"3: $20,000 - $29,999","4: $75,000 - $99,999",3: Some College,Male,1959.0,1: Yes Children Present,0,2.0,
50461142,Brookline,VT,05345-9628,US,1.0,0.0,2013-01-31 20:43:44.000,"8: $100,000 - $124,999","7: $250,000 - $499,999",2: High School,Male,1949.0,2: No Children Present,0,2.0,
50670908,Denham Springs,LA,70726-5856,US,1.0,0.0,2013-11-01 15:13:43.000,"6: $50,000 - $74,999","6: $150,000 - $249,999",2: High School,Male,1926.0,2: No Children Present,1,2.0,
50771104,Exton,PA,19341-2028,US,1.0,0.0,2014-02-01 11:39:06.000,"9: $125,000 - $149,999","7: $250,000 - $499,999",4: College,Female,1952.0,2: No Children Present,0,2.0,
50913506,Boise,ID,83701-0266,US,1.0,1.0,2014-06-05 13:12:25.000,,"1: Less Than $25,000",,,,2: No Children Present,1,2.0,
50261525,Missoula,MT,59806-2681,US,1.0,0.0,2012-06-21 15:16:26.000,"6: $50,000 - $74,999","4: $75,000 - $99,999",3: Some College,Male,1957.0,2: No Children Present,0,2.0,
50834439,Oceanside,CA,92056-3023,US,1.0,0.0,2014-03-26 11:32:25.000,,"1: Less Than $25,000",,,,2: No Children Present,1,2.0,
50297991,Portland,OR,97219,US,0.0,0.0,2012-07-21 12:40:38.000,"9: $125,000 - $149,999","7: $250,000 - $499,999",4: College,Female,1959.0,1: Yes Children Present,1,2.0,
50927735,Walnut Creek,CA,94598,US,1.0,1.0,2014-06-25 15:03:31.000,"7: $75,000 - $99,999","6: $150,000 - $249,999",4: College,Female,1968.0,1: Yes Children Present,1,2.0,
50770318,Sugar Land,TX,77478-5318,US,1.0,0.0,2014-01-31 17:10:34.000,"8: $100,000 - $124,999","10: $100,000,000+",4: College,Male,1945.0,2: No Children Present,1,2.0,
50044370,Township of Washington,NJ,07676-4943,US,1.0,1.0,2012-01-25 19:51:36.000,"10: $150,000 - $174,999","9: $750,000 - $999,999",4: College,Male,1969.0,1: Yes Children Present,0,2.0,
50123417,CINCINNATI,OH,45240,US,1.0,0.0,2012-03-08 10:11:02.000,"7: $75,000 - $99,999","6: $150,000 - $249,999",4: College,Male,1949.0,2: No Children Present,1,2.0,4.0
50676980,Peterborough,NH,03458,US,1.0,1.0,2013-11-08 14:46:50.000,"10: $150,000 - $174,999","10: $100,000,000+",4: College,Male,1951.0,2: No Children Present,1,2.0,4.0
50554076,Poplar Grove,IL,61065-8916,US,1.0,1.0,2013-05-29 13:00:57.000,"8: $100,000 - $124,999","8: $500,000 - $749,999",2: High School,Female,1949.0,2: No Children Present,1,2.0,4.0
50062962,New Carlisle,OH,45344-9523,US,1.0,0.0,2012-01-31 16:53:15.000,"1: $0-$14,999","3: $50,000 - $74,999",2: High School,Female,1956.0,2: No Children Present,1,2.0,4.0
50357813,Albany,NY,12204-1329,US,1.0,0.0,2012-09-25 10:52:39.000,"6: $50,000 - $74,999","9: $750,000 - $999,999",4: College,Female,1928.0,2: No Children Present,1,2.0,4.0
50585982,Bedford,MA,01730,US,1.0,1.0,2013-06-24 11:32:27.000,"6: $50,000 - $74,999","8: $500,000 - $749,999",4: College,Female,1941.0,2: No Children Present,1,2.0,4.0
50145957,CHARLOTTESVILLE,VA,22902,US,1.0,0.0,2012-03-28 22:37:17.000,"5: $40,000 - $49,999","5: $100,000 - $149,999",2: High School,Male,1968.0,2: No Children Present,1,2.0,4.0
50256282,Winter Park,FL,32792,US,1.0,1.0,2012-06-19 05:20:38.000,"6: $50,000 - $74,999","7: $250,000 - $499,999",4: College,Male,1954.0,2: No Children Present,1,2.0,4.0
50103606,Sacramento,CA,95822-1223,US,1.0,0.0,2012-02-18 14:26:45.000,"9: $125,000 - $149,999","10: $100,000,000+",4: College,Male,1945.0,2: No Children Present,1,2.0,4.0
50441842,Smithfield,NC,27577,US,1.0,1.0,2013-01-24 11:11:04.000,,"1: Less Than $25,000",,,,2: No Children Present,1,2.0,4.0
50421909,FLORENCE,SC,29501-8661,US,1.0,1.0,2013-01-11 22:11:02.000,"9: $125,000 - $149,999","9: $750,000 - $999,999",4: College,Male,1962.0,1: Yes Children Present,0,2.0,4.0
50425007,Alexandria,VA,22310-2203,US,1.0,0.0,2013-01-14 14:55:45.000,"13: $250,000+","10: $100,000,000+",4: College,Male,1962.0,1: Yes Children Present,1,2.0,4.0
50652241,Dayton,OH,45415-1401,US,1.0,1.0,2013-09-30 20:43:54.000,"12: $200,000 - $249,000","9: $750,000 - $999,999",4: College,Female,1961.0,1: Yes Children Present,1,2.0,4.0
50720880,WANDA,MN,56152,US,1.0,1.0,2013-12-29 13:16:55.000,"7: $75,000 - $99,999","4: $75,000 - $99,999",2: High School,Male,1964.0,1: Yes Children Present,1,2.0,4.0
50706739,Jamesville,NY,13078,US,1.0,1.0,2013-12-12 12:46:40.000,"7: $75,000 - $99,999","8: $500,000 - $749,999",4: College,Male,1959.0,2: No Children Present,0,,4.0
50641165,Post Falls,ID,83854,US,1.0,1.0,2013-09-09 23:27:09.000,"10: $150,000 - $174,999","8: $500,000 - $749,999",3: Some College,Male,1951.0,2: No Children Present,1,,4.0
50335729,Bossier City,LA,71111-5470,US,1.0,0.0,2012-08-30 14:39:22.000,"9: $125,000 - $149,999","9: $750,000 - $999,999",4: College,Male,1947.0,2: No Children Present,0,,4.0
50300304,Dallas,TX,75229,US,1.0,0.0,2012-07-23 18:21:03.000,,"1: Less Than $25,000",,,,2: No Children Present,1,,4.0
50413085,Corpus Christi,TX,78412-4715,US,1.0,1.0,2013-01-03 09:30:29.000,"6: $50,000 - $74,999","6: $150,000 - $249,999",3: Some College,Male,1963.0,1: Yes Children Present,1,,4.0
50403256,Bartlesville,OK,74006,US,1.0,1.0,2012-12-17 00:01:08.000,"7: $75,000 - $99,999","8: $500,000 - $749,999",3: Some College,Male,1949.0,1: Yes Children Present,1,,4.0
50700730,Mililani,HI,96789,US,1.0,1.0,2013-12-06 15:25:52.000,"11: $175,000 - $199,999","8: $500,000 - $749,999",4: College,Female,1976.0,1: Yes Children Present,1,,4.0
50626105,Brookings,OR,97415-0024,US,1.0,0.0,2013-08-12 13:31:23.000,"4: $30,000 - $39,999","2: $25,000 - $49,999",3: Some College,Male,1968.0,2: No Children Present,1,,4.0
50591657,Williamsburg,VA,23185-2306,US,1.0,0.0,2013-06-27 12:13:13.000,"7: $75,000 - $99,999","8: $500,000 - $749,999",4: College,Male,1944.0,2: No Children Present,1,,4.0
50701065,,,35758-9400,,,,2013-12-06 22:16:46.000,,,,,,,0,,
50274453,Madison,SD,57042-2908,US,1.0,1.0,2012-06-29 14:41:25.000,,"1: Less Than $25,000",,,,2: No Children Present,1,,4.0
50572900,West Des Moines,IA,50266,US,1.0,0.0,2013-06-12 10:50:52.000,"9: $125,000 - $149,999","8: $500,000 - $749,999",4: College,Female,1974.0,1: Yes Children Present,0,,4.0
50229745,Los Angeles,CA,90025,US,1.0,0.0,2012-06-03 18:10:14.000,"9: $125,000 - $149,999","7: $250,000 - $499,999",4: College,Female,1977.0,1: Yes Children Present,0,,4.0
50884465,Lake Saint Louis,MO,63367-2304,US,1.0,1.0,2014-05-13 20:45:46.000,"6: $50,000 - $74,999","7: $250,000 - $499,999",4: College,,,2: No Children Present,1,,4.0
50082735,Waterville,NY,13480-1906,US,1.0,1.0,2012-02-10 08:07:06.000,"8: $100,000 - $124,999","6: $150,000 - $249,999",3: Some College,Male,1957.0,1: Yes Children Present,0,,4.0
50397171,Chicago,IL,60610,US,1.0,1.0,2012-12-09 10:01:08.000,,"1: Less Than $25,000",4: College,,,2: No Children Present,1,,4.0
50773830,Derry,NH,03038,US,1.0,1.0,2014-02-03 16:57:21.000,"9: $125,000 - $149,999","8: $500,000 - $749,999",4: College,Male,1963.0,1: Yes Children Present,0,,4.0
50756538,Chandler,AZ,85249,US,1.0,1.0,2014-01-26 12:26:07.000,"6: $50,000 - $74,999","8: $500,000 - $749,999",4: College,Male,1947.0,2: No Children Present,0,,4.0
50465895,Houston,TX,77069,US,1.0,1.0,2013-02-03 18:10:53.000,"7: $75,000 - $99,999","7: $250,000 - $499,999",4: College,Male,1956.0,2: No Children Present,0,,4.0
50095955,Santa Cruz,CA,95060-4856,US,1.0,0.0,2012-02-15 17:39:16.000,,"1: Less Than $25,000",,,,2: No Children Present,1,,4.0
50473894,Salida,CO,81201-2422,US,1.0,0.0,2013-02-07 18:03:47.000,"2: $15,000 - $19,999","8: $500,000 - $749,999",2: High School,Female,1930.0,2: No Children Present,1,,4.0
50160040,Tucson,AZ,85704,US,1.0,1.0,2012-04-07 17:17:09.000,"7: $75,000 - $99,999","6: $150,000 - $249,999",4: College,Male,1975.0,2: No Children Present,0,,4.0
50546360,Wilmington,NC,28401,US,1.0,0.0,2013-05-12 09:40:52.000,,"1: Less Than $25,000",,,,2: No Children Present,1,,4.0
50140658,Auburndale,MA,02466,US,1.0,0.0,2012-03-25 12:53:49.000,"10: $150,000 - $174,999","8: $500,000 - $749,999",5: Graduate School,Male,1963.0,1: Yes Children Present,0,,4.0
50769992,Prairie Du Chien,WI,53821-8016,US,1.0,0.0,2014-01-31 14:50:52.000,"3: $20,000 - $29,999","4: $75,000 - $99,999",2: High School,Female,1946.0,2: No Children Present,0,,4.0
50909563,Plymouth,MN,55441-6056,US,1.0,1.0,2014-06-03 14:03:21.000,"6: $50,000 - $74,999","5: $100,000 - $149,999",4: College,,,2: No Children Present,1,,4.0
50013050,Cornelius,NC,28031-7184,US,1.0,0.0,2012-01-10 17:05:14.000,"6: $50,000 - $74,999","10: $100,000,000+",4: College,Female,1946.0,2: No Children Present,1,,4.0
50798210,Oviedo,FL,32765,US,1.0,1.0,2014-02-19 18:35:48.000,"6: $50,000 - $74,999","9: $750,000 - $999,999",3: Some College,Female,1961.0,2: No Children Present,1,,4.0
50493792,Kimball,NE,69145-2031,US,1.0,0.0,2013-02-19 17:05:57.000,"7: $75,000 - $99,999","7: $250,000 - $499,999",2: High School,Female,1955.0,2: No Children Present,0,,4.0
50228985,Lanoka Harbor,NJ,08734,US,1.0,0.0,2012-06-02 20:40:39.000,"13: $250,000+","10: $100,000,000+",3: Some College,Male,1959.0,1: Yes Children Present,1,,4.0
50274219,Grandview,WA,98930-9731,US,1.0,0.0,2012-06-29 12:53:30.000,"4: $30,000 - $39,999","7: $250,000 - $499,999",1: Some High School or Less,Female,1948.0,2: No Children Present,1,,4.0
50541091,Montgomery,AL,36125-0146,US,1.0,1.0,2013-04-30 12:42:55.000,,"1: Less Than $25,000",,,,2: No Children Present,1,,4.0
50907354,Plymouth,MA,02360,US,1.0,1.0,2014-06-02 07:46:39.000,"9: $125,000 - $149,999","9: $750,000 - $999,999",4: College,Female,1956.0,2: No Children Present,1,,4.0
50928313,Furlong,PA,18925-1197,US,1.0,1.0,2014-06-26 11:18:45.000,"9: $125,000 - $149,999","7: $250,000 - $499,999",4: College,Male,1966.0,1: Yes Children Present,1,,4.0
50165034,Columbia,MD,21044,US,1.0,0.0,2012-04-11 18:07:38.000,"10: $150,000 - $174,999","9: $750,000 - $999,999",5: Graduate School,Male,1960.0,1: Yes Children Present,0,,4.0
50428631,South Bend,IN,46635-1059,US,1.0,1.0,2013-01-16 22:10:53.000,"11: $175,000 - $199,999","9: $750,000 - $999,999",4: College,Male,1945.0,2: No Children Present,1,,4.0
50099111,Ventura,CA,93003,US,1.0,0.0,2012-02-16 15:08:08.000,"8: $100,000 - $124,999","9: $750,000 - $999,999",4: College,Female,1946.0,2: No Children Present,1,,4.0
50698627,Lewisville,NC,27023-9633,US,1.0,0.0,2013-12-04 16:40:13.000,"8: $100,000 - $124,999","10: $100,000,000+",3: Some College,Female,1934.0,2: No Children Present,1,,4.0
50616647,Cincinnati,OH,45244-3210,US,1.0,0.0,2013-07-29 13:59:00.000,"5: $40,000 - $49,999","9: $750,000 - $999,999",4: College,Female,1932.0,2: No Children Present,1,,4.0
50546277, Blythewood,SC,29016,US,1.0,0.0,2013-05-11 21:20:48.000,,"1: Less Than $25,000",2: High School,,,1: Yes Children Present,0,,4.0
50546284,San Francisco,CA,94127,US,1.0,1.0,2013-05-11 23:47:07.000,"10: $150,000 - $174,999","7: $250,000 - $499,999",4: College,Male,1972.0,1: Yes Children Present,1,,4.0
50378058,Flint,TX,75762,US,1.0,0.0,2012-11-03 15:30:50.000,"8: $100,000 - $124,999","7: $250,000 - $499,999",2: High School,Female,1963.0,1: Yes Children Present,0,,4.0
50672976,Erie,CO,80516,US,1.0,1.0,2013-11-04 10:46:06.000,"8: $100,000 - $124,999","8: $500,000 - $749,999",3: Some College,Female,1952.0,2: No Children Present,1,,4.0
50270441,Milwaukee,WI,53213-2305,US,1.0,0.0,2012-06-27 15:33:27.000,"8: $100,000 - $124,999","8: $500,000 - $749,999",4: College,Female,1943.0,2: No Children Present,1,,4.0
50149584,South Hadley,MA,01075,US,1.0,0.0,2012-03-31 13:07:28.000,"7: $75,000 - $99,999","7: $250,000 - $499,999",3: Some College,Male,1965.0,2: No Children Present,0,,4.0
50007081,Greeneville,TN,37743,US,1.0,0.0,2012-01-07 09:31:54.000,"7: $75,000 - $99,999","7: $250,000 - $499,999",1: Some High School or Less,Male,1944.0,2: No Children Present,1,,4.0
50699459,Greenwich,CT,06831,US,1.0,1.0,2013-12-05 11:46:05.000,"12: $200,000 - $249,000","10: $100,000,000+",4: College,Male,1953.0,2: No Children Present,1,,4.0
50118192,Enid,OK,73701,US,1.0,1.0,2012-03-02 12:57:44.000,"1: $0-$14,999","1: Less Than $25,000",2: High School,Female,1961.0,2: No Children Present,1,,4.0
50580049,Broomfield,CO,80021-4494,US,1.0,0.0,2013-06-18 12:51:32.000,"8: $100,000 - $124,999","8: $500,000 - $749,999",3: Some College,Female,1940.0,2: No Children Present,1,,4.0
50519359,Orfordville,WI,53576,US,1.0,1.0,2013-03-26 20:56:12.000,"9: $125,000 - $149,999","7: $250,000 - $499,999",2: High School,Male,1962.0,1: Yes Children Present,1,,4.0
50616325,Faber,VA,22938-2359,US,1.0,0.0,2013-07-29 10:43:20.000,,"1: Less Than $25,000",,,,2: No Children Present,1,,4.0
50053414,Paducah,KY,42001-5954,US,1.0,1.0,2012-01-27 15:19:42.000,"5: $40,000 - $49,999","8: $500,000 - $749,999",3: Some College,Male,1927.0,2: No Children Present,1,,4.0
50346361,Milwaukee,WI,53223,US,1.0,0.0,2012-09-11 13:50:56.000,"2: $15,000 - $19,999","7: $250,000 - $499,999",2: High School,Male,1936.0,2: No Children Present,1,,4.0
50161790,Long Beach,CA,90801,US,1.0,1.0,2012-04-09 15:28:09.000,"6: $50,000 - $74,999","5: $100,000 - $149,999",,Male,1960.0,2: No Children Present,1,,4.0
50289379,Costa Mesa,CA,92626-5542,US,1.0,0.0,2012-07-12 13:17:13.000,"5: $40,000 - $49,999","7: $250,000 - $499,999",4: College,Male,1936.0,2: No Children Present,0,,4.0
50773434,Lynnwood,WA,98036-2145,US,1.0,1.0,2014-02-03 14:33:51.000,"2: $15,000 - $19,999","5: $100,000 - $149,999",3: Some College,Female,1930.0,2: No Children Present,1,,4.0
50689433,Miami,FL,33135-2740,US,1.0,1.0,2013-11-25 11:28:56.000,"6: $50,000 - $74,999","2: $25,000 - $49,999",1: Some High School or Less,Female,1958.0,2: No Children Present,1,,4.0
50701840,Pittsburgh,PA,15237,US,1.0,1.0,2013-12-07 23:55:45.000,"11: $175,000 - $199,999","10: $100,000,000+",4: College,Male,1949.0,2: No Children Present,1,,4.0
50194181,Ketchikan,AK,99901,US,1.0,0.0,2012-05-01 11:32:23.000,"2: $15,000 - $19,999","2: $25,000 - $49,999",3: Some College,Male,1940.0,2: No Children Present,1,,4.0
50771831,Hustonville,KY,40437,US,1.0,0.0,2014-02-01 22:16:17.000,,"1: Less Than $25,000",,,,2: No Children Present,1,,4.0
50354607,bonney lake,WA,98391,US,1.0,1.0,2012-09-20 18:50:34.000,"5: $40,000 - $49,999","3: $50,000 - $74,999",2: High School,Male,1947.0,2: No Children Present,1,,4.0
50602900,Troutman,NC,28166,US,1.0,1.0,2013-07-10 18:19:44.000,"9: $125,000 - $149,999","8: $500,000 - $749,999",3: Some College,Female,1971.0,1: Yes Children Present,1,,4.0
50350832,Virginia,MN,55792-2852,US,1.0,0.0,2012-09-17 11:13:08.000,"6: $50,000 - $74,999","6: $150,000 - $249,999",3: Some College,Female,1949.0,2: No Children Present,1,,4.0
50157891,Holland,MI,49423-4500,US,1.0,0.0,2012-04-06 10:56:22.000,,"1: Less Than $25,000",,,,2: No Children Present,0,,4.0
50639634,Glenview,IL,60025-4672,US,1.0,0.0,2013-09-07 12:43:09.000,"9: $125,000 - $149,999","8: $500,000 - $749,999",4: College,Male,1979.0,1: Yes Children Present,0,,4.0
50811614,Denver,CO,80202,US,1.0,1.0,2014-03-07 16:06:41.000,,"1: Less Than $25,000",,,,2: No Children Present,1,,4.0
50076900,Warwick,RI,02886,US,1.0,1.0,2012-02-07 22:07:46.000,"6: $50,000 - $74,999","7: $250,000 - $499,999",4: College,Female,1974.0,1: Yes Children Present,1,,4.0
50145817,west sacramento,CA,95691,US,1.0,0.0,2012-03-28 19:47:53.000,"4: $30,000 - $39,999","7: $250,000 - $499,999",2: High School,Male,1946.0,2: No Children Present,1,,4.0
50086217,Colorado Springs,CO,80918-7937,US,1.0,0.0,2012-02-11 19:38:15.000,"8: $100,000 - $124,999","10: $100,000,000+",4: College,Male,1939.0,2: No Children Present,0,,4.0
50087571,El Dorado,AR,71730,US,1.0,0.0,2012-02-12 19:37:38.000,"5: $40,000 - $49,999","1: Less Than $25,000",4: College,Female,1961.0,1: Yes Children Present,1,,4.0
50247934,Lombard,IL,60148-7012,US,1.0,0.0,2012-06-13 16:01:05.000,"3: $20,000 - $29,999","9: $750,000 - $999,999",2: High School,Female,1928.0,2: No Children Present,0,,4.0
50479637,San Antonio,TX,78279,US,1.0,0.0,2013-02-11 17:10:09.000,"2: $15,000 - $19,999","1: Less Than $25,000",2: High School,Male,1959.0,2: No Children Present,1,,4.0
50588270,San Pedro,CA,90732-3952,US,1.0,0.0,2013-06-25 17:20:38.000,"8: $100,000 - $124,999","10: $100,000,000+",4: College,Male,1927.0,2: No Children Present,1,,4.0
50198541,Clermont,FL,34711,US,1.0,1.0,2012-05-04 13:51:44.000,"7: $75,000 - $99,999","7: $250,000 - $499,999",3: Some College,Male,1941.0,2: No Children Present,1,,4.0
50610856,Poughkeepsie,NY,12603-3630,US,1.0,0.0,2013-07-23 10:54:17.000,,"1: Less Than $25,000",,,,2: No Children Present,1,,4.0
50624804,Ann Arbor,MI,48103-2656,US,1.0,1.0,2013-08-09 23:59:01.000,"7: $75,000 - $99,999","8: $500,000 - $749,999",4: College,Male,1955.0,2: No Children Present,0,,4.0
50288420,Waycross,GA,31503-4959,US,1.0,0.0,2012-07-11 21:04:36.000,,"1: Less Than $25,000",,,,2: No Children Present,0,,4.0
50209303,Waterbury,CT,06702-1211,US,1.0,0.0,2012-05-14 17:30:24.000,"1: $0-$14,999","5: $100,000 - $149,999",1: Some High School or Less,Male,1946.0,2: No Children Present,1,,4.0
50071524,College Point,NY,11356,US,1.0,1.0,2012-02-05 16:48:35.000,"5: $40,000 - $49,999","6: $150,000 - $249,999",3: Some College,Female,1958.0,2: No Children Present,0,,4.0
50313500,Boca Raton,FL,33498-4529,US,1.0,0.0,2012-08-02 11:10:57.000,"10: $150,000 - $174,999","10: $100,000,000+",4: College,Male,1946.0,2: No Children Present,1,,4.0
50214932,Cass City,MI,48726,US,1.0,0.0,2012-05-21 11:50:12.000,,"1: Less Than $25,000",,,,2: No Children Present,1,,4.0
50921052,Margate,FL,33063-3130,US,1.0,0.0,2014-06-12 12:03:25.000,"1: $0-$14,999","5: $100,000 - $149,999",2: High School,Male,1945.0,2: No Children Present,1,,4.0
50892100,Cayucos,CA,93430-1211,US,1.0,0.0,2014-05-19 11:45:26.000,"8: $100,000 - $124,999","8: $500,000 - $749,999",4: College,Female,1945.0,2: No Children Present,1,,4.0
50297905,Bergenfield,NJ,07621,US,1.0,1.0,2012-07-21 10:00:31.000,"8: $100,000 - $124,999","7: $250,000 - $499,999",3: Some College,Male,1966.0,1: Yes Children Present,1,,4.0
50267644,Metuchen,NJ,08840,US,1.0,1.0,2012-06-25 21:10:25.000,"6: $50,000 - $74,999","7: $250,000 - $499,999",4: College,Female,1953.0,2: No Children Present,0,,4.0
50446495,Laurel,MD,20724-2543,US,1.0,1.0,2013-01-26 12:04:51.000,"6: $50,000 - $74,999","6: $150,000 - $249,999",2: High School,Male,1954.0,2: No Children Present,0,,4.0
50007557,Orion,MI,48359,US,1.0,1.0,2012-01-07 10:28:53.000,"13: $250,000+","9: $750,000 - $999,999",4: College,Female,1963.0,1: Yes Children Present,1,,4.0
50244847,Tucson,AZ,85719,US,1.0,0.0,2012-06-11 20:40:22.000,"1: $0-$14,999","2: $25,000 - $49,999",2: High School,Female,1943.0,2: No Children Present,1,,4.0
50025694,Fernley,NV,89408-1154,US,1.0,0.0,2012-01-19 13:56:24.000,"10: $150,000 - $174,999","9: $750,000 - $999,999",3: Some College,Male,1942.0,2: No Children Present,1,,4.0
50280503,Washington,DC,20037-2407,US,1.0,1.0,2012-07-05 17:12:03.000,"3: $20,000 - $29,999","6: $150,000 - $249,999",5: Graduate School,Female,1932.0,2: No Children Present,0,,4.0
50564328,Ogden,UT,84403-4434,US,1.0,1.0,2013-06-06 22:10:11.000,"9: $125,000 - $149,999","9: $750,000 - $999,999",4: College,Male,1935.0,2: No Children Present,1,,4.0
50252455,Cushing,TX,75760-4935,US,1.0,0.0,2012-06-16 14:37:10.000,"5: $40,000 - $49,999","7: $250,000 - $499,999",2: High School,Male,1943.0,2: No Children Present,1,,4.0
50843231,Phoenix,AZ,85042-5215,US,1.0,1.0,2014-04-02 00:46:32.000,"2: $15,000 - $19,999","2: $25,000 - $49,999",3: Some College,Female,1950.0,2: No Children Present,1,,4.0
50627883,Columbus,OH,43235-6711,US,1.0,0.0,2013-08-14 16:55:33.000,"7: $75,000 - $99,999","6: $150,000 - $249,999",5: Graduate School,Male,1981.0,1: Yes Children Present,1,,4.0
50060079,Alpena,MI,49707-8177,US,1.0,0.0,2012-01-30 14:28:02.000,"8: $100,000 - $124,999","8: $500,000 - $749,999",2: High School,Male,1919.0,2: No Children Present,0,,4.0
50456145,Fort Dodge,IA,50501-7230,US,1.0,0.0,2013-01-30 14:14:07.000,"5: $40,000 - $49,999","7: $250,000 - $499,999",3: Some College,Male,1940.0,2: No Children Present,1,,4.0
50739805,Hillsboro,MO,63050-2408,US,1.0,0.0,2014-01-16 16:25:16.000,"1: $0-$14,999","6: $150,000 - $249,999",2: High School,Male,1966.0,2: No Children Present,1,,4.0
50893161,San Antonio,TX,78230-4605,US,1.0,0.0,2014-05-19 19:46:51.000,"7: $75,000 - $99,999","10: $100,000,000+",4: College,Female,1936.0,2: No Children Present,1,,4.0
50120589,Clive,IA,50325-7702,US,1.0,0.0,2012-03-05 15:44:29.000,"6: $50,000 - $74,999","9: $750,000 - $999,999",4: College,Male,1944.0,2: No Children Present,1,,4.0
50075022,Hermosa Beach,CA,90254,US,1.0,1.0,2012-02-07 10:37:40.000,"12: $200,000 - $249,000","9: $750,000 - $999,999",4: College,Male,1969.0,1: Yes Children Present,0,,4.0
50018790,Milton,FL,32570-3762,US,0.0,0.0,2012-01-14 14:08:11.000,"6: $50,000 - $74,999","7: $250,000 - $499,999",3: Some College,Male,1942.0,2: No Children Present,1,,
50413173,Ellijay,GA,30540,US,1.0,1.0,2013-01-03 13:04:34.000,"4: $30,000 - $39,999","8: $500,000 - $749,999",2: High School,Female,1955.0,2: No Children Present,1,,
50005647,Los Altos,CA,94024,US,1.0,0.0,2012-01-06 05:45:21.000,"9: $125,000 - $149,999","9: $750,000 - $999,999",5: Graduate School,Female,1941.0,2: No Children Present,1,,
50348956,Hillsborough,NJ,08844-3318,US,1.0,0.0,2012-09-14 09:38:04.000,"8: $100,000 - $124,999","10: $100,000,000+",3: Some College,Male,1933.0,2: No Children Present,1,,
50213365,Grand Rapids,MI,49508-6329,US,1.0,0.0,2012-05-19 11:55:15.000,"5: $40,000 - $49,999","8: $500,000 - $749,999",4: College,Male,1922.0,2: No Children Present,1,,
50400949,Locust Dale,VA,22948-4828,US,1.0,0.0,2012-12-13 15:20:33.000,"5: $40,000 - $49,999","8: $500,000 - $749,999",2: High School,Male,1947.0,2: No Children Present,1,,
50465360,Brooklyn,NY,11225,US,1.0,0.0,2013-02-03 12:34:42.000,"6: $50,000 - $74,999","2: $25,000 - $49,999",2: High School,Male,1937.0,2: No Children Present,1,,
50043898,Chicago,IL,60611,US,1.0,1.0,2012-01-25 18:11:05.000,"9: $125,000 - $149,999","9: $750,000 - $999,999",5: Graduate School,Female,1956.0,2: No Children Present,1,,
50339084,Chiefland,FL,32644,US,1.0,1.0,2012-09-04 22:50:24.000,"6: $50,000 - $74,999","1: Less Than $25,000",2: High School,Female,1974.0,1: Yes Children Present,0,,
50566522,Plains,MT,59859,US,1.0,1.0,2013-06-08 11:00:46.000,"7: $75,000 - $99,999","5: $100,000 - $149,999",2: High School,Male,1959.0,2: No Children Present,1,,
50304534,Eden Prarie,MN,55347,US,1.0,1.0,2012-07-26 11:00:46.000,"8: $100,000 - $124,999","10: $100,000,000+",4: College,Male,1959.0,2: No Children Present,0,,
50327299,Rancho Cordova,CA,95742,US,1.0,1.0,2012-08-15 13:40:53.000,,"1: Less Than $25,000",,,,2: No Children Present,1,,
50193654,West Chester,PA,19380,US,1.0,1.0,2012-04-30 18:30:33.000,"13: $250,000+","10: $100,000,000+",4: College,Male,1968.0,1: Yes Children Present,0,,
50691597,ormond beach,FL,32176,US,1.0,1.0,2013-11-27 22:07:03.000,"8: $100,000 - $124,999","6: $150,000 - $249,999",3: Some College,Male,1953.0,2: No Children Present,1,,
50494535,Inkom,ID,83245,US,1.0,1.0,2013-02-20 15:30:53.000,"8: $100,000 - $124,999","8: $500,000 - $749,999",3: Some College,Male,1955.0,1: Yes Children Present,1,,
50890974,Madison Heights,MI,48071,US,1.0,1.0,2014-05-18 11:26:02.000,"5: $40,000 - $49,999","1: Less Than $25,000",2: High School,Male,1975.0,1: Yes Children Present,1,,
50498247,Altadena,CA,91001-1733,US,1.0,0.0,2013-02-25 17:41:03.000,"3: $20,000 - $29,999","6: $150,000 - $249,999",5: Graduate School,Female,1937.0,2: No Children Present,0,,
50089150,Novato,CA,94947,US,1.0,1.0,2012-02-13 14:16:50.000,"9: $125,000 - $149,999","10: $100,000,000+",4: College,Female,1943.0,2: No Children Present,1,,
50765484,Oxnard,CA,93035-2821,US,1.0,1.0,2014-01-30 10:16:49.000,"8: $100,000 - $124,999","9: $750,000 - $999,999",4: College,Female,1951.0,2: No Children Present,1,,
50250735,upper marlboro,MD,20772,US,1.0,1.0,2012-06-15 10:31:35.000,"9: $125,000 - $149,999","6: $150,000 - $249,999",3: Some College,Male,1971.0,1: Yes Children Present,0,,
50903418,Dallas,TX,75287,US,1.0,1.0,2014-05-28 22:17:02.000,"9: $125,000 - $149,999","7: $250,000 - $499,999",4: College,Female,1982.0,1: Yes Children Present,1,,
50013300,East Windsor,NJ,08520,US,1.0,0.0,2012-01-10 19:16:35.000,"11: $175,000 - $199,999","8: $500,000 - $749,999",3: Some College,Male,1956.0,2: No Children Present,0,,
50153206,Mattawan,MI,49071-9505,US,1.0,0.0,2012-04-03 13:21:10.000,"5: $40,000 - $49,999","7: $250,000 - $499,999",3: Some College,Female,1946.0,2: No Children Present,1,,
50217482,COLLEGE STATION,TX,77845,US,1.0,0.0,2012-05-23 08:31:55.000,"7: $75,000 - $99,999","7: $250,000 - $499,999",3: Some College,Male,1960.0,1: Yes Children Present,1,,
50915142,Hudson,MA,01749,US,1.0,1.0,2014-06-05 21:46:27.000,"7: $75,000 - $99,999","6: $150,000 - $249,999",2: High School,Female,1960.0,1: Yes Children Present,1,,
50339120,New Orleans,LA,70118-5948,US,1.0,0.0,2012-09-04 23:42:19.000,"12: $200,000 - $249,000","10: $100,000,000+",4: College,Female,1963.0,2: No Children Present,1,,
50274212,Sun City,CA,92586-6511,US,1.0,1.0,2012-06-29 12:51:35.000,"8: $100,000 - $124,999","7: $250,000 - $499,999",3: Some College,Male,1944.0,2: No Children Present,1,,
50068216,Ballston Lake,NY,12019-9237,US,1.0,1.0,2012-02-03 12:40:30.000,"11: $175,000 - $199,999","9: $750,000 - $999,999",4: College,Male,1952.0,2: No Children Present,1,,
50020499,Perth Amboy,NJ,08861,US,1.0,1.0,2012-01-16 12:38:39.000,,"1: Less Than $25,000",,,,2: No Children Present,1,,
50136599,Smyrna,GA,30080-4661,US,1.0,0.0,2012-03-22 16:25:45.000,"7: $75,000 - $99,999","9: $750,000 - $999,999",4: College,Male,1921.0,2: No Children Present,1,,
50051695,Blountstown,FL,32424-2038,US,1.0,0.0,2012-01-27 01:06:39.000,"5: $40,000 - $49,999","7: $250,000 - $499,999",2: High School,Male,1944.0,2: No Children Present,0,,
50515909,Culpeper,VA,22701-7908,US,0.0,0.0,2013-03-22 13:39:59.000,,"1: Less Than $25,000",,,,2: No Children Present,1,,
50804836,Larchmont,NY,10538-2616,US,1.0,0.0,2014-02-27 10:48:18.000,"6: $50,000 - $74,999","8: $500,000 - $749,999",5: Graduate School,Female,1936.0,2: No Children Present,1,,
50314530,Wasilla,AK,99687-6329,US,1.0,0.0,2012-08-02 22:58:25.000,"1: $0-$14,999","4: $75,000 - $99,999",3: Some College,Female,1947.0,2: No Children Present,1,,
50879018,Greentown,PA,18426,US,1.0,1.0,2014-05-08 13:06:31.000,"6: $50,000 - $74,999","7: $250,000 - $499,999",2: High School,Male,1947.0,2: No Children Present,1,,
50321049,Eagle Point,OR,97524-0557,US,1.0,1.0,2012-08-08 18:05:19.000,"7: $75,000 - $99,999","8: $500,000 - $749,999",2: High School,Male,1934.0,2: No Children Present,1,,
50206292,Knoxville,TN,37934-3955,US,0.0,0.0,2012-05-11 08:31:26.000,"7: $75,000 - $99,999","8: $500,000 - $749,999",4: College,Female,1937.0,2: No Children Present,1,,
50128421,Walnut Creek,CA,94596-6538,US,1.0,1.0,2012-03-15 17:08:24.000,"10: $150,000 - $174,999","10: $100,000,000+",4: College,Female,1943.0,2: No Children Present,0,,
50793314,Antelope,CA,95843-5522,US,1.0,0.0,2014-02-14 15:36:44.000,"6: $50,000 - $74,999","5: $100,000 - $149,999",3: Some College,Female,1950.0,1: Yes Children Present,1,,
50619119,Palo Alto,CA,94304,US,1.0,1.0,2013-07-31 18:07:56.000,,"1: Less Than $25,000",,,,2: No Children Present,1,,
50552546,Palo Alto,CA,94301,US,1.0,1.0,2013-05-25 21:40:52.000,,"1: Less Than $25,000",,,,2: No Children Present,1,,
50454694,potomac,MD,20854,US,1.0,1.0,2013-01-29 22:50:12.000,"12: $200,000 - $249,000","10: $100,000,000+",5: Graduate School,Female,1957.0,2: No Children Present,0,,
50818125,Wickliffe,OH,44092-2162,US,1.0,1.0,2014-03-13 15:32:37.000,"3: $20,000 - $29,999","8: $500,000 - $749,999",2: High School,Female,1935.0,2: No Children Present,1,,
50333246,Watertown,WI,53094-7020,US,1.0,0.0,2012-08-25 16:09:58.000,"5: $40,000 - $49,999","7: $250,000 - $499,999",2: High School,Female,1934.0,2: No Children Present,1,,
50838287,Sandy,UT,84092,US,1.0,1.0,2014-03-29 12:17:09.000,"8: $100,000 - $124,999","7: $250,000 - $499,999",4: College,Male,1953.0,1: Yes Children Present,1,,
50605244,Houston,TX,77006,US,1.0,0.0,2013-07-15 08:01:12.000,"11: $175,000 - $199,999","10: $100,000,000+",5: Graduate School,Female,1950.0,2: No Children Present,1,,
50672070,LAFAYETTE,CA,94549,US,1.0,0.0,2013-11-03 02:06:14.000,"6: $50,000 - $74,999","8: $500,000 - $749,999",4: College,Male,1946.0,2: No Children Present,1,,
50755122,Lithonia,GA,30058,US,1.0,1.0,2014-01-25 13:26:54.000,,"1: Less Than $25,000",,,,2: No Children Present,1,,
50035002,Syosset,NY,11791-9665,US,1.0,1.0,2012-01-23 16:45:25.000,"11: $175,000 - $199,999","10: $100,000,000+",4: College,Female,1936.0,2: No Children Present,1,,
50783755,West Chester,OH,45069-6610,US,1.0,1.0,2014-02-10 11:54:59.000,"9: $125,000 - $149,999","8: $500,000 - $749,999",4: College,Male,1966.0,1: Yes Children Present,1,,
50901658,Alva,OK,73717-3318,US,1.0,1.0,2014-05-27 13:49:09.000,"6: $50,000 - $74,999","7: $250,000 - $499,999",2: High School,Male,1942.0,2: No Children Present,1,,
50416496,Farmington,UT,84025-3626,US,1.0,1.0,2013-01-08 14:58:13.000,"6: $50,000 - $74,999","8: $500,000 - $749,999",4: College,Female,1956.0,2: No Children Present,0,,
50568882,Stoneboro,PA,16153-3332,US,1.0,1.0,2013-06-10 08:59:15.000,"5: $40,000 - $49,999","8: $500,000 - $749,999",2: High School,Male,1927.0,2: No Children Present,0,,
50301016,Brecksville,OH,44141,US,1.0,1.0,2012-07-24 10:10:40.000,"10: $150,000 - $174,999","10: $100,000,000+",4: College,Female,1954.0,2: No Children Present,0,,
50290274,Tomball,TX,77377-8619,US,1.0,1.0,2012-07-12 20:47:38.000,"7: $75,000 - $99,999","8: $500,000 - $749,999",4: College,Male,1939.0,2: No Children Present,1,,
50593103,La Mesa,CA,91941-7715,US,1.0,0.0,2013-06-27 19:44:59.000,,"1: Less Than $25,000",,,,2: No Children Present,0,,
50640333,Watkinsville,GA,30677,US,1.0,1.0,2013-09-08 22:17:38.000,"6: $50,000 - $74,999","8: $500,000 - $749,999",3: Some College,Male,1964.0,1: Yes Children Present,1,,
50889188,Morton Grove,IL,60053-2530,US,1.0,0.0,2014-05-16 16:01:50.000,"6: $50,000 - $74,999","7: $250,000 - $499,999",3: Some College,Female,1935.0,2: No Children Present,1,,
50120136,Great Neck,NY,11023-1931,US,1.0,0.0,2012-03-05 11:46:44.000,"6: $50,000 - $74,999","10: $100,000,000+",4: College,Male,1938.0,2: No Children Present,0,,
50332843,Friendswood,TX,77546-3648,US,1.0,1.0,2012-08-24 15:34:49.000,"4: $30,000 - $39,999","7: $250,000 - $499,999",3: Some College,Male,1929.0,2: No Children Present,0,,
50703556,Byron,MN,55920,US,1.0,0.0,2013-12-09 15:16:34.000,"10: $150,000 - $174,999","8: $500,000 - $749,999",3: Some College,Male,1957.0,2: No Children Present,1,,
50831211,Pell City,AL,35125-5056,US,1.0,1.0,2014-03-23 16:46:10.000,"11: $175,000 - $199,999","10: $100,000,000+",1: Some High School or Less,Female,1954.0,1: Yes Children Present,1,,
50455134,Austin,TX,78746,US,1.0,0.0,2013-01-30 10:00:28.000,"12: $200,000 - $249,000","9: $750,000 - $999,999",5: Graduate School,Female,1960.0,1: Yes Children Present,1,,
50309266,Los Angeles,CA,90004-3704,US,1.0,1.0,2012-07-30 13:00:57.000,"8: $100,000 - $124,999","7: $250,000 - $499,999",4: College,Male,1951.0,2: No Children Present,1,,
50517042,Duluth,MN,55803,US,1.0,1.0,2013-03-24 06:43:32.000,,"1: Less Than $25,000",3: Some College,,,1: Yes Children Present,1,,
50383646,Cambridge,MA,02139,US,1.0,0.0,2012-11-17 16:40:30.000,"10: $150,000 - $174,999","7: $250,000 - $499,999",5: Graduate School,Female,1980.0,1: Yes Children Present,1,4.0,
50370000,Mission Viejo,CA,92692-1629,US,1.0,0.0,2012-10-15 15:17:21.000,"8: $100,000 - $124,999","8: $500,000 - $749,999",3: Some College,Female,1946.0,2: No Children Present,1,4.0,
50797134,Hendersonville,NC,28791,US,1.0,1.0,2014-02-18 16:27:02.000,"3: $20,000 - $29,999","6: $150,000 - $249,999",4: College,Female,1964.0,1: Yes Children Present,1,,
50608518,APO,AP,96367,US,1.0,1.0,2013-07-20 03:48:02.000,,"1: Less Than $25,000",,,,2: No Children Present,1,,
50306983,Pawleys Island,SC,29585,US,1.0,1.0,2012-07-27 22:50:45.000,"6: $50,000 - $74,999","9: $750,000 - $999,999",4: College,Male,1951.0,2: No Children Present,1,,
50520172,Farmington Hills,MI,48331-2648,US,1.0,1.0,2013-03-28 09:37:26.000,"7: $75,000 - $99,999","9: $750,000 - $999,999",4: College,Male,1944.0,2: No Children Present,0,,
50779153,Schertz,TX,78154,US,1.0,1.0,2014-02-06 20:45:52.000,"11: $175,000 - $199,999","9: $750,000 - $999,999",4: College,Male,1985.0,1: Yes Children Present,1,,
50286474,Ballwin,MO,63011-3068,US,1.0,0.0,2012-07-10 16:46:37.000,"7: $75,000 - $99,999","7: $250,000 - $499,999",3: Some College,Male,1957.0,2: No Children Present,0,,
50832900,West Newton,MA,02465-1634,US,1.0,0.0,2014-03-24 22:12:22.000,,"1: Less Than $25,000",4: College,,,2: No Children Present,1,,
50124866,Springfield,MA,01119,US,1.0,0.0,2012-03-09 17:18:14.000,,"1: Less Than $25,000",,,,2: No Children Present,1,,
50271914,Rancho Palos Verdes,CA,90275-6267,US,1.0,0.0,2012-06-28 11:55:26.000,"8: $100,000 - $124,999","8: $500,000 - $749,999",4: College,Female,1930.0,2: No Children Present,1,,
50870779,sarasota,FL,34238,US,1.0,1.0,2014-04-29 15:55:54.000,"8: $100,000 - $124,999","8: $500,000 - $749,999",4: College,Male,1941.0,2: No Children Present,1,,
50024185,Washington,DC,20011,US,1.0,1.0,2012-01-18 14:13:30.000,,"1: Less Than $25,000",,,,2: No Children Present,1,,
50477972,Orange,CA,92868,US,1.0,1.0,2013-02-10 17:31:32.000,,"1: Less Than $25,000",,,,2: No Children Present,1,,
50349761,Marlborough,MA,01752-1050,US,1.0,1.0,2012-09-15 11:47:17.000,,"1: Less Than $25,000",4: College,,,1: Yes Children Present,0,,
50882674,Spring Valley,CA,91977-5909,US,1.0,0.0,2014-05-12 16:30:58.000,,"1: Less Than $25,000",,,,2: No Children Present,1,,
50869397,Tucson,AZ,85745,US,1.0,1.0,2014-04-28 11:16:30.000,"11: $175,000 - $199,999","10: $100,000,000+",4: College,Male,1952.0,2: No Children Present,1,,
50570062,East Lyme,CT,06333-1451,US,1.0,0.0,2013-06-10 16:04:42.000,"13: $250,000+","10: $100,000,000+",4: College,Male,1951.0,2: No Children Present,1,,
50237846,Kodak,TN,37764-1809,US,1.0,0.0,2012-06-07 14:05:34.000,"6: $50,000 - $74,999","8: $500,000 - $749,999",2: High School,Female,1936.0,2: No Children Present,1,,
50530249,Highlands,TX,77562,US,1.0,1.0,2013-04-12 23:50:08.000,,"1: Less Than $25,000",2: High School,,,1: Yes Children Present,1,,
50155000,Hanson,MA,02341-1611,US,1.0,1.0,2012-04-04 15:07:57.000,"7: $75,000 - $99,999","7: $250,000 - $499,999",3: Some College,Male,1951.0,2: No Children Present,0,,
50839203,Florence,AZ,85132-3200,US,1.0,0.0,2014-03-30 07:06:24.000,,"1: Less Than $25,000",,,,2: No Children Present,1,,
50215534,Yukon,OK,73099-2313,US,1.0,0.0,2012-05-21 18:25:19.000,"7: $75,000 - $99,999","8: $500,000 - $749,999",4: College,Female,1930.0,2: No Children Present,1,,
50261187,kingsland,GA,31548,US,1.0,0.0,2012-06-21 13:30:51.000,"9: $125,000 - $149,999","7: $250,000 - $499,999",2: High School,Female,1965.0,1: Yes Children Present,1,,
50027528,Stillwater,OK,74074-4130,US,1.0,0.0,2012-01-20 14:00:03.000,,"1: Less Than $25,000",4: College,,,2: No Children Present,1,,
50769560,Marshall,TX,75670-8543,US,1.0,0.0,2014-01-31 12:38:23.000,,"1: Less Than $25,000",,,,2: No Children Present,0,,
50780538,Gladewater,TX,75647,US,1.0,1.0,2014-02-07 18:16:04.000,"10: $150,000 - $174,999","9: $750,000 - $999,999",3: Some College,Male,1949.0,2: No Children Present,1,,
50562177,Centennial,CO,80015,US,1.0,0.0,2013-06-05 21:01:35.000,"12: $200,000 - $249,000","10: $100,000,000+",4: College,Male,1958.0,2: No Children Present,1,,
50068948,Marion,IA,52302-4130,US,1.0,0.0,2012-02-03 16:55:36.000,"10: $150,000 - $174,999","9: $750,000 - $999,999",3: Some College,Male,1959.0,1: Yes Children Present,0,,
50365636,Clarkston,MI,48347-0241,US,1.0,0.0,2012-10-05 13:26:09.000,"2: $15,000 - $19,999","6: $150,000 - $249,999",3: Some College,Female,1938.0,2: No Children Present,0,,
50240964,Emerald Hills,CA,94062,US,1.0,1.0,2012-06-09 04:10:40.000,,"1: Less Than $25,000",4: College,,,2: No Children Present,0,,
50041683,Virgin,UT,84779-0343,US,1.0,0.0,2012-01-25 12:15:02.000,,"1: Less Than $25,000",3: Some College,,,2: No Children Present,1,,
50567147,Marietta,GA,30062-6013,US,1.0,1.0,2013-06-08 15:21:15.000,"11: $175,000 - $199,999","10: $100,000,000+",4: College,Male,1948.0,2: No Children Present,1,,
50149142,KANSAS CITY,MO,64153,US,1.0,0.0,2012-03-31 08:32:31.000,,"1: Less Than $25,000",,,,2: No Children Present,1,,
50274071,Media,PA,19063,US,1.0,1.0,2012-06-29 11:20:24.000,"11: $175,000 - $199,999","10: $100,000,000+",5: Graduate School,Male,1944.0,2: No Children Present,1,,
50710840,philadelphia,PA,19106,US,1.0,0.0,2013-12-16 12:18:23.000,"12: $200,000 - $249,000","10: $100,000,000+",5: Graduate School,Male,1970.0,1: Yes Children Present,1,,
50452096,Syracuse,NY,13219-1438,US,1.0,1.0,2013-01-28 22:49:20.000,,"1: Less Than $25,000",,,,2: No Children Present,1,,
50495061,Azusa,CA,91702-6289,US,1.0,1.0,2013-02-21 12:21:18.000,"6: $50,000 - $74,999","7: $250,000 - $499,999",3: Some College,Male,1968.0,2: No Children Present,0,,
50711182,Boulder,CO,80304,US,1.0,0.0,2013-12-16 15:47:13.000,"8: $100,000 - $124,999","7: $250,000 - $499,999",4: College,Female,1976.0,2: No Children Present,1,,
50777997,Chelsea,AL,35043,US,1.0,1.0,2014-02-06 10:46:18.000,"11: $175,000 - $199,999","10: $100,000,000+",3: Some College,Male,1947.0,2: No Children Present,1,,
50343991,Culver City,CA,90230,US,1.0,1.0,2012-09-09 14:40:15.000,"6: $50,000 - $74,999","4: $75,000 - $99,999",4: College,Female,1967.0,2: No Children Present,1,,
50040815,Phoenix,AZ,85028-2503,US,1.0,1.0,2012-01-25 09:26:07.000,"7: $75,000 - $99,999","9: $750,000 - $999,999",4: College,Female,1942.0,1: Yes Children Present,0,,
50446530,Santa Barbara,CA,93105,US,1.0,0.0,2013-01-26 12:20:15.000,"8: $100,000 - $124,999","8: $500,000 - $749,999",4: College,Female,1940.0,2: No Children Present,1,,
50254395,Albany,NY,12208-2525,US,1.0,1.0,2012-06-18 08:31:30.000,"8: $100,000 - $124,999","9: $750,000 - $999,999",4: College,Male,1943.0,2: No Children Present,0,,
50427989,Brainerd,MN,56401-5322,US,1.0,0.0,2013-01-16 14:48:57.000,"4: $30,000 - $39,999","6: $150,000 - $249,999",3: Some College,Male,1955.0,2: No Children Present,1,,
50285186,Garland,TX,75040,US,1.0,1.0,2012-07-09 20:40:37.000,"9: $125,000 - $149,999","8: $500,000 - $749,999",4: College,Male,1958.0,1: Yes Children Present,0,,
50840017,Grayson,GA,30017,US,1.0,1.0,2014-03-30 19:46:40.000,,"1: Less Than $25,000",,,,2: No Children Present,0,,
50630618,Sherman Oaks,CA,91403,US,1.0,0.0,2013-08-19 13:06:19.000,"5: $40,000 - $49,999","9: $750,000 - $999,999",4: College,Male,1941.0,2: No Children Present,1,,
50243699,Washington,DC,20010,US,1.0,1.0,2012-06-11 12:00:54.000,"11: $175,000 - $199,999","9: $750,000 - $999,999",5: Graduate School,Male,1974.0,2: No Children Present,1,,
50266574,Towson,MD,21204-6417,US,1.0,0.0,2012-06-25 12:55:06.000,"11: $175,000 - $199,999","10: $100,000,000+",4: College,Male,1944.0,2: No Children Present,1,,
50081520,Franklin,MI,48025-1459,US,1.0,1.0,2012-02-09 16:02:52.000,"7: $75,000 - $99,999","9: $750,000 - $999,999",5: Graduate School,Male,1943.0,2: No Children Present,0,,
50925141,ATLANTA,GA,30360,US,1.0,1.0,2014-06-20 10:13:26.000,"10: $150,000 - $174,999","9: $750,000 - $999,999",4: College,Male,1954.0,2: No Children Present,1,,
50901001,Cedar Park,TX,78613,US,1.0,1.0,2014-05-26 23:16:32.000,"11: $175,000 - $199,999","9: $750,000 - $999,999",4: College,,,1: Yes Children Present,0,,
50870141,San Ramon,CA,94583,US,1.0,0.0,2014-04-28 23:36:26.000,"12: $200,000 - $249,000","10: $100,000,000+",4: College,Male,1964.0,1: Yes Children Present,0,,
50412097,Sacramento,CA,95831-3284,US,1.0,0.0,2012-12-31 17:00:14.000,,"1: Less Than $25,000",4: College,,,2: No Children Present,1,,
50927846,Colorado Springs,CO,80917-3318,US,1.0,0.0,2014-06-25 17:03:28.000,"10: $150,000 - $174,999","8: $500,000 - $749,999",4: College,,,2: No Children Present,1,,
50192479,Montgomery Village,MD,20886,US,1.0,1.0,2012-04-29 18:40:53.000,,"1: Less Than $25,000",3: Some College,,,2: No Children Present,1,,
50850979,Canandaigua,NY,14424-9357,US,1.0,0.0,2014-04-07 15:53:07.000,"4: $30,000 - $39,999","2: $25,000 - $49,999",3: Some College,Female,1949.0,2: No Children Present,1,,
50125643,Los Angeles,CA,90026,US,1.0,1.0,2012-03-10 21:17:55.000,,"1: Less Than $25,000",,,,2: No Children Present,1,,
50041394,Lake Forest,CA,92630-5543,US,1.0,0.0,2012-01-25 11:31:37.000,"5: $40,000 - $49,999","6: $150,000 - $249,999",3: Some College,Male,1953.0,2: No Children Present,0,,
50440072,San Diego,CA,92139-2108,US,1.0,1.0,2013-01-23 14:07:36.000,"4: $30,000 - $39,999","3: $50,000 - $74,999",3: Some College,Male,1945.0,2: No Children Present,1,,
50712067,Mount Pleasant,SC,29466-8745,US,1.0,1.0,2013-12-17 10:16:25.000,"10: $150,000 - $174,999","10: $100,000,000+",4: College,Female,1944.0,2: No Children Present,0,,
50779629,Naples,FL,34110,US,1.0,1.0,2014-02-07 10:36:46.000,"7: $75,000 - $99,999","9: $750,000 - $999,999",4: College,Male,1931.0,2: No Children Present,1,,
50622543,Gallatin,TN,37066-3642,US,1.0,0.0,2013-08-06 09:55:59.000,"6: $50,000 - $74,999","1: Less Than $25,000",2: High School,Male,1960.0,1: Yes Children Present,1,,
50874007,Severna Park,MD,21146,US,1.0,0.0,2014-05-02 23:36:05.000,"8: $100,000 - $124,999","9: $750,000 - $999,999",4: College,Female,1947.0,2: No Children Present,1,,
50785920,Christmas,FL,32709-9653,US,1.0,0.0,2014-02-11 13:55:42.000,"4: $30,000 - $39,999","7: $250,000 - $499,999",2: High School,Female,1936.0,2: No Children Present,1,,
50225478,Prior Lake,MN,55372-2547,US,1.0,1.0,2012-05-30 16:10:28.000,"5: $40,000 - $49,999","1: Less Than $25,000",3: Some College,Female,1976.0,1: Yes Children Present,1,,
50295997,Indian Head Park,IL,60525,US,1.0,0.0,2012-07-18 23:40:25.000,"6: $50,000 - $74,999","7: $250,000 - $499,999",3: Some College,Male,1929.0,2: No Children Present,1,,
50322810,Fremont,CA,94539-3054,US,1.0,0.0,2012-08-09 18:40:25.000,"9: $125,000 - $149,999","7: $250,000 - $499,999",4: College,Female,1960.0,1: Yes Children Present,1,,
50195827,East Moline,IL,61244,US,1.0,0.0,2012-05-02 16:01:04.000,"11: $175,000 - $199,999","9: $750,000 - $999,999",3: Some College,Female,1966.0,1: Yes Children Present,1,,
50759149,Chino Hills,CA,91709-2322,US,1.0,1.0,2014-01-27 15:54:35.000,"9: $125,000 - $149,999","5: $100,000 - $149,999",3: Some College,Female,1975.0,1: Yes Children Present,1,,
50610148,Dacula,GA,30019,US,1.0,0.0,2013-07-22 18:21:38.000,"9: $125,000 - $149,999","7: $250,000 - $499,999",4: College,Female,1968.0,1: Yes Children Present,1,,
50788169,Clayton,WI,54004-3317,US,1.0,0.0,2014-02-12 14:55:24.000,"6: $50,000 - $74,999","7: $250,000 - $499,999",2: High School,Male,1951.0,2: No Children Present,1,,
50420667,Mount Pleasant,PA,15666-2649,US,1.0,1.0,2013-01-11 09:52:13.000,"2: $15,000 - $19,999","4: $75,000 - $99,999",2: High School,Male,1954.0,2: No Children Present,0,,
50445630,Sandpoint,ID,83864-8633,US,1.0,1.0,2013-01-25 18:51:35.000,,"1: Less Than $25,000",,,,2: No Children Present,0,,
50220323,Miami,FL,33143,US,1.0,0.0,2012-05-25 10:10:50.000,"7: $75,000 - $99,999","7: $250,000 - $499,999",4: College,Female,1961.0,1: Yes Children Present,1,,
50884971,las vegas,NV,89169,US,1.0,1.0,2014-05-14 09:26:30.000,,"1: Less Than $25,000",,,,2: No Children Present,1,,
50500388,Phoenix,AZ,85037,US,1.0,1.0,2013-02-27 19:51:25.000,,"1: Less Than $25,000",,,,2: No Children Present,1,,
50391943,Eureka,MO,63025,US,1.0,1.0,2012-11-30 17:51:10.000,"6: $50,000 - $74,999","1: Less Than $25,000",3: Some College,Male,1972.0,2: No Children Present,1,,
50005336,Wister,OK,74966,US,1.0,1.0,2012-01-05 20:46:04.000,"4: $30,000 - $39,999","7: $250,000 - $499,999",2: High School,Male,1938.0,2: No Children Present,0,,
50044624,New Hampton,NH,03256,US,1.0,1.0,2012-01-25 20:41:14.000,"5: $40,000 - $49,999","8: $500,000 - $749,999",3: Some College,Male,1932.0,2: No Children Present,1,,
50693657,San Diego,CA,92120,US,1.0,1.0,2013-11-29 22:58:51.000,"9: $125,000 - $149,999","10: $100,000,000+",4: College,Female,1940.0,2: No Children Present,1,,
50177743,Lincoln,RI,02865-2307,US,0.0,0.0,2012-04-18 20:58:21.000,"9: $125,000 - $149,999","8: $500,000 - $749,999",4: College,Male,1962.0,1: Yes Children Present,1,,
50738965,Dover,NH,03820,US,1.0,0.0,2014-01-16 08:46:17.000,,"1: Less Than $25,000",3: Some College,,,1: Yes Children Present,1,,
50073898,Miami,FL,33157-1449,US,0.0,0.0,2012-02-06 22:53:00.000,"6: $50,000 - $74,999","5: $100,000 - $149,999",3: Some College,Female,1955.0,2: No Children Present,0,,
50560231,Afton,IA,50830-8225,US,1.0,1.0,2013-06-04 23:06:16.000,"7: $75,000 - $99,999","9: $750,000 - $999,999",2: High School,Male,1941.0,2: No Children Present,1,,
50441335,Chico,CA,95973-1088,US,1.0,1.0,2013-01-23 23:38:06.000,"6: $50,000 - $74,999","9: $750,000 - $999,999",4: College,Male,1933.0,2: No Children Present,0,,
50242036,Lewis,CO,81327,US,1.0,1.0,2012-06-09 20:20:40.000,"8: $100,000 - $124,999","6: $150,000 - $249,999",3: Some College,Female,1963.0,1: Yes Children Present,1,,
50310234,Hyattsville,MD,20783,US,1.0,1.0,2012-07-30 23:11:18.000,"8: $100,000 - $124,999","6: $150,000 - $249,999",2: High School,Male,1962.0,2: No Children Present,1,,
50607596,Paoli,PA,19301-1519,US,1.0,0.0,2013-07-18 12:46:23.000,"12: $200,000 - $249,000","9: $750,000 - $999,999",4: College,Female,1962.0,1: Yes Children Present,1,,
50032266,Haverhill,MA,01830,US,1.0,1.0,2012-01-22 20:40:37.000,,"1: Less Than $25,000",,,,2: No Children Present,1,,
50918750,Minneapolis,MN,55404-4495,US,1.0,0.0,2014-06-09 13:43:51.000,"1: $0-$14,999","2: $25,000 - $49,999",2: High School,Male,1929.0,2: No Children Present,1,,
50443681,Pahokee,FL,33476-1804,US,1.0,1.0,2013-01-24 22:10:35.000,"3: $20,000 - $29,999","3: $50,000 - $74,999",1: Some High School or Less,Male,1945.0,2: No Children Present,0,,
50226037,Conway,AR,72032-9568,US,0.0,0.0,2012-05-31 08:32:02.000,"4: $30,000 - $39,999","7: $250,000 - $499,999",3: Some College,Male,1925.0,2: No Children Present,0,,
50895978,Oakland,CA,94609,US,1.0,0.0,2014-05-21 19:06:00.000,"9: $125,000 - $149,999","7: $250,000 - $499,999",3: Some College,Male,1980.0,2: No Children Present,1,,
50231920,Frederick,MD,21701-9311,US,1.0,1.0,2012-06-04 22:02:07.000,"7: $75,000 - $99,999","9: $750,000 - $999,999",4: College,Male,1972.0,2: No Children Present,1,,
50693221,Wake Forest,NC,27587,US,1.0,1.0,2013-11-29 18:17:20.000,,"1: Less Than $25,000",3: Some College,,,2: No Children Present,1,,
50886417,Oceanside,CA,92054-4273,US,1.0,1.0,2014-05-14 22:07:02.000,"8: $100,000 - $124,999","6: $150,000 - $249,999",1: Some High School or Less,,,2: No Children Present,1,,
50341660,Encinitas,CA,92024,US,1.0,0.0,2012-09-06 23:40:51.000,"6: $50,000 - $74,999","7: $250,000 - $499,999",4: College,Female,1943.0,2: No Children Present,1,,
50341139,Brunswick,GA,31525-8408,US,1.0,1.0,2012-09-06 15:22:40.000,"5: $40,000 - $49,999","6: $150,000 - $249,999",3: Some College,Male,1947.0,2: No Children Present,0,,
50534357,West Allis,WI,53219,US,1.0,0.0,2013-04-18 11:10:51.000,"12: $200,000 - $249,000","10: $100,000,000+",2: High School,Female,1956.0,1: Yes Children Present,1,3.0,5.0
50398680,Ouzinkie,AK,99644-0023,US,1.0,0.0,2012-12-10 19:36:32.000,"1: $0-$14,999","1: Less Than $25,000",2: High School,Male,1954.0,2: No Children Present,1,3.0,5.0
50525407,Miami,FL,33175-4635,US,1.0,1.0,2013-04-04 17:04:22.000,"8: $100,000 - $124,999","7: $250,000 - $499,999",2: High School,Female,1971.0,1: Yes Children Present,1,3.0,5.0
50685341,New York,NY,10016,US,1.0,1.0,2013-11-18 22:25:50.000,,"1: Less Than $25,000",4: College,,,2: No Children Present,1,3.0,5.0
50913929,Brooklyn,NY,11231-4012,US,1.0,0.0,2014-06-05 15:15:37.000,"8: $100,000 - $124,999","10: $100,000,000+",4: College,Male,1948.0,2: No Children Present,1,3.0,5.0
50890107,Westmont,IL,60559-2151,US,1.0,1.0,2014-05-17 12:26:05.000,"9: $125,000 - $149,999","10: $100,000,000+",4: College,Male,1938.0,2: No Children Present,1,3.0,5.0
50661246,North Port,FL,34287-1620,US,1.0,0.0,2013-10-18 11:42:02.000,"1: $0-$14,999","3: $50,000 - $74,999",2: High School,Female,1930.0,2: No Children Present,1,3.0,5.0
50494388,Columbus,OH,43221-2344,US,1.0,0.0,2013-02-20 13:16:05.000,,"1: Less Than $25,000",,,,2: No Children Present,0,3.0,5.0
50765593,HOTCHKISS,CO,81419-9725,US,1.0,1.0,2014-01-30 10:56:07.000,"3: $20,000 - $29,999","7: $250,000 - $499,999",2: High School,Male,1934.0,2: No Children Present,1,3.0,5.0
50227517,Ozark,MO,65721-5182,US,1.0,0.0,2012-06-01 13:43:38.000,"12: $200,000 - $249,000","9: $750,000 - $999,999",3: Some College,Female,1960.0,2: No Children Present,1,,
50748457,Glen Saint Mary,FL,32040,US,1.0,1.0,2014-01-22 13:37:25.000,"8: $100,000 - $124,999","7: $250,000 - $499,999",2: High School,Female,1972.0,1: Yes Children Present,1,,
50781000,Timnath,CO,80547,US,1.0,1.0,2014-02-08 09:36:50.000,"13: $250,000+","10: $100,000,000+",4: College,Male,1970.0,1: Yes Children Present,1,,
50472813,Lake Elmo,MN,55042-9403,US,1.0,0.0,2013-02-07 10:14:24.000,,"1: Less Than $25,000",,,,2: No Children Present,1,,
50029911,Helena,MT,59604-6752,US,1.0,1.0,2012-01-21 15:37:27.000,"3: $20,000 - $29,999","5: $100,000 - $149,999",2: High School,Female,1946.0,2: No Children Present,0,,
50142024,Albuquerque,NM,87107-3355,US,1.0,0.0,2012-03-26 13:09:10.000,"6: $50,000 - $74,999","4: $75,000 - $99,999",2: High School,Female,1958.0,2: No Children Present,1,,
50832770,Thornton,CO,80241-3465,US,1.0,1.0,2014-03-24 19:36:44.000,,"1: Less Than $25,000",3: Some College,,,1: Yes Children Present,0,,
50488153,Leeds,NY,12451-0684,US,1.0,0.0,2013-02-15 14:40:04.000,"6: $50,000 - $74,999","3: $50,000 - $74,999",2: High School,Female,1949.0,2: No Children Present,1,,
50079376,Salem,OR,97302-3123,US,0.0,1.0,2012-02-08 19:21:15.000,"2: $15,000 - $19,999","6: $150,000 - $249,999",3: Some College,Female,1945.0,2: No Children Present,0,,
50162556,BERKELEY,CA,94702,US,1.0,0.0,2012-04-10 08:32:35.000,"4: $30,000 - $39,999","3: $50,000 - $74,999",4: College,Female,1941.0,2: No Children Present,1,,
50117896,Las Vegas,NV,89123,US,1.0,0.0,2012-03-02 01:07:43.000,"8: $100,000 - $124,999","7: $250,000 - $499,999",3: Some College,Female,1961.0,1: Yes Children Present,1,,
50409264,Oconomowoc,WI,53066-2673,US,1.0,1.0,2012-12-26 15:01:17.000,,"1: Less Than $25,000",,,,2: No Children Present,1,,
50893847,Cheyenne,WY,82001-2756,US,1.0,0.0,2014-05-20 10:27:40.000,"9: $125,000 - $149,999","10: $100,000,000+",4: College,Male,1940.0,2: No Children Present,1,,5.0
50381672,Tonawanda,NY,14150,US,1.0,1.0,2012-11-12 20:40:56.000,,"1: Less Than $25,000",3: Some College,,,2: No Children Present,1,,5.0
50892918,Effingham,IL,62401-2516,US,1.0,0.0,2014-05-19 17:20:25.000,,"1: Less Than $25,000",,,,2: No Children Present,1,,5.0
50561190,CASTLE ROCK,CO,80108,US,1.0,0.0,2013-06-05 13:40:27.000,,"1: Less Than $25,000",4: College,,,2: No Children Present,1,,5.0
50891109,Pleasantville,NY,10570,US,1.0,1.0,2014-05-18 13:36:20.000,"8: $100,000 - $124,999","8: $500,000 - $749,999",4: College,Male,1934.0,2: No Children Present,1,,5.0
50677814,Bellevue,WA,98004,US,1.0,1.0,2013-11-09 14:55:53.000,"11: $175,000 - $199,999","10: $100,000,000+",4: College,Male,1978.0,1: Yes Children Present,1,,5.0
50319655,Audubon,NJ,08106,US,1.0,1.0,2012-08-07 19:20:34.000,"11: $175,000 - $199,999","9: $750,000 - $999,999",3: Some College,Male,1961.0,1: Yes Children Present,0,,5.0
50262806,Maplewood,MN,55119,US,1.0,1.0,2012-06-22 09:30:26.000,"6: $50,000 - $74,999","7: $250,000 - $499,999",4: College,Male,1957.0,2: No Children Present,1,,5.0
50427010,Brooklyn,NY,11213-3523,US,1.0,0.0,2013-01-15 19:00:29.000,,"1: Less Than $25,000",,,,2: No Children Present,1,,5.0
50491495,Saint Louis,MO,63118-0156,US,1.0,0.0,2013-02-17 14:44:05.000,"1: $0-$14,999","1: Less Than $25,000",2: High School,Female,1962.0,2: No Children Present,1,,5.0
50392363,Manassas,VA,20109,US,1.0,1.0,2012-12-01 15:01:19.000,,"1: Less Than $25,000",,,,2: No Children Present,1,,5.0
50184732,Lehigh Acres,FL,33971,US,1.0,1.0,2012-04-23 08:00:11.000,"9: $125,000 - $149,999","6: $150,000 - $249,999",2: High School,Male,1976.0,1: Yes Children Present,0,,5.0
50523078,Washington,DC,20019-5713,US,1.0,0.0,2013-04-01 15:37:55.000,"7: $75,000 - $99,999","8: $500,000 - $749,999",3: Some College,Female,1924.0,2: No Children Present,1,,5.0
50575928,Santa Fe,NM,87508,US,1.0,0.0,2013-06-14 14:30:55.000,"8: $100,000 - $124,999","7: $250,000 - $499,999",4: College,Female,1970.0,1: Yes Children Present,1,,5.0
50362306,Morro Bay,CA,93442-1877,US,0.0,0.0,2012-09-28 20:02:43.000,"6: $50,000 - $74,999","7: $250,000 - $499,999",4: College,Female,1952.0,2: No Children Present,0,,
50921123,San Jose,CA,95129,US,1.0,1.0,2014-06-12 13:04:01.000,"11: $175,000 - $199,999","10: $100,000,000+",4: College,Male,1970.0,1: Yes Children Present,1,,
50227713,fort myers,FL,33908,US,1.0,0.0,2012-06-01 15:31:29.000,"12: $200,000 - $249,000","10: $100,000,000+",3: Some College,Male,1950.0,1: Yes Children Present,1,,
50735503,Clover,SC,29710-7393,US,1.0,0.0,2014-01-13 16:32:09.000,"4: $30,000 - $39,999","2: $25,000 - $49,999",2: High School,Male,1959.0,1: Yes Children Present,1,,
50929518,Grand Junction,CO,81507,US,1.0,1.0,2014-06-28 11:24:17.000,"6: $50,000 - $74,999","8: $500,000 - $749,999",4: College,Male,1950.0,2: No Children Present,1,,
50585866,Fairmont,MN,56031-2735,US,1.0,0.0,2013-06-24 10:24:46.000,"1: $0-$14,999","7: $250,000 - $499,999",2: High School,Female,1944.0,2: No Children Present,1,,
50917309,Fort Mill,SC,29707,US,1.0,0.0,2014-06-07 19:16:46.000,"3: $20,000 - $29,999","7: $250,000 - $499,999",2: High School,Female,1949.0,2: No Children Present,1,,
50425907,Palestine,TX,75803-2350,US,1.0,0.0,2013-01-15 05:03:40.000,,"1: Less Than $25,000",,,,2: No Children Present,1,,
50134183,Whitefish,MT,59937,US,1.0,0.0,2012-03-21 12:17:33.000,"7: $75,000 - $99,999","7: $250,000 - $499,999",3: Some College,Female,1951.0,2: No Children Present,1,,
50925811,Murfreesboro,TN,37128,US,1.0,1.0,2014-06-21 18:23:01.000,"11: $175,000 - $199,999","9: $750,000 - $999,999",3: Some College,Male,1962.0,1: Yes Children Present,1,,
50173196,Decatur,GA,30030,US,1.0,1.0,2012-04-16 18:50:39.000,"9: $125,000 - $149,999","7: $250,000 - $499,999",3: Some College,Male,,2: No Children Present,0,,
50573068,Raleigh,NC,27613-7092,US,1.0,0.0,2013-06-12 11:50:06.000,"6: $50,000 - $74,999","7: $250,000 - $499,999",4: College,Male,1930.0,2: No Children Present,1,,
50199859,Plainfield,NJ,07060-2832,US,1.0,0.0,2012-05-05 16:56:05.000,"4: $30,000 - $39,999","7: $250,000 - $499,999",2: High School,Male,1949.0,2: No Children Present,1,,
50127291,Denver,CO,80237-3485,US,1.0,1.0,2012-03-13 16:47:52.000,,"1: Less Than $25,000",,,,2: No Children Present,0,,
50518734,Parkton,MD,21120-9649,US,1.0,0.0,2013-03-26 09:50:16.000,"10: $150,000 - $174,999","8: $500,000 - $749,999",3: Some College,Female,1960.0,1: Yes Children Present,1,,
50445671,West Lafayette,IN,47906-7325,US,1.0,0.0,2013-01-25 19:13:15.000,"4: $30,000 - $39,999","8: $500,000 - $749,999",4: College,Male,1922.0,2: No Children Present,1,,
50600924,Summit,NJ,07901-2009,US,1.0,1.0,2013-07-08 12:30:42.000,"9: $125,000 - $149,999","10: $100,000,000+",5: Graduate School,Female,1953.0,2: No Children Present,1,,
50011981,bluemont,VA,20135-0367,US,1.0,0.0,2012-01-10 10:41:25.000,,"1: Less Than $25,000",,,,2: No Children Present,0,,
50003221,Paisley,FL,32767-9712,US,1.0,0.0,2012-01-04 16:39:48.000,"2: $15,000 - $19,999","4: $75,000 - $99,999",2: High School,Male,1934.0,2: No Children Present,1,,
50563448,San Jose,CA,95119-1350,US,1.0,0.0,2013-06-06 14:36:38.000,"7: $75,000 - $99,999","7: $250,000 - $499,999",4: College,Female,1941.0,2: No Children Present,1,,
50051075,Portland,TN,37148,US,1.0,1.0,2012-01-26 22:41:19.000,,"1: Less Than $25,000",1: Some High School or Less,,,1: Yes Children Present,1,,
50443257,Lincoln,IL,62656-1505,US,1.0,0.0,2013-01-24 18:13:39.000,"6: $50,000 - $74,999","7: $250,000 - $499,999",3: Some College,Female,1943.0,2: No Children Present,1,,
50212716,Aptos,CA,95001,US,1.0,0.0,2012-05-18 12:30:20.000,,"1: Less Than $25,000",4: College,,,2: No Children Present,0,,
50050697,Fairfax,VA,22032,US,1.0,0.0,2012-01-26 21:44:10.000,"12: $200,000 - $249,000","10: $100,000,000+",4: College,Male,1968.0,1: Yes Children Present,1,,
50623805,Brooks,GA,30205-2820,US,1.0,0.0,2013-08-08 10:54:57.000,"6: $50,000 - $74,999","5: $100,000 - $149,999",2: High School,Male,1955.0,1: Yes Children Present,1,,
50166504,Fairfield,CA,94534,US,1.0,0.0,2012-04-12 15:47:43.000,"10: $150,000 - $174,999","8: $500,000 - $749,999",4: College,Male,1961.0,1: Yes Children Present,0,,
50414681,Kembridge,VA,23944,US,1.0,0.0,2013-01-07 09:51:04.000,"6: $50,000 - $74,999","5: $100,000 - $149,999",2: High School,Male,1949.0,2: No Children Present,0,,
50568099,Kingman,AZ,86401-8627,US,1.0,0.0,2013-06-09 14:27:51.000,,"1: Less Than $25,000",,,,2: No Children Present,1,,
50712985,Edgar Springs,MO,65462-0489,US,1.0,1.0,2013-12-17 23:08:56.000,,"1: Less Than $25,000",2: High School,,,2: No Children Present,0,,
50482697,Aberdeen,NC,28315,US,1.0,1.0,2013-02-13 09:40:36.000,"8: $100,000 - $124,999","5: $100,000 - $149,999",2: High School,Male,1979.0,1: Yes Children Present,1,,
50549153,Boise,ID,83709-0014,US,1.0,0.0,2013-05-17 18:40:34.000,"7: $75,000 - $99,999","7: $250,000 - $499,999",3: Some College,Male,,1: Yes Children Present,0,,
50504747,Oroville,CA,95966-7239,US,1.0,1.0,2013-03-04 14:34:02.000,"8: $100,000 - $124,999","8: $500,000 - $749,999",2: High School,Male,1941.0,2: No Children Present,0,,
50578751,Coral Gables,FL,33134,US,1.0,1.0,2013-06-17 14:20:13.000,,"1: Less Than $25,000",,,,2: No Children Present,0,,
50647602,Rhinelander,WI,54501,US,1.0,0.0,2013-09-22 21:26:26.000,"7: $75,000 - $99,999","4: $75,000 - $99,999",2: High School,Female,1959.0,1: Yes Children Present,1,,
50578429,San Marcos,TX,78666-5000,US,1.0,0.0,2013-06-17 11:26:24.000,"6: $50,000 - $74,999","8: $500,000 - $749,999",4: College,Female,1950.0,2: No Children Present,1,,
50045033,Forest Lake,MN,55025,US,1.0,0.0,2012-01-25 22:11:11.000,"8: $100,000 - $124,999","7: $250,000 - $499,999",3: Some College,Male,,2: No Children Present,1,,
50351853,Westlake Village,CA,91362-5429,US,1.0,1.0,2012-09-18 10:33:54.000,"10: $150,000 - $174,999","9: $750,000 - $999,999",4: College,Male,1953.0,2: No Children Present,1,,
50388099,Jacksonville,FL,32225-6510,US,1.0,0.0,2012-11-26 10:06:21.000,"2: $15,000 - $19,999","1: Less Than $25,000",3: Some College,Male,1953.0,2: No Children Present,1,,
50819777,Yelm,WA,98597-0808,US,1.0,1.0,2014-03-14 17:10:49.000,"6: $50,000 - $74,999","8: $500,000 - $749,999",3: Some College,Male,1924.0,2: No Children Present,1,,
50111915,Ridgway,CO,81432-9102,US,1.0,0.0,2012-02-27 10:55:40.000,"8: $100,000 - $124,999","8: $500,000 - $749,999",4: College,Male,1956.0,2: No Children Present,1,,
50312289,Hopatcong,NJ,07843-1822,US,1.0,0.0,2012-08-01 12:57:25.000,,"1: Less Than $25,000",3: Some College,,,1: Yes Children Present,1,,
50420133,Nashville,TN,37212-4124,US,1.0,0.0,2013-01-10 17:42:57.000,,"1: Less Than $25,000",5: Graduate School,,,2: No Children Present,1,,
50765028,Dover,DE,19904-4875,US,1.0,1.0,2014-01-29 23:14:56.000,"7: $75,000 - $99,999","7: $250,000 - $499,999",3: Some College,Male,1950.0,2: No Children Present,0,,
50909145,Londonderry,NH,03053,US,1.0,1.0,2014-06-03 10:58:11.000,"5: $40,000 - $49,999","6: $150,000 - $249,999",4: College,Male,1953.0,2: No Children Present,1,,
50135648,Gaithersburg,MD,20877,US,1.0,0.0,2012-03-22 09:27:14.000,"6: $50,000 - $74,999","6: $150,000 - $249,999",,Male,1948.0,2: No Children Present,1,,
50416624,Charlotte,NC,28210-2475,US,1.0,0.0,2013-01-08 16:01:14.000,"6: $50,000 - $74,999","8: $500,000 - $749,999",4: College,Female,1920.0,2: No Children Present,1,,
50748668,tiburon,CA,94920,US,1.0,1.0,2014-01-22 14:36:49.000,"9: $125,000 - $149,999","8: $500,000 - $749,999",4: College,Female,1956.0,2: No Children Present,0,,
50771270,Rockville,MD,20852-4549,US,1.0,1.0,2014-02-01 13:00:16.000,"7: $75,000 - $99,999","10: $100,000,000+",5: Graduate School,Male,1926.0,1: Yes Children Present,0,,
50195596,Wooster,OH,44691-1554,US,1.0,1.0,2012-05-02 12:30:30.000,"7: $75,000 - $99,999","8: $500,000 - $749,999",4: College,Male,1953.0,2: No Children Present,0,,
50371035,Tullahoma,TN,37388,US,1.0,1.0,2012-10-17 15:20:41.000,"7: $75,000 - $99,999","5: $100,000 - $149,999",2: High School,Female,,1: Yes Children Present,1,,
50179579,Columbus,GA,31904,US,1.0,0.0,2012-04-19 14:20:46.000,"6: $50,000 - $74,999","6: $150,000 - $249,999",2: High School,Female,1959.0,1: Yes Children Present,1,,
50367822,Beaumont,TX,77706-6099,US,0.0,0.0,2012-10-10 09:50:11.000,,"1: Less Than $25,000",,,,2: No Children Present,0,,
50247964,Westport,MA,02790-4012,US,1.0,0.0,2012-06-13 16:08:39.000,"3: $20,000 - $29,999","1: Less Than $25,000",2: High School,Male,1957.0,1: Yes Children Present,0,,
50673943,Deerwood,MN,56444-8609,US,1.0,1.0,2013-11-05 10:15:20.000,"7: $75,000 - $99,999","8: $500,000 - $749,999",3: Some College,Male,1940.0,2: No Children Present,1,,
50613682,Gainesville,FL,32601,US,1.0,0.0,2013-07-25 21:23:55.000,,"1: Less Than $25,000",,,,2: No Children Present,1,,
50134723,Carmel,CA,93923-9453,US,1.0,0.0,2012-03-21 16:03:37.000,,"1: Less Than $25,000",4: College,,,1: Yes Children Present,1,,
50582451,State College,PA,16801-7489,US,1.0,0.0,2013-06-20 14:37:10.000,"6: $50,000 - $74,999","7: $250,000 - $499,999",4: College,Male,1948.0,2: No Children Present,1,,
50178820,WashingtonRoadW,NC,27889,US,1.0,0.0,2012-04-19 09:50:42.000,"7: $75,000 - $99,999","8: $500,000 - $749,999",3: Some College,Male,1945.0,2: No Children Present,1,,
50061849,Cincinnati,OH,45242-4638,US,1.0,0.0,2012-01-31 10:11:26.000,"12: $200,000 - $249,000","10: $100,000,000+",4: College,Female,1965.0,1: Yes Children Present,1,,
50439042,Gladstone,NJ,07934,US,1.0,0.0,2013-01-23 00:51:07.000,,"1: Less Than $25,000",,,,2: No Children Present,1,,
50463344,Pasadena,TX,77506,US,1.0,0.0,2013-02-01 16:21:17.000,"6: $50,000 - $74,999","7: $250,000 - $499,999",2: High School,Male,1952.0,2: No Children Present,1,,
50661317,Lancaster,PA,17601,US,1.0,0.0,2013-10-18 13:36:27.000,,"1: Less Than $25,000",,,,2: No Children Present,1,,
50816778,Saint Louis,MO,63125-3402,US,1.0,1.0,2014-03-12 19:02:03.000,,"1: Less Than $25,000",,,,2: No Children Present,1,,
50669624,Sterling,CO,80751-9644,US,1.0,1.0,2013-10-31 11:54:44.000,"9: $125,000 - $149,999","9: $750,000 - $999,999",3: Some College,Male,1944.0,1: Yes Children Present,1,,
50921956,Colfax,NC,27235-9675,US,1.0,1.0,2014-06-13 18:51:34.000,"6: $50,000 - $74,999","7: $250,000 - $499,999",4: College,Male,1946.0,2: No Children Present,1,,
50378192,alameda,CA,94501,US,1.0,1.0,2012-11-04 04:51:16.000,"9: $125,000 - $149,999","4: $75,000 - $99,999",4: College,Female,1984.0,1: Yes Children Present,1,,
50538537,Midlothian,VA,23114-4646,US,1.0,0.0,2013-04-24 21:10:19.000,"11: $175,000 - $199,999","9: $750,000 - $999,999",3: Some College,Male,1963.0,1: Yes Children Present,1,,
50880804,Paris,IL,61944-1824,US,1.0,0.0,2014-05-10 11:56:39.000,"4: $30,000 - $39,999","1: Less Than $25,000",2: High School,Female,1972.0,2: No Children Present,1,,
50317224,Parkersburg,WV,26104-7011,US,1.0,1.0,2012-08-10 08:05:38.000,"6: $50,000 - $74,999","6: $150,000 - $249,999",2: High School,Female,1959.0,2: No Children Present,1,,
50170377,SAN PEDRO,CA,90733,US,1.0,0.0,2012-04-15 08:32:01.000,,"1: Less Than $25,000",,,,2: No Children Present,1,,
50598206,Captain Cook,HI,96704,US,1.0,0.0,2013-07-04 00:40:40.000,,"1: Less Than $25,000",,,,2: No Children Present,1,,
50311254,Pittsboro,NC,27312,US,1.0,0.0,2012-07-31 15:30:50.000,"7: $75,000 - $99,999","7: $250,000 - $499,999",3: Some College,Female,1943.0,2: No Children Present,0,,
50291593,Fort Worth,TX,76137,US,1.0,0.0,2012-07-13 20:41:01.000,"6: $50,000 - $74,999","5: $100,000 - $149,999",4: College,Male,1963.0,1: Yes Children Present,1,,
50213436,Grand Rapids,MI,49507,US,1.0,1.0,2012-05-19 14:00:22.000,"6: $50,000 - $74,999","7: $250,000 - $499,999",4: College,Male,1956.0,2: No Children Present,1,,
50429297,Lakeland,FL,33801-5247,US,1.0,1.0,2013-01-17 12:50:55.000,"1: $0-$14,999","1: Less Than $25,000",3: Some College,Female,1942.0,2: No Children Present,0,,
50500852,Havre de Grace,MD,21078-4102,US,1.0,0.0,2013-02-28 10:29:05.000,"9: $125,000 - $149,999","8: $500,000 - $749,999",3: Some College,Female,1957.0,2: No Children Present,1,,
50015953,Detroit,MI,48201-2136,US,1.0,1.0,2012-01-12 14:41:26.000,,"1: Less Than $25,000",,,,2: No Children Present,0,,
50671584,la grange park,IL,60526,US,1.0,1.0,2013-11-02 10:17:12.000,"10: $150,000 - $174,999","9: $750,000 - $999,999",4: College,Male,1940.0,2: No Children Present,1,,
50188337,Laporte,IN,46350,US,1.0,0.0,2012-04-25 22:10:22.000,"7: $75,000 - $99,999","7: $250,000 - $499,999",3: Some College,Male,1960.0,2: No Children Present,1,,
50166190,Dublin,NH,03444,US,1.0,0.0,2012-04-12 13:07:49.000,"5: $40,000 - $49,999","6: $150,000 - $249,999",4: College,Female,1945.0,2: No Children Present,1,,
50885062,Oskaloosa,IA,52577,US,1.0,1.0,2014-05-14 10:05:40.000,"11: $175,000 - $199,999","10: $100,000,000+",3: Some College,Female,1954.0,1: Yes Children Present,1,,
50460843,Indialantic,FL,32903-4313,US,1.0,0.0,2013-01-31 19:32:58.000,"11: $175,000 - $199,999","10: $100,000,000+",4: College,Male,1945.0,1: Yes Children Present,1,,
50039989,Troy,IL,62294,US,1.0,1.0,2012-01-24 21:40:42.000,"11: $175,000 - $199,999","9: $750,000 - $999,999",3: Some College,Female,1944.0,1: Yes Children Present,1,,
50105077,Joppa,MD,21085-4687,US,1.0,0.0,2012-02-20 11:46:14.000,"7: $75,000 - $99,999","5: $100,000 - $149,999",3: Some College,Female,1953.0,2: No Children Present,1,,
50855520,New York,NY,10024,US,1.0,1.0,2014-04-13 12:36:40.000,"7: $75,000 - $99,999","5: $100,000 - $149,999",5: Graduate School,Female,1962.0,1: Yes Children Present,1,,
50267843,Danvers,IL,61732,US,1.0,0.0,2012-06-26 00:00:27.000,"9: $125,000 - $149,999","8: $500,000 - $749,999",2: High School,Male,1948.0,2: No Children Present,0,,
50543776,Sarasota,FL,34231-7841,US,1.0,0.0,2013-05-06 12:48:43.000,"8: $100,000 - $124,999","8: $500,000 - $749,999",4: College,Male,1927.0,2: No Children Present,1,1.0,
50002315,Chicago,IL,60613-2485,US,1.0,1.0,2012-01-04 07:55:12.000,"6: $50,000 - $74,999","6: $150,000 - $249,999",4: College,Female,1948.0,2: No Children Present,0,1.0,
50128012,Shreveport,LA,71119-8121,US,1.0,0.0,2012-03-14 22:57:01.000,"6: $50,000 - $74,999","7: $250,000 - $499,999",3: Some College,Male,1955.0,2: No Children Present,0,1.0,
50184573,Jacksonville,FL,32246,US,1.0,0.0,2012-04-22 21:51:13.000,"6: $50,000 - $74,999","7: $250,000 - $499,999",3: Some College,Male,1952.0,2: No Children Present,1,1.0,
50695274,Hartsville,SC,29550,US,1.0,0.0,2013-12-01 21:46:37.000,"7: $75,000 - $99,999","8: $500,000 - $749,999",4: College,Female,1932.0,2: No Children Present,1,1.0,
50593528,Blue Ridge,VA,24064-1508,US,1.0,0.0,2013-06-27 22:17:34.000,"8: $100,000 - $124,999","10: $100,000,000+",3: Some College,Male,1944.0,2: No Children Present,0,1.0,
50356897,Santa Rosa,CA,95404-2552,US,1.0,1.0,2012-09-24 11:31:03.000,"10: $150,000 - $174,999","9: $750,000 - $999,999",4: College,Male,1960.0,2: No Children Present,0,1.0,
50506072,Cleveland Hts,OH,44121,US,1.0,0.0,2013-03-06 22:03:57.000,"5: $40,000 - $49,999","4: $75,000 - $99,999",4: College,Female,1960.0,1: Yes Children Present,1,1.0,
50654325,Carmel,IN,46032,US,1.0,1.0,2013-10-06 10:17:11.000,"5: $40,000 - $49,999","4: $75,000 - $99,999",4: College,Male,1972.0,1: Yes Children Present,1,1.0,
50072923,Richmond,TX,77406-2041,US,1.0,1.0,2012-02-06 14:04:43.000,"9: $125,000 - $149,999","10: $100,000,000+",4: College,Male,1952.0,1: Yes Children Present,1,1.0,
50423409,Richboro,PA,18954-1954,US,1.0,0.0,2013-01-13 13:12:57.000,"7: $75,000 - $99,999","10: $100,000,000+",4: College,Female,1937.0,2: No Children Present,1,1.0,
50129777,Westland,MI,48186,US,1.0,1.0,2012-03-17 22:58:06.000,,"1: Less Than $25,000",2: High School,,,2: No Children Present,0,1.0,
50009323,Brentwood,CA,94513,US,1.0,0.0,2012-01-08 15:16:46.000,"8: $100,000 - $124,999","9: $750,000 - $999,999",3: Some College,Male,1946.0,2: No Children Present,1,1.0,
50564295,Pompano Beach,FL,33069-3731,US,1.0,0.0,2013-06-06 21:46:14.000,"7: $75,000 - $99,999","10: $100,000,000+",3: Some College,Male,1929.0,2: No Children Present,1,1.0,
50320531,Pottsville,AR,72858,US,1.0,1.0,2012-08-08 13:40:33.000,"6: $50,000 - $74,999","2: $25,000 - $49,999",2: High School,Male,1966.0,2: No Children Present,1,,
50050986,Poway,CA,92064,US,1.0,1.0,2012-01-26 22:25:53.000,"4: $30,000 - $39,999","7: $250,000 - $499,999",3: Some College,Female,1959.0,1: Yes Children Present,1,,
50593527,Scottsdale,AZ,85250-6447,US,1.0,1.0,2013-06-27 22:17:36.000,,"1: Less Than $25,000",,,,2: No Children Present,1,,
50156023,Montevallo,AL,35115,US,1.0,0.0,2012-04-05 10:17:52.000,,"1: Less Than $25,000",2: High School,,,1: Yes Children Present,1,,
50731308,Jacksonville,OR,97530-9321,US,1.0,0.0,2014-01-10 13:16:17.000,,"1: Less Than $25,000",,,,2: No Children Present,1,,
50621862,Walterboro,SC,29488-2933,US,1.0,1.0,2013-08-05 11:37:57.000,"6: $50,000 - $74,999","8: $500,000 - $749,999",2: High School,Male,1935.0,2: No Children Present,0,,
50790911,BONITA SPRINGS,FL,34135,US,1.0,1.0,2014-02-13 15:46:45.000,"11: $175,000 - $199,999","10: $100,000,000+",3: Some College,Female,1940.0,2: No Children Present,1,,
50307165,Dallas,TX,75218-3209,US,1.0,0.0,2012-07-28 10:56:44.000,"10: $150,000 - $174,999","9: $750,000 - $999,999",4: College,Male,1959.0,1: Yes Children Present,1,,
50482687,Sagola,MI,49881-9702,US,1.0,0.0,2013-02-13 09:34:01.000,"10: $150,000 - $174,999","9: $750,000 - $999,999",2: High School,Female,1951.0,2: No Children Present,0,,
50707916,Swannanoa,NC,28778-3300,US,1.0,0.0,2013-12-13 14:53:06.000,"4: $30,000 - $39,999","6: $150,000 - $249,999",3: Some College,Female,1958.0,2: No Children Present,1,,
50082946,Salisbury,NC,28146-8958,US,1.0,1.0,2012-02-10 10:29:11.000,,"1: Less Than $25,000",3: Some College,,,2: No Children Present,1,,
50687219,Southampton,PA,18966,US,1.0,1.0,2013-11-21 19:26:48.000,"4: $30,000 - $39,999","4: $75,000 - $99,999",,Female,1945.0,2: No Children Present,1,,
50366640,Arlington,TX,76017,US,1.0,0.0,2012-10-07 23:40:36.000,"3: $20,000 - $29,999","3: $50,000 - $74,999",4: College,Female,1982.0,2: No Children Present,0,,
50266370,Villa Park,CA,92861-2611,US,1.0,0.0,2012-06-25 11:37:25.000,"5: $40,000 - $49,999","8: $500,000 - $749,999",4: College,Female,1925.0,2: No Children Present,1,,
50226400,Marietta,GA,30008-2625,US,1.0,1.0,2012-05-31 13:41:06.000,"1: $0-$14,999","1: Less Than $25,000",2: High School,Male,1960.0,2: No Children Present,1,,
50750262,Sandyston,NJ,07826,US,1.0,1.0,2014-01-23 10:37:13.000,"9: $125,000 - $149,999","9: $750,000 - $999,999",3: Some College,Female,1949.0,2: No Children Present,1,,
50027205,Joliet,IL,60431-4959,US,1.0,0.0,2012-01-20 12:10:37.000,"9: $125,000 - $149,999","9: $750,000 - $999,999",4: College,Male,1961.0,1: Yes Children Present,0,,
50222491,Land O Lakes,FL,34638,US,1.0,1.0,2012-05-27 16:00:27.000,"9: $125,000 - $149,999","7: $250,000 - $499,999",2: High School,Female,1953.0,2: No Children Present,1,,
50250284,Boxford,MA,01921,US,1.0,0.0,2012-06-14 21:30:29.000,"11: $175,000 - $199,999","8: $500,000 - $749,999",4: College,Male,1969.0,1: Yes Children Present,1,,
50461201,Bumpass,VA,23024,US,1.0,0.0,2013-01-31 21:00:02.000,"5: $40,000 - $49,999","7: $250,000 - $499,999",2: High School,Female,,2: No Children Present,1,,
50228015,Titusville,FL,32780,US,1.0,0.0,2012-06-01 20:00:10.000,"2: $15,000 - $19,999","1: Less Than $25,000",2: High School,Male,1960.0,1: Yes Children Present,1,,
50889308,LOS GATOS,CA,95033,US,1.0,1.0,2014-05-16 17:26:17.000,"8: $100,000 - $124,999","6: $150,000 - $249,999",4: College,Female,1967.0,1: Yes Children Present,1,,
50547367,Chesterfield,MO,63017,US,1.0,0.0,2013-05-13 22:00:44.000,"8: $100,000 - $124,999","7: $250,000 - $499,999",4: College,Male,1974.0,1: Yes Children Present,0,,
50123331,frisco,TX,75033,US,1.0,0.0,2012-03-08 10:07:49.000,"13: $250,000+","10: $100,000,000+",4: College,Female,1971.0,1: Yes Children Present,1,,
50480661,Phoenix,AZ,85048-4762,US,1.0,0.0,2013-02-12 11:03:49.000,,"1: Less Than $25,000",,,,2: No Children Present,1,,
50595060,Hubert,NC,28539,US,1.0,1.0,2013-06-29 09:31:19.000,"5: $40,000 - $49,999","1: Less Than $25,000",2: High School,Male,1983.0,2: No Children Present,1,,
50137151,San Antonio,TX,78210-5032,US,1.0,0.0,2012-03-23 01:37:27.000,"6: $50,000 - $74,999","8: $500,000 - $749,999",2: High School,Male,1949.0,1: Yes Children Present,1,,
50150605,Perkasie,PA,18944,US,1.0,0.0,2012-04-01 11:47:10.000,"8: $100,000 - $124,999","6: $150,000 - $249,999",,Male,1970.0,1: Yes Children Present,1,,
50804513,Keego Harbor,MI,48320,US,1.0,1.0,2014-02-26 22:46:49.000,"6: $50,000 - $74,999","6: $150,000 - $249,999",3: Some College,Female,1975.0,2: No Children Present,1,,
50750650,Granite Falls,NC,28630-1940,US,1.0,0.0,2014-01-23 12:43:52.000,"3: $20,000 - $29,999","7: $250,000 - $499,999",2: High School,Male,1945.0,2: No Children Present,0,,
50512707,Random Lake,WI,53075-1253,US,1.0,0.0,2013-03-19 13:49:06.000,"7: $75,000 - $99,999","7: $250,000 - $499,999",2: High School,Male,1947.0,2: No Children Present,0,,
50790853,Alpharetta,GA,30022-7011,US,1.0,0.0,2014-02-13 15:29:26.000,"12: $200,000 - $249,000","10: $100,000,000+",4: College,Female,1962.0,1: Yes Children Present,1,,
50781017,Pittsburgh,PA,15235,US,1.0,0.0,2014-02-08 09:46:25.000,,"1: Less Than $25,000",,,,2: No Children Present,1,,
50555821,San Pedro,CA,90733,US,1.0,1.0,2013-06-02 00:30:34.000,"3: $20,000 - $29,999","1: Less Than $25,000",1: Some High School or Less,Female,1964.0,1: Yes Children Present,1,,
50129341,Bothell,WA,98041-2205,US,1.0,0.0,2012-03-17 11:47:40.000,,"1: Less Than $25,000",,,,2: No Children Present,1,,
50208931,Villa Park,CA,92861-2749,US,1.0,1.0,2012-05-14 11:50:43.000,"10: $150,000 - $174,999","10: $100,000,000+",4: College,Male,1935.0,2: No Children Present,0,,
50288571,Tacoma,WA,98422,US,1.0,0.0,2012-07-11 23:00:41.000,"7: $75,000 - $99,999","2: $25,000 - $49,999",4: College,Male,1987.0,2: No Children Present,0,,
50663427,Holmes Beach,FL,34217,US,1.0,1.0,2013-10-22 16:46:38.000,,"1: Less Than $25,000",,,,2: No Children Present,1,,
50910770,East Syracuse,NY,13057-0217,US,1.0,1.0,2014-06-04 10:17:46.000,"3: $20,000 - $29,999","7: $250,000 - $499,999",3: Some College,Male,1941.0,2: No Children Present,1,,
50634794,Surprise,AZ,85374,US,1.0,0.0,2013-08-28 22:16:24.000,,"1: Less Than $25,000",,,,2: No Children Present,1,,
50583942,Mountain View,CA,94040,US,0.0,0.0,2013-06-21 20:40:26.000,"9: $125,000 - $149,999","8: $500,000 - $749,999",4: College,Female,1957.0,2: No Children Present,1,,
50063476,Billings,MT,59102-6002,US,1.0,0.0,2012-02-01 00:02:41.000,"6: $50,000 - $74,999","7: $250,000 - $499,999",3: Some College,Male,1952.0,2: No Children Present,1,,
50494845,Meridian,ID,83646-5759,US,1.0,0.0,2013-02-21 07:16:53.000,,"1: Less Than $25,000",,,,2: No Children Present,1,,
50448784,Mobile,AL,36608-2311,US,1.0,0.0,2013-01-27 16:23:47.000,"6: $50,000 - $74,999","10: $100,000,000+",4: College,Male,1940.0,2: No Children Present,1,,
50049316,Grand Rapids,MI,49506-4780,US,1.0,0.0,2012-01-26 17:20:54.000,"8: $100,000 - $124,999","8: $500,000 - $749,999",4: College,Female,1960.0,1: Yes Children Present,0,,
50264220,Augusta,GA,30909,US,1.0,0.0,2012-06-23 10:00:34.000,"6: $50,000 - $74,999","3: $50,000 - $74,999",3: Some College,Female,1980.0,1: Yes Children Present,1,,
50500240,Casselberry,FL,32718-0038,US,1.0,0.0,2013-02-27 17:47:31.000,"1: $0-$14,999","3: $50,000 - $74,999",4: College,Male,1938.0,2: No Children Present,1,,
50208747,Naples,FL,34102-4742,US,1.0,1.0,2012-05-14 08:32:57.000,"6: $50,000 - $74,999","10: $100,000,000+",4: College,Female,1941.0,2: No Children Present,0,,
50343851,Spring Creek,NV,89815-6631,US,1.0,0.0,2012-09-09 11:45:50.000,"4: $30,000 - $39,999","2: $25,000 - $49,999",2: High School,Female,1961.0,2: No Children Present,1,,
50185077,Lansing,MI,48906,US,1.0,0.0,2012-04-23 10:11:22.000,"3: $20,000 - $29,999","1: Less Than $25,000",2: High School,Male,1977.0,1: Yes Children Present,1,,
50831206,Milford,DE,19963,US,1.0,1.0,2014-03-23 16:45:57.000,"6: $50,000 - $74,999","6: $150,000 - $249,999",2: High School,Female,1947.0,2: No Children Present,1,,
50698296,Rio Rancho,NM,87124-5303,US,1.0,0.0,2013-12-04 12:22:35.000,"3: $20,000 - $29,999","7: $250,000 - $499,999",3: Some College,Male,1923.0,2: No Children Present,1,,
50236188,West Lafayette,IN,47906-4865,US,1.0,1.0,2012-06-06 18:12:21.000,,"1: Less Than $25,000",,,,2: No Children Present,0,,
50234577,Fernandina Beach,FL,32034-5513,US,1.0,0.0,2012-06-06 09:11:21.000,"7: $75,000 - $99,999","7: $250,000 - $499,999",4: College,Female,1948.0,2: No Children Present,1,3.0,
50453991,Dracut,MA,01826-2601,US,1.0,0.0,2013-01-29 16:43:51.000,"8: $100,000 - $124,999","9: $750,000 - $999,999",3: Some College,Female,1944.0,2: No Children Present,1,3.0,
50038972,Long Beach,CA,90814,US,1.0,0.0,2012-01-24 16:56:07.000,,"1: Less Than $25,000",,,,2: No Children Present,1,3.0,
50464320,Snellville,GA,30078,US,1.0,1.0,2013-02-02 13:21:07.000,"9: $125,000 - $149,999","6: $150,000 - $249,999",3: Some College,Female,1970.0,1: Yes Children Present,0,3.0,
50504027,Chevy Chase,MD,20815-5430,US,0.0,0.0,2013-03-03 14:31:01.000,,"1: Less Than $25,000",,,,2: No Children Present,1,3.0,
50914103,Normal,IL,61761-4259,US,1.0,1.0,2014-06-05 16:00:46.000,"6: $50,000 - $74,999","8: $500,000 - $749,999",4: College,Female,1949.0,2: No Children Present,1,3.0,
50412714,Romney,WV,26757-1006,US,1.0,0.0,2013-01-02 11:16:53.000,"4: $30,000 - $39,999","6: $150,000 - $249,999",2: High School,Male,1949.0,1: Yes Children Present,1,3.0,
50795131,Aptos,CA,95001,US,1.0,1.0,2014-02-16 16:05:56.000,"10: $150,000 - $174,999","8: $500,000 - $749,999",4: College,Male,1962.0,1: Yes Children Present,1,3.0,
50125267,Amherst,NH,03031,US,1.0,0.0,2012-03-10 11:07:14.000,"10: $150,000 - $174,999","10: $100,000,000+",4: College,Male,1937.0,2: No Children Present,1,3.0,
50767343,Massena,NY,13662-4106,US,1.0,1.0,2014-01-30 17:01:40.000,"9: $125,000 - $149,999","9: $750,000 - $999,999",3: Some College,Female,1959.0,1: Yes Children Present,0,3.0,
50507405,Bowie,MD,20715-3347,US,1.0,1.0,2013-03-10 14:22:02.000,"9: $125,000 - $149,999","9: $750,000 - $999,999",4: College,Male,1946.0,2: No Children Present,1,3.0,
50244091,Crawford,CO,81415-9504,US,1.0,0.0,2012-06-11 14:47:35.000,"3: $20,000 - $29,999","6: $150,000 - $249,999",2: High School,Male,1934.0,2: No Children Present,0,3.0,
50768383,Avondale,PA,19311-1419,US,1.0,1.0,2014-01-30 22:00:33.000,"10: $150,000 - $174,999","10: $100,000,000+",3: Some College,Female,1937.0,1: Yes Children Present,1,,
50263719,Parker,CO,80138-7313,US,1.0,1.0,2012-06-22 17:23:56.000,"7: $75,000 - $99,999","8: $500,000 - $749,999",4: College,Male,1939.0,2: No Children Present,1,,
50033469,Chicago,IL,60659-3665,US,1.0,0.0,2012-01-23 11:16:33.000,,"1: Less Than $25,000",4: College,,,2: No Children Present,0,,
50473223,Boswell,OK,74727-9746,US,1.0,0.0,2013-02-07 13:22:20.000,"3: $20,000 - $29,999","1: Less Than $25,000",2: High School,Male,1943.0,2: No Children Present,1,,
50194725,Union,SC,29379,US,1.0,0.0,2012-05-01 16:51:07.000,"4: $30,000 - $39,999","6: $150,000 - $249,999",2: High School,Male,1948.0,2: No Children Present,0,,
50025414,Downey,CA,90240-3355,US,1.0,1.0,2012-01-19 11:50:48.000,"7: $75,000 - $99,999","8: $500,000 - $749,999",3: Some College,Male,1934.0,2: No Children Present,0,,
50519612,Manhattan Beach,CA,90266,US,1.0,0.0,2013-03-27 11:36:30.000,"9: $125,000 - $149,999","8: $500,000 - $749,999",4: College,Female,1972.0,1: Yes Children Present,1,,
50842399,Millbury,MA,01527-1940,US,1.0,0.0,2014-04-01 12:57:49.000,"8: $100,000 - $124,999","8: $500,000 - $749,999",2: High School,Female,1957.0,1: Yes Children Present,1,,
50878547,Tucson,AZ,85712-1705,US,1.0,0.0,2014-05-08 01:16:39.000,"7: $75,000 - $99,999","7: $250,000 - $499,999",3: Some College,Male,1946.0,1: Yes Children Present,1,,
50414322,Oakdale,CA,95361,US,1.0,1.0,2013-01-06 14:00:40.000,"9: $125,000 - $149,999","8: $500,000 - $749,999",2: High School,Male,1956.0,1: Yes Children Present,1,,
50265432,Rapid City,SD,57701-5412,US,1.0,0.0,2012-06-24 13:02:45.000,,"1: Less Than $25,000",,,,2: No Children Present,1,,
50130992,Toledo,OH,43611-1639,US,1.0,1.0,2012-03-19 14:09:54.000,"5: $40,000 - $49,999","5: $100,000 - $149,999",3: Some College,Male,1951.0,1: Yes Children Present,1,,
50901986,Ssomerset,PA,15501,US,1.0,1.0,2014-05-27 17:35:38.000,"3: $20,000 - $29,999","5: $100,000 - $149,999",2: High School,Female,1949.0,2: No Children Present,0,,
50566108,Chambersburg,PA,17201-0108,US,1.0,0.0,2013-06-07 21:29:03.000,"1: $0-$14,999","1: Less Than $25,000",2: High School,Female,1948.0,2: No Children Present,0,,
50641875,Chico,CA,95928-4347,US,1.0,0.0,2013-09-11 11:04:11.000,"6: $50,000 - $74,999","7: $250,000 - $499,999",4: College,Female,1945.0,2: No Children Present,1,,
50892673,Austin,TX,78737,US,1.0,1.0,2014-05-19 15:36:10.000,"12: $200,000 - $249,000","10: $100,000,000+",4: College,Female,1967.0,1: Yes Children Present,1,,
50112326,Wattsburg,PA,16442-1001,US,1.0,0.0,2012-02-27 13:59:40.000,"2: $15,000 - $19,999","3: $50,000 - $74,999",2: High School,Male,1941.0,2: No Children Present,0,,
50632305,Weatogue,CT,06089-9763,US,1.0,1.0,2013-08-22 16:38:53.000,,"1: Less Than $25,000",,,,2: No Children Present,1,,
50260017,Califon,NJ,07830,US,1.0,1.0,2012-06-20 20:20:56.000,"13: $250,000+","10: $100,000,000+",4: College,Male,1951.0,2: No Children Present,1,,
50359549,Madison,WI,53711-1637,US,1.0,0.0,2012-09-26 16:41:14.000,"8: $100,000 - $124,999","6: $150,000 - $249,999",4: College,Female,,2: No Children Present,0,,
50128284,Birmingham,AL,35243,US,1.0,0.0,2012-03-15 13:57:26.000,"9: $125,000 - $149,999","10: $100,000,000+",4: College,Male,1955.0,2: No Children Present,1,,
50183771,LOS ALTOS,CA,94022,US,1.0,1.0,2012-04-22 08:31:48.000,,"1: Less Than $25,000",,,,2: No Children Present,1,,
50041957,Jupiter,FL,33469-8122,US,1.0,0.0,2012-01-25 13:04:02.000,"9: $125,000 - $149,999","10: $100,000,000+",4: College,Male,1917.0,2: No Children Present,0,,
50351631,Kaunakakai,HI,96748-1500,US,1.0,0.0,2012-09-17 22:00:35.000,"7: $75,000 - $99,999","8: $500,000 - $749,999",3: Some College,Male,1945.0,2: No Children Present,0,,
50572864,Rackerby,CA,95972-0113,US,1.0,1.0,2013-06-12 10:34:12.000,"4: $30,000 - $39,999","1: Less Than $25,000",2: High School,Female,1969.0,2: No Children Present,1,,
50761940,San Angelo,TX,76904-6908,US,1.0,0.0,2014-01-28 17:12:32.000,"3: $20,000 - $29,999","6: $150,000 - $249,999",4: College,Female,1939.0,2: No Children Present,1,,
50321829,Pittsboro,NC,27312,US,1.0,1.0,2012-08-09 11:10:43.000,,"1: Less Than $25,000",,,,2: No Children Present,0,,
50150809,Pittsburgh,PA,15217,US,1.0,0.0,2012-04-01 14:48:03.000,"9: $125,000 - $149,999","8: $500,000 - $749,999",4: College,Female,1950.0,2: No Children Present,1,,
50015643,Bear,DE,19701-1749,US,1.0,0.0,2012-01-12 13:05:25.000,"7: $75,000 - $99,999","9: $750,000 - $999,999",3: Some College,Male,1945.0,1: Yes Children Present,0,,
50634883,Gladstone,MO,64119-1875,US,1.0,0.0,2013-08-29 09:25:12.000,,"1: Less Than $25,000",,,,2: No Children Present,1,,
50672040,Floyds Knobs,IN,47119,US,1.0,1.0,2013-11-03 00:36:31.000,"10: $150,000 - $174,999","7: $250,000 - $499,999",4: College,Male,1982.0,2: No Children Present,1,,
50061709,Bay Village,OH,44140,US,1.0,1.0,2012-01-31 08:02:11.000,"11: $175,000 - $199,999","9: $750,000 - $999,999",4: College,Female,1962.0,1: Yes Children Present,1,,
50666105,Enfield,CT,06082-5351,US,1.0,0.0,2013-10-26 23:27:13.000,,"1: Less Than $25,000",3: Some College,,,2: No Children Present,1,,
50342353,Blythewood,SC,29016-9479,US,1.0,1.0,2012-09-07 15:16:25.000,"6: $50,000 - $74,999","8: $500,000 - $749,999",4: College,Male,1928.0,2: No Children Present,0,,
50729070,Kensington,NH,03833-6735,US,1.0,1.0,2014-01-08 22:57:29.000,,"1: Less Than $25,000",,,,2: No Children Present,1,,
50843974,Orwigsburg,PA,17961,US,1.0,0.0,2014-04-02 14:06:13.000,"7: $75,000 - $99,999","6: $150,000 - $249,999",3: Some College,Male,1952.0,2: No Children Present,1,,
50876896,Salem,MA,01970-5457,US,1.0,1.0,2014-05-06 12:45:08.000,"7: $75,000 - $99,999","6: $150,000 - $249,999",4: College,Male,1956.0,2: No Children Present,1,,
50203829,Anahuac,TX,77514,US,1.0,0.0,2012-05-09 10:20:42.000,"2: $15,000 - $19,999","1: Less Than $25,000",,Female,,2: No Children Present,1,,
50748437,West Lake Hills,TX,78746-3722,US,1.0,1.0,2014-01-22 13:36:48.000,"9: $125,000 - $149,999","10: $100,000,000+",5: Graduate School,Female,1935.0,2: No Children Present,1,,
50200614,Lanham,MD,20706,US,1.0,1.0,2012-05-06 14:20:51.000,"10: $150,000 - $174,999","10: $100,000,000+",4: College,Male,1947.0,2: No Children Present,1,,
50534722,Biddeford,ME,04005-3102,US,1.0,1.0,2013-04-18 15:31:17.000,"2: $15,000 - $19,999","7: $250,000 - $499,999",2: High School,Female,1934.0,2: No Children Present,1,,
50386447,North Canton,OH,44709,US,1.0,0.0,2012-11-23 17:20:44.000,"6: $50,000 - $74,999","6: $150,000 - $249,999",3: Some College,Male,1980.0,2: No Children Present,0,,
50660838,Orchard Park,NY,14127-3442,US,1.0,1.0,2013-10-17 14:07:33.000,"13: $250,000+","10: $100,000,000+",4: College,Male,1958.0,2: No Children Present,0,,
50466400,Mill Valley,CA,94941-3001,US,1.0,0.0,2013-02-04 09:53:55.000,,"1: Less Than $25,000",4: College,,,1: Yes Children Present,1,,
50295939,Evanston,IL,60202,US,1.0,1.0,2012-07-18 21:40:49.000,"9: $125,000 - $149,999","7: $250,000 - $499,999",5: Graduate School,Female,1973.0,1: Yes Children Present,1,,
50150784,Ashland,MO,65010-9823,US,1.0,1.0,2012-04-01 14:28:12.000,,"1: Less Than $25,000",3: Some College,,,1: Yes Children Present,0,,
50505059,The woodlands,TX,77380,US,1.0,0.0,2013-03-04 22:41:14.000,,"1: Less Than $25,000",3: Some College,,,2: No Children Present,1,,
50624415,Bridgewater,NJ,08807,US,1.0,0.0,2013-08-09 11:54:14.000,"11: $175,000 - $199,999","10: $100,000,000+",4: College,Male,1952.0,2: No Children Present,1,,
50614801,Burtonsville,MD,20866-1841,US,1.0,1.0,2013-07-27 11:53:03.000,"12: $200,000 - $249,000","10: $100,000,000+",4: College,Male,1945.0,1: Yes Children Present,0,,
50239876,San Francisco,CA,94132-1838,US,1.0,0.0,2012-06-08 12:53:42.000,,"1: Less Than $25,000",,,,2: No Children Present,0,,
50405732,Baltimore,MD,21201,US,1.0,0.0,2012-12-19 19:20:46.000,,"1: Less Than $25,000",,,,2: No Children Present,1,,
50189429,Greenbank,WA,98253-0048,US,1.0,0.0,2012-04-26 20:42:31.000,"5: $40,000 - $49,999","6: $150,000 - $249,999",4: College,Male,,2: No Children Present,1,,
50156695,Warren,MI,48088-7364,US,1.0,0.0,2012-04-05 16:25:39.000,"9: $125,000 - $149,999","8: $500,000 - $749,999",2: High School,Male,1953.0,2: No Children Present,1,,
50095939,Shirley,MA,01464,US,1.0,0.0,2012-02-15 17:37:35.000,,"1: Less Than $25,000",2: High School,,,2: No Children Present,0,,
50697470,Morton,MS,39117-9460,US,1.0,0.0,2013-12-03 15:43:24.000,"6: $50,000 - $74,999","7: $250,000 - $499,999",2: High School,Male,1941.0,2: No Children Present,1,,
50754750,West Chrster,PA,19382,US,1.0,0.0,2014-01-25 10:46:26.000,"8: $100,000 - $124,999","10: $100,000,000+",5: Graduate School,Female,1936.0,2: No Children Present,0,,
50645638,Pineville,LA,71360,US,1.0,0.0,2013-09-18 13:46:41.000,"5: $40,000 - $49,999","8: $500,000 - $749,999",3: Some College,Female,1937.0,2: No Children Present,1,,
50313780,Tulsa,OK,74114-3912,US,1.0,1.0,2012-08-02 13:26:37.000,"9: $125,000 - $149,999","10: $100,000,000+",5: Graduate School,Male,1943.0,2: No Children Present,1,,
50462460,O Fallon,IL,62269-6687,US,1.0,0.0,2013-02-01 09:00:43.000,"7: $75,000 - $99,999","8: $500,000 - $749,999",4: College,Female,1983.0,2: No Children Present,1,,
50258761,Nashville,TN,37215-1550,US,1.0,0.0,2012-06-20 11:53:14.000,"8: $100,000 - $124,999","9: $750,000 - $999,999",4: College,Female,1926.0,2: No Children Present,1,,
50458995,Tulsa,OK,74136-0704,US,1.0,0.0,2013-01-31 13:24:10.000,"9: $125,000 - $149,999","9: $750,000 - $999,999",2: High School,Male,1951.0,2: No Children Present,0,,
50338131,Minneapolis,MN,55432-6837,US,1.0,1.0,2012-09-04 09:11:55.000,"5: $40,000 - $49,999","1: Less Than $25,000",4: College,Female,1980.0,2: No Children Present,1,,
50408376,De Pere,WI,54115,US,1.0,1.0,2012-12-24 21:50:59.000,"6: $50,000 - $74,999","6: $150,000 - $249,999",3: Some College,Male,1963.0,1: Yes Children Present,1,,
50728845,Bedford,TX,76022,US,1.0,1.0,2014-01-08 19:36:49.000,"4: $30,000 - $39,999","1: Less Than $25,000",3: Some College,Male,1968.0,2: No Children Present,1,,
50664602,Savage,MN,55378,US,1.0,1.0,2013-10-24 13:15:49.000,,"1: Less Than $25,000",,,,2: No Children Present,0,,
50922804,Prosper,TX,75078-7035,US,1.0,1.0,2014-06-15 19:23:28.000,"6: $50,000 - $74,999","9: $750,000 - $999,999",3: Some College,Female,1964.0,1: Yes Children Present,0,,
50443776,Greenwood Village,CO,80111-3609,US,1.0,0.0,2013-01-24 23:25:20.000,"12: $200,000 - $249,000","10: $100,000,000+",4: College,Female,1956.0,2: No Children Present,1,,
50305722,Albuquerque,NM,87112,US,1.0,1.0,2012-07-26 22:41:07.000,"9: $125,000 - $149,999","8: $500,000 - $749,999",4: College,Male,1950.0,2: No Children Present,1,,
50412484,Northbrook,IL,60062,US,1.0,0.0,2013-01-01 15:00:56.000,"11: $175,000 - $199,999","10: $100,000,000+",4: College,Female,1943.0,2: No Children Present,1,,
50821689,Big Bear Lake,CA,92315-3405,US,1.0,0.0,2014-03-16 08:29:20.000,"5: $40,000 - $49,999","2: $25,000 - $49,999",4: College,Female,1965.0,1: Yes Children Present,1,,
50035634,Centerville,GA,31028,US,1.0,0.0,2012-01-23 19:10:59.000,"4: $30,000 - $39,999","2: $25,000 - $49,999",2: High School,Female,1961.0,2: No Children Present,0,,
50348465,Redfield,SD,57469,US,1.0,0.0,2012-09-13 15:20:55.000,"7: $75,000 - $99,999","8: $500,000 - $749,999",2: High School,Male,1946.0,2: No Children Present,1,,
50018528,La Mesa,CA,91941-6042,US,0.0,0.0,2012-01-14 11:41:05.000,,"1: Less Than $25,000",,,,2: No Children Present,1,,
50418298,Pacifica,CA,94044-3418,US,1.0,0.0,2013-01-09 16:24:01.000,,"1: Less Than $25,000",,,,2: No Children Present,1,,
50418577,Wakefield,MA,01880,US,1.0,1.0,2013-01-09 18:50:54.000,"9: $125,000 - $149,999","8: $500,000 - $749,999",4: College,Female,1951.0,2: No Children Present,1,,
50105203,Pittsburgh,PA,15217-1752,US,1.0,0.0,2012-02-20 13:01:47.000,"6: $50,000 - $74,999","7: $250,000 - $499,999",5: Graduate School,Male,1924.0,2: No Children Present,0,,
50398712,Edgewood,KY,41017,US,1.0,1.0,2012-12-10 20:10:23.000,"12: $200,000 - $249,000","10: $100,000,000+",4: College,Male,1972.0,2: No Children Present,0,,
50030025,Detroit,MI,48202-1059,US,1.0,0.0,2012-01-21 16:15:13.000,"4: $30,000 - $39,999","6: $150,000 - $249,999",2: High School,Male,1923.0,2: No Children Present,1,,
50822177,Grants Pass,OR,97527,US,1.0,1.0,2014-03-16 16:16:51.000,"7: $75,000 - $99,999","7: $250,000 - $499,999",3: Some College,Male,1948.0,2: No Children Present,1,,
50772203,Norwalk,CT,06851,US,1.0,0.0,2014-02-02 13:05:47.000,,"1: Less Than $25,000",3: Some College,,,2: No Children Present,1,,
50653756,Fort Lauderdale,FL,33309-7119,US,1.0,1.0,2013-10-04 12:05:59.000,,"1: Less Than $25,000",,,,2: No Children Present,0,,
50306706,Geneva,NY,14456,US,1.0,1.0,2012-07-27 16:40:08.000,"3: $20,000 - $29,999","1: Less Than $25,000",2: High School,Female,1955.0,2: No Children Present,0,,
50390539,Chicago,IL,60611,US,1.0,0.0,2012-11-28 15:21:32.000,"11: $175,000 - $199,999","8: $500,000 - $749,999",5: Graduate School,Female,1964.0,1: Yes Children Present,0,,
50093351,Anchorage,AK,99501,US,0.0,0.0,2012-02-14 23:05:04.000,,"1: Less Than $25,000",,,,2: No Children Present,0,,
50823199,Tucson,AZ,85704-1203,US,1.0,1.0,2014-03-17 12:16:44.000,"6: $50,000 - $74,999","9: $750,000 - $999,999",4: College,Male,1931.0,2: No Children Present,1,,
50226519,Easton,PA,18042,US,1.0,1.0,2012-05-31 14:41:07.000,,"1: Less Than $25,000",,,,2: No Children Present,1,,
50000669,Gunnison,CO,81230,US,1.0,0.0,2012-01-03 16:36:29.000,"8: $100,000 - $124,999","10: $100,000,000+",4: College,Male,1948.0,2: No Children Present,1,,
50689038,Barnesville,MD,20838,US,1.0,0.0,2013-11-24 19:06:24.000,"7: $75,000 - $99,999","7: $250,000 - $499,999",4: College,Female,1963.0,1: Yes Children Present,1,,
50321107,Port Angeles,WA,98362-6646,US,1.0,0.0,2012-08-08 18:44:35.000,"7: $75,000 - $99,999","9: $750,000 - $999,999",3: Some College,Male,1945.0,2: No Children Present,0,,
50758177,Minneapolis,MN,55416,US,1.0,1.0,2014-01-27 11:36:04.000,"9: $125,000 - $149,999","9: $750,000 - $999,999",4: College,Female,1950.0,2: No Children Present,1,,
50910327,Spartanburg,SC,29301-5354,US,1.0,1.0,2014-06-03 21:22:25.000,"11: $175,000 - $199,999","9: $750,000 - $999,999",4: College,Male,1953.0,2: No Children Present,1,,
50807775,St. Louis,MO,63123,US,1.0,1.0,2014-03-02 14:26:34.000,"5: $40,000 - $49,999","6: $150,000 - $249,999",2: High School,Male,1961.0,1: Yes Children Present,0,,
50789889,Mahtomedi,MN,55115-1958,US,1.0,1.0,2014-02-13 09:16:47.000,"6: $50,000 - $74,999","7: $250,000 - $499,999",4: College,Female,1956.0,2: No Children Present,1,,
50659830,Little Elm,TX,75068-8535,US,1.0,0.0,2013-10-15 16:49:49.000,"8: $100,000 - $124,999","8: $500,000 - $749,999",3: Some College,Male,1945.0,2: No Children Present,1,,
50490017,Kaysville,UT,84037,US,1.0,1.0,2013-02-15 23:20:59.000,"6: $50,000 - $74,999","5: $100,000 - $149,999",4: College,Male,1975.0,1: Yes Children Present,1,,
50012934,Thousand Oaks,CA,91360-2664,US,0.0,0.0,2012-01-10 16:18:26.000,,"1: Less Than $25,000",,,,2: No Children Present,0,,
50845451,Toronto,OH,43964-1455,US,1.0,0.0,2014-04-03 11:50:18.000,"4: $30,000 - $39,999","8: $500,000 - $749,999",2: High School,Female,1961.0,2: No Children Present,1,,
50178294,CORPUS CHRISTI,TX,78413,US,1.0,1.0,2012-04-19 02:50:26.000,"11: $175,000 - $199,999","8: $500,000 - $749,999",4: College,Male,1975.0,1: Yes Children Present,1,,
50246295,San Antonio,FL,33576-4651,US,1.0,1.0,2012-06-12 17:23:42.000,"6: $50,000 - $74,999","8: $500,000 - $749,999",3: Some College,Male,1934.0,2: No Children Present,1,,
50488544,,,91360-4566,,,,2013-02-15 16:08:31.000,,,,,,,1,,
