CustomerID,OrderID,DateOrdered,TotalSales,ShippingCharge,DiscountAmount,Tax,OrderPaymentType,FlagDigitalPhysical,FlagAudioVideo
50365279,S01686995,2013-05-06 00:00:00.000,89.95,15.0,0.0,0.0,CreditCard,Physical Only,Video Only
50002315,S00237399,2012-02-29 00:00:00.000,94.9,15.0,0.0,0.0,CreditOA,Physical Only,Video Only
50511109,S01541883,2013-03-17 00:00:00.000,37.45,10.0,0.0,0.0,CreditCard,Physical Only,Video Only
50112326,S00229736,2012-02-27 00:00:00.000,64.95,10.0,0.0,0.0,CreditCard,Physical Only,Video Only
50739805,MB-157424,2014-01-16 00:00:00.000,329.55,30.0,0.0,0.0,Check US,Physical Only,Video Only
50065098,S00120461,2012-02-01 00:00:00.000,249.8,30.0,0.0,0.0,CreditCard,Physical Only,Video Only
50335729,S00849234,2012-08-30 00:00:00.000,24.9,5.0,0.0,0.0,CreditCard,Physical Only,Video Only
50365279,S01606240,2013-04-02 00:00:00.000,209.75,25.0,0.0,0.0,CreditCard,Physical Only,Video Only
50506072,S01484973,2013-03-06 00:00:00.000,649.55,30.0,0.0,0.0,CreditCard,Physical Only,Video Only
50769560,MB-178419,2014-04-22 00:00:00.000,48.98,15.0,0.0,0.0,Check US,Physical Only,Video Only
50002315,S02050810,2013-09-24 00:00:00.000,94.95,0.0,0.0,0.0,CreditCard,Physical Only,Audio Only
50655516,S02086387,2013-10-08 00:00:00.000,219.7,25.0,0.0,0.0,CreditCard,Physical Only,Video Only
50002315,S00237367,2012-02-29 00:00:00.000,79.9,0.0,0.0,0.0,CreditOA,,
50002315,S00237425,2012-02-29 00:00:00.000,104.85,15.0,0.0,0.0,CreditOA,Physical Only,Video Only
50229114,S00548647,2012-06-03 00:00:00.000,39.9,10.0,0.0,0.0,CreditCard,Physical Only,Both
50832900,S02627992,2014-03-24 00:00:00.000,59.95,10.0,0.0,0.0,CreditCard,Physical Only,Audio Only
50500388,S01463608,2013-02-27 00:00:00.000,664.45,30.0,0.0,0.0,CreditCard,Physical Only,Video Only
50195656,S00454099,2012-05-02 00:00:00.000,52.45,5.0,0.0,0.0,CreditCard,Physical Only,Video Only
50884465,S02780588,2014-05-13 00:00:00.000,49.95,10.0,0.0,0.0,CreditCard,Physical Only,Video Only
50343994,S02070302,2013-10-01 00:00:00.000,200.88,25.0,0.0,0.0,CreditCard,Physical Only,Both
50030025,S00066033,2012-01-21 00:00:00.000,44.8,5.0,0.0,0.0,CreditCard,Physical Only,Video Only
50765484,S02458044,2014-01-30 00:00:00.000,49.95,10.0,0.0,0.0,CreditCard,Physical Only,Video Only
50122422,S00260633,2012-03-07 00:00:00.000,14.95,5.0,0.0,0.0,CreditCard,Physical Only,Video Only
50578429,S01796232,2013-06-17 00:00:00.000,49.95,10.0,0.0,0.0,CreditCard,Physical Only,Video Only
50239876,MB-108014,2013-03-20 00:00:00.000,30.94,0.99,0.0,0.0,Check US,Physical Only,Video Only
50605244,S01871919,2013-07-15 00:00:00.000,214.95,0.0,0.0,0.0,CreditCard,Digital Only,Video Only
50398712,S01738260,2013-05-30 00:00:00.000,164.9,25.0,0.0,0.0,CreditCard,Physical Only,Video Only
50466589,MB-097563,2013-02-04 00:00:00.000,64.95,10.0,0.0,0.0,Check US,Physical Only,Video Only
50239876,MB-042899,2012-06-08 00:00:00.000,24.9,5.0,0.0,0.0,Check US,Physical Only,Video Only
50566168,S01767094,2013-06-07 00:00:00.000,69.9,10.0,0.0,0.0,CreditCard,Physical Only,Video Only
50111915,S00228765,2012-02-27 00:00:00.000,329.7,30.0,0.0,0.0,CreditCard,Physical Only,Video Only
50309266,MB-057752,2012-07-30 00:00:00.000,99.9,15.0,0.0,0.0,Check US,Physical Only,Video Only
50748668,S02427471,2014-01-22 00:00:00.000,69.95,10.0,0.0,0.0,CreditCard,Digital Only,Audio Only
50027528,MB-004893,2012-01-20 00:00:00.000,49.95,10.0,0.0,0.0,Check US,Physical Only,Audio Only
50343994,S01641021,2013-04-17 00:00:00.000,253.92,30.0,0.0,0.0,CreditCard,Physical Only,Video Only
50045033,S00089796,2012-01-25 00:00:00.000,14.95,5.0,0.0,0.0,CreditCard,Physical Only,Video Only
50189429,S00438437,2012-04-26 00:00:00.000,52.45,5.0,0.0,0.0,CreditCard,Physical Only,Video Only
50884978,S02781579,2014-05-14 00:00:00.000,54.95,15.0,0.0,0.0,CreditCard,Physical Only,Video Only
50669652,S02150061,2013-10-31 00:00:00.000,84.9,0.0,0.0,0.0,CreditCard,Digital Only,Both
50343994,S00882078,2012-09-09 00:00:00.000,89.85,0.0,0.0,0.0,CreditCard,Physical Only,Both
50482697,S01419634,2013-02-13 00:00:00.000,49.95,10.0,0.0,0.0,CreditCard,Physical Only,Video Only
50217482,S00518786,2012-05-23 00:00:00.000,34.85,5.0,0.0,0.0,CreditCard,Physical Only,Video Only
50247964,MB-045111,2012-06-13 00:00:00.000,69.9,10.0,0.0,0.0,Check US,Physical Only,Video Only
50137151,S00306847,2012-03-23 00:00:00.000,104.85,15.0,0.0,0.0,CreditCard,Physical Only,Video Only
50015953,S02699655,2014-04-16 00:00:00.000,59.95,10.0,0.0,0.0,CreditCard,Physical Only,Video Only
50561190,S01757379,2013-06-05 00:00:00.000,74.9,10.0,0.0,0.0,CreditCard,Physical Only,Video Only
50761940,S02452419,2014-01-28 00:00:00.000,109.95,15.0,0.0,0.0,CreditCard,Physical Only,Video Only
50015953,S01296043,2013-01-08 00:00:00.000,97.45,15.0,0.0,0.0,CreditCard,Physical Only,Video Only
50663427,S02121128,2013-10-22 00:00:00.000,354.9,30.0,0.0,0.0,CreditCard,Physical Only,Video Only
50066959,MB-010849,2012-02-02 00:00:00.000,94.9,15.0,0.0,0.0,Check US,Physical Only,Video Only
50020499,S00047320,2012-01-16 00:00:00.000,149.9,20.0,0.0,0.0,CreditCard,Physical Only,Video Only
50699459,S02268859,2013-12-05 00:00:00.000,154.95,20.0,0.0,0.0,CreditCard,Physical Only,Video Only
50788169,MB-166007,2014-02-12 00:00:00.000,52.7,10.0,0.0,2.75,Check US,Physical Only,Video Only
50041957,S00320525,2012-03-27 00:00:00.000,34.95,10.0,0.0,0.0,CreditCard,Physical Only,Audio Only
50593103,S01828699,2013-06-27 00:00:00.000,449.45,0.0,0.0,0.0,CreditCard,Both,Video Only
50170377,S00391646,2012-04-15 00:00:00.000,14.95,5.0,0.0,0.0,CreditCard,Physical Only,Video Only
50015953,S00036854,2012-01-12 00:00:00.000,334.65,30.0,0.0,0.0,CreditCard,Physical Only,Video Only
50095939,S00184812,2012-02-15 00:00:00.000,134.9,20.0,0.0,0.0,CreditCard,Physical Only,Video Only
50366992,S00973464,2012-10-08 00:00:00.000,97.45,15.0,0.0,0.0,CreditCard,Physical Only,Video Only
50480327,S01415194,2013-02-12 00:00:00.000,224.85,25.0,0.0,0.0,CreditCard,Physical Only,Video Only
50212934,S00506832,2012-05-18 00:00:00.000,14.95,5.0,0.0,0.0,CreditCard,Physical Only,Video Only
50244847,MB-044370,2012-06-11 00:00:00.000,29.9,10.0,0.0,0.0,Check US,Physical Only,Audio Only
50343994,S00195341,2012-02-17 00:00:00.000,94.9,15.0,0.0,0.0,CreditCard,Physical Only,Video Only
50634883,S01989358,2013-08-29 00:00:00.000,57.45,10.0,0.0,0.0,CreditCard,Physical Only,Video Only
50343994,S03010457,2014-08-05 00:00:00.000,147.35,20.0,0.0,0.0,CreditCard,Physical Only,Both
50066959,S02473267,2014-02-03 00:00:00.000,214.9,25.0,0.0,0.0,CreditCard,Physical Only,Video Only
50480327,S02561431,2014-03-01 00:00:00.000,279.75,0.0,0.0,0.0,CreditCard,Digital Only,Both
50129777,S01701477,2013-05-12 00:00:00.000,49.95,0.0,0.0,0.0,CreditCard,Digital Only,Video Only
50051695,S00437051,2012-04-26 00:00:00.000,79.95,10.0,0.0,0.0,CreditCard,Physical Only,Video Only
50429297,MB-095228,2013-01-28 00:00:00.000,159.9,20.0,0.0,0.0,Check US,Physical Only,Video Only
50619119,S01919752,2013-07-31 00:00:00.000,59.95,10.0,0.0,0.0,CreditCard,Physical Only,Audio Only
50285186,S00685781,2012-07-09 00:00:00.000,9.95,0.0,0.0,0.0,CreditCard,Digital Only,Video Only
50520866,S01593731,2013-03-29 00:00:00.000,84.95,0.0,0.0,0.0,CreditCard,Digital Only,Video Only
50129777,S00751951,2012-07-30 00:00:00.000,114.95,0.0,0.0,0.0,CreditCard,Digital Only,Video Only
50266534,MB-063917,2012-08-24 00:00:00.000,39.95,10.0,0.0,0.0,Check US,Physical Only,Video Only
50089820,S01352262,2013-01-26 00:00:00.000,24.9,5.0,0.0,0.0,CreditCard,Physical Only,Both
50510640,S02445593,2014-01-26 00:00:00.000,79.9,10.0,0.0,0.0,CreditCard,Physical Only,Audio Only
50120136,S00253714,2012-03-05 00:00:00.000,79.95,10.0,0.0,0.0,CreditCard,Physical Only,Video Only
50457845,S01777048,2013-06-11 00:00:00.000,139.9,0.0,0.0,0.0,CreditCard,Physical Only,Video Only
50072923,S00137233,2012-02-06 00:00:00.000,209.7,25.0,0.0,0.0,CreditCard,Physical Only,Video Only
50297605,S00719794,2012-07-20 00:00:00.000,39.95,5.0,0.0,0.0,CreditCard,Physical Only,Video Only
50129777,S01409419,2013-02-10 00:00:00.000,59.95,0.0,0.0,0.0,CreditCard,Digital Only,Video Only
50783420,S02497639,2014-02-10 00:00:00.000,29.95,10.0,0.0,0.0,CreditCard,Physical Only,Video Only
50150784,S00742959,2012-07-28 00:00:00.000,34.95,0.0,0.0,0.0,CreditCard,Digital Only,Video Only
50427361,S01317563,2013-01-16 00:00:00.000,254.7,30.0,0.0,0.0,CreditCard,Physical Only,Video Only
50297605,S01278222,2012-12-30 00:00:00.000,102.92,15.0,0.0,0.0,CreditCard,Physical Only,Video Only
50510640,S02078210,2013-10-05 00:00:00.000,59.9,10.0,0.0,0.0,CreditCard,Physical Only,Audio Only
50111412,S02011593,2013-09-07 00:00:00.000,204.93,25.0,0.0,0.0,CreditCard,Physical Only,Video Only
50297605,S01470891,2013-03-01 00:00:00.000,169.9,0.0,0.0,0.0,CreditCard,Physical Only,Video Only
50844654,S02663865,2014-04-02 00:00:00.000,49.95,0.0,0.0,0.0,CreditCard,Digital Only,Video Only
50626556,S01999993,2013-09-03 00:00:00.000,118.28,0.0,0.0,0.0,CreditCard,Digital Only,Video Only
50120136,S00998988,2012-10-21 00:00:00.000,54.95,10.0,0.0,0.0,CreditCard,Physical Only,Video Only
50497634,S01455404,2013-02-24 00:00:00.000,114.85,15.0,0.0,0.0,CreditCard,Physical Only,Both
50386447,S01106854,2012-11-25 00:00:00.000,64.95,0.0,0.0,0.0,CreditCard,Digital Only,Audio Only
50499691,S01509658,2013-03-13 00:00:00.000,49.95,10.0,0.0,0.0,CreditCard,Physical Only,Video Only
50740921,MB-157679,2014-01-17 00:00:00.000,104.85,15.0,0.0,0.0,Check US,Physical Only,Both
50441099,S01343443,2013-01-23 00:00:00.000,214.75,25.0,0.0,0.0,CreditCard,Physical Only,Video Only
50392363,S01141043,2012-12-01 00:00:00.000,167.85,0.0,0.0,8.0,CreditCard,Physical Only,Video Only
50236188,S02327939,2013-12-19 00:00:00.000,89.85,15.0,0.0,4.9,CreditCard,Physical Only,Video Only
50457845,S01624759,2013-04-10 00:00:00.000,59.95,0.0,0.0,0.0,CreditCard,Digital Only,Video Only
50772439,S02470803,2014-02-02 00:00:00.000,64.95,10.0,0.0,0.0,CreditCard,Physical Only,Video Only
50386447,S03020283,2014-08-08 00:00:00.000,34.95,0.0,0.0,0.0,CreditCard,Digital Only,Audio Only
50770318,S02465395,2014-01-31 00:00:00.000,29.95,10.0,0.0,0.0,CreditCard,Physical Only,Video Only
50285186,S00773272,2012-08-05 00:00:00.000,29.95,0.0,0.0,0.0,CreditCard,Digital Only,Video Only
50812849,S02639108,2014-03-27 00:00:00.000,14.95,5.0,0.0,0.0,CreditOA,Physical Only,Video Only
50266534,MB-049026,2012-06-25 00:00:00.000,44.9,10.0,0.0,0.0,Check US,Physical Only,Video Only
50188337,S00435445,2012-04-25 00:00:00.000,16.0,5.0,0.0,1.05,CreditCard,Physical Only,Video Only
50429297,S01378317,2013-02-02 00:00:00.000,94.9,15.0,0.0,0.0,CreditCard,Physical Only,Video Only
50216466,S00516575,2012-05-22 00:00:00.000,21.95,5.0,0.0,0.0,CreditCard,Physical Only,Video Only
50089150,S00172922,2012-02-13 00:00:00.000,239.75,30.0,0.0,0.0,CreditCard,Physical Only,Both
50083783,S00160502,2012-02-10 00:00:00.000,259.85,30.0,0.0,0.0,CreditCard,Physical Only,Video Only
50892918,MB-182397,2014-05-19 00:00:00.000,134.8,15.0,0.0,0.0,Check US,Physical Only,Video Only
50150784,S00627780,2012-06-21 00:00:00.000,99.95,0.0,0.0,0.0,CreditCard,Physical Only,Video Only
50611280,S01892848,2013-07-23 00:00:00.000,62.45,10.0,0.0,0.0,CreditCard,Physical Only,Video Only
50429297,MB-105649,2013-03-07 00:00:00.000,94.9,15.0,0.0,0.0,Check US,Physical Only,Video Only
50386447,S02927286,2014-07-02 00:00:00.000,49.95,0.0,0.0,0.0,CreditCard,Digital Only,Audio Only
50227713,S00544142,2012-06-01 00:00:00.000,35.9,0.0,0.0,0.0,CreditCard,Digital Only,Audio Only
50720880,S02359553,2013-12-29 00:00:00.000,69.95,0.0,0.0,0.0,CreditCard,Digital Only,Video Only
50051695,S00098530,2012-01-27 00:00:00.000,134.85,20.0,0.0,0.0,CreditCard,Physical Only,Video Only
50281074,S00675751,2012-07-06 00:00:00.000,59.95,10.0,0.0,0.0,CreditCard,Physical Only,Audio Only
50178294,S00411747,2012-04-19 00:00:00.000,9.95,0.0,0.0,0.0,CreditCard,Digital Only,Video Only
50457845,S01369175,2013-01-31 00:00:00.000,464.6,35.0,0.0,0.0,CreditCard,Both,Both
50561442,S01757844,2013-06-05 00:00:00.000,69.9,10.0,0.0,0.0,CreditCard,Physical Only,Video Only
50265432,S00638673,2012-06-24 00:00:00.000,34.95,10.0,0.0,0.0,CreditCard,,
50129777,S01996326,2013-09-01 00:00:00.000,59.95,0.0,0.0,0.0,CreditCard,Digital Only,Video Only
50707693,S02371660,2014-01-02 00:00:00.000,24.95,0.0,0.0,0.0,CreditCard,Physical Only,Audio Only
50120136,S02087361,2013-10-08 00:00:00.000,92.45,10.0,0.0,0.0,CreditCard,Physical Only,Video Only
50510640,S01776362,2013-06-10 00:00:00.000,94.9,15.0,0.0,0.0,CreditCard,Physical Only,Audio Only
50793314,MB-166453,2014-02-14 00:00:00.000,79.9,10.0,0.0,0.0,MoneyOrder,Physical Only,Video Only
50166362,S00379652,2012-04-12 00:00:00.000,29.95,10.0,0.0,0.0,CreditCard,Physical Only,Audio Only
50475761,MB-191286,2014-07-11 00:00:00.000,154.85,20.0,0.0,0.0,Check US,Physical Only,Both
50582451,MB-125395,2013-06-20 00:00:00.000,154.85,20.0,0.0,0.0,Check US,Physical Only,Video Only
50693221,S02243208,2013-11-29 00:00:00.000,49.95,0.0,0.0,0.0,CreditCard,Physical Only,Audio Only
50398847,S01188200,2012-12-10 00:00:00.000,24.95,0.0,0.0,0.0,CreditCard,Physical Only,Video Only
50737024,S02399283,2014-01-14 00:00:00.000,89.9,10.0,0.0,0.0,CreditCard,Physical Only,Video Only
50165034,S00599358,2012-06-14 00:00:00.000,287.72,0.0,0.0,0.0,CreditCard,Digital Only,Both
50672976,S02162512,2013-11-04 00:00:00.000,79.95,10.0,0.0,0.0,CreditCard,Physical Only,Video Only
50468680,S01387811,2013-02-05 00:00:00.000,49.95,10.0,0.0,0.0,CreditCard,Physical Only,Video Only
50093351,S00180890,2012-02-14 00:00:00.000,414.7,30.0,0.0,0.0,CreditCard,Both,Video Only
50804836,S02555066,2014-02-27 00:00:00.000,102.4,15.0,0.0,0.0,CreditCard,Physical Only,Both
50005397,S02135211,2013-10-27 00:00:00.000,99.85,0.0,0.0,0.0,CreditCard,Physical Only,Audio Only
50003221,S00011013,2012-01-04 00:00:00.000,44.95,5.0,0.0,0.0,CreditCard,Physical Only,Video Only
50653756,S02075729,2013-10-04 00:00:00.000,79.95,10.0,0.0,0.0,CreditCard,Physical Only,Video Only
50455112,S01365280,2013-01-30 00:00:00.000,79.95,10.0,0.0,0.0,CreditCard,Physical Only,Video Only
50392522,S02316110,2013-12-16 00:00:00.000,194.9,0.0,0.0,0.0,CreditCard,Digital Only,Video Only
50339127,S00864753,2012-09-04 00:00:00.000,39.85,10.0,0.0,0.0,CreditCard,Physical Only,Video Only
50342353,S02059891,2013-09-27 00:00:00.000,89.85,0.0,0.0,0.0,CreditCard,Physical Only,Audio Only
50155891,S00362066,2012-04-06 00:00:00.000,0.0,0.0,0.0,0.0,,,
50550940,S01720219,2013-05-22 00:00:00.000,9.95,0.0,0.0,0.0,CreditCard,Digital Only,Video Only
50639634,MB-138621,2013-09-07 00:00:00.000,49.95,10.0,0.0,0.0,Check US,Physical Only,Video Only
50482687,S01624706,2013-04-10 00:00:00.000,149.85,20.0,0.0,0.0,CreditCard,Physical Only,Video Only
50125643,S00270689,2012-03-10 00:00:00.000,29.95,5.0,0.0,0.0,CreditCard,Physical Only,Video Only
50128284,S00283181,2012-03-15 00:00:00.000,79.95,10.0,0.0,0.0,CreditCard,Physical Only,Video Only
50477972,S01409908,2013-02-10 00:00:00.000,129.9,20.0,0.0,0.0,CreditCard,Physical Only,Video Only
50914103,S02856342,2014-06-05 00:00:00.000,227.2,25.0,0.0,0.0,CreditCard,Physical Only,Video Only
50204473,S00479628,2012-05-09 00:00:00.000,189.9,25.0,0.0,0.0,CreditCard,Physical Only,Video Only
50288420,S02683208,2014-04-10 00:00:00.000,98.8,15.0,0.0,0.0,CreditCard,Physical Only,Video Only
50728845,S02383509,2014-01-08 00:00:00.000,74.95,10.0,0.0,0.0,CreditCard,Physical Only,Video Only
50607596,S01878892,2013-07-18 00:00:00.000,129.9,20.0,0.0,0.0,CreditCard,Physical Only,Video Only
50041394,MB-183393,2014-05-22 00:00:00.000,29.95,10.0,0.0,0.0,Check US,Physical Only,Audio Only
50165034,S01227449,2012-12-18 00:00:00.000,29.92,0.0,0.0,0.0,CreditCard,Digital Only,Both
50468680,S01467798,2013-02-28 00:00:00.000,94.9,15.0,0.0,0.0,CreditCard,Physical Only,Video Only
50664602,S02446318,2014-01-26 00:00:00.000,240.84,25.0,0.0,0.0,CreditCard,Physical Only,Video Only
50288420,S01179047,2012-12-09 00:00:00.000,194.78,0.0,0.0,0.0,CreditCard,Physical Only,Video Only
50044370,S01674429,2013-05-01 00:00:00.000,69.95,0.0,0.0,0.0,CreditCard,Physical Only,Video Only
50566215,S01800145,2013-06-18 00:00:00.000,0.0,0.0,0.0,0.0,,Physical Only,Audio Only
50068216,S00126650,2012-02-03 00:00:00.000,104.9,15.0,0.0,0.0,CreditCard,Physical Only,Video Only
50011981,S00320811,2012-03-27 00:00:00.000,26.2,0.0,0.0,1.25,CreditCard,Physical Only,Video Only
50288420,S00692978,2012-07-11 00:00:00.000,64.9,10.0,0.0,0.0,CreditCard,Physical Only,Video Only
50229745,S00669278,2012-07-03 00:00:00.000,46.67,0.0,0.0,0.0,CreditCard,Digital Only,Audio Only
50921123,S02880789,2014-06-12 00:00:00.000,34.95,0.0,0.0,0.0,CreditCard,Digital Only,Audio Only
50156023,S00354535,2012-04-05 00:00:00.000,9.95,0.0,0.0,0.0,CreditCard,Digital Only,Video Only
50517633,S02916480,2014-06-29 00:00:00.000,34.98,10.0,0.0,0.0,CreditCard,Physical Only,Video Only
50156695,MB-029799,2012-04-05 00:00:00.000,29.95,10.0,0.0,0.0,Check US,Physical Only,Video Only
50263719,MB-048425,2012-06-22 00:00:00.000,59.95,10.0,0.0,0.0,Check US,Physical Only,Video Only
50653756,S02368388,2013-12-31 00:00:00.000,34.95,0.0,0.0,0.0,CreditCard,Digital Only,Video Only
50061849,S00115001,2012-01-31 00:00:00.000,29.95,10.0,0.0,0.0,CreditCard,Physical Only,Video Only
50321829,S01370724,2013-01-31 00:00:00.000,59.95,10.0,0.0,0.0,CreditCard,Physical Only,Video Only
50586486,S01816595,2013-06-24 00:00:00.000,114.85,15.0,0.0,0.0,CreditCard,Physical Only,Video Only
50350205,S00901819,2012-09-16 00:00:00.000,59.95,10.0,0.0,0.0,CreditCard,Physical Only,Video Only
50743468,S02414984,2014-01-19 00:00:00.000,49.95,10.0,0.0,0.0,CreditCard,Physical Only,Video Only
50081520,S02530819,2014-02-19 00:00:00.000,59.95,10.0,0.0,0.0,CreditCard,Physical Only,Video Only
50005647,S00015238,2012-01-06 00:00:00.000,39.95,0.0,0.0,0.0,CreditCard,Physical Only,Video Only
50226519,S00541309,2012-05-31 00:00:00.000,104.9,15.0,0.0,0.0,CreditCard,Physical Only,Video Only
50362306,S01387151,2013-02-04 00:00:00.000,99.9,0.0,0.0,0.0,CreditCard,Physical Only,Audio Only
50392522,S01142407,2012-12-01 00:00:00.000,69.95,0.0,0.0,0.0,CreditCard,Digital Only,Video Only
50572900,S01781296,2013-06-12 00:00:00.000,79.95,10.0,0.0,0.0,CreditCard,Physical Only,Video Only
50595060,S01834470,2013-06-29 00:00:00.000,109.95,15.0,0.0,0.0,CreditCard,,
50190270,S01504523,2013-03-12 00:00:00.000,79.95,10.0,0.0,0.0,CreditCard,Physical Only,Video Only
50504747,S02072429,2013-10-02 00:00:00.000,39.95,10.0,0.0,0.0,CreditCard,Physical Only,Video Only
50840017,S02653827,2014-03-30 00:00:00.000,99.95,0.0,0.0,0.0,CreditCard,Physical Only,Video Only
50907884,S02841344,2014-06-02 00:00:00.000,159.8,20.0,0.0,0.0,CreditCard,Physical Only,Video Only
50761298,S02451452,2014-01-28 00:00:00.000,274.75,25.0,0.0,0.0,CreditCard,Physical Only,Video Only
50332843,S00967870,2012-10-05 00:00:00.000,74.9,10.0,0.0,0.0,CreditCard,Physical Only,Video Only
50178820,S00412554,2012-04-19 00:00:00.000,14.95,5.0,0.0,0.0,CreditCard,Physical Only,Video Only
50923095,S02887807,2014-06-16 00:00:00.000,149.95,15.0,0.0,0.0,CreditCard,Physical Only,Video Only
50510696,S01535821,2013-03-16 00:00:00.000,29.85,0.0,0.0,0.0,CreditCard,Digital Only,Video Only
50578751,S02144031,2013-10-29 00:00:00.000,59.9,0.0,0.0,0.0,CreditCard,Digital Only,Audio Only
50517633,S02432287,2014-01-23 00:00:00.000,69.9,10.0,0.0,0.0,CreditCard,Physical Only,Video Only
50573068,S01781595,2013-06-12 00:00:00.000,114.85,15.0,0.0,0.0,CreditCard,Physical Only,Video Only
50454694,S01901653,2013-07-26 00:00:00.000,49.95,0.0,0.0,0.0,CreditCard,Physical Only,Video Only
50518734,S01582752,2013-03-26 00:00:00.000,199.75,25.0,0.0,0.0,CreditCard,Physical Only,Both
50731350,S02387600,2014-01-10 00:00:00.000,34.95,0.0,0.0,0.0,CreditCard,Digital Only,Audio Only
50378058,S01261314,2012-12-26 00:00:00.000,84.95,0.0,0.0,0.0,GiftCert,Digital Only,Video Only
50909563,MB-185395,2014-06-03 00:00:00.000,69.9,10.0,0.0,0.0,Check US,Physical Only,Video Only
50313780,S00762969,2012-08-02 00:00:00.000,54.9,10.0,0.0,0.0,CreditCard,Physical Only,Both
50286474,MB-121657,2013-06-10 00:00:00.000,39.95,10.0,0.0,0.0,Check US,Physical Only,Video Only
50200570,S00548471,2012-06-02 00:00:00.000,139.9,20.0,0.0,0.0,CreditCard,Physical Only,Both
50200570,S00468693,2012-05-06 00:00:00.000,14.95,5.0,0.0,0.0,CreditCard,Physical Only,Audio Only
50566108,S01766863,2013-06-07 00:00:00.000,279.8,30.0,0.0,0.0,CreditCard,Physical Only,Audio Only
50005336,S00364700,2012-04-07 00:00:00.000,114.9,15.0,0.0,0.0,CreditCard,Physical Only,Video Only
50642567,S02739189,2014-04-30 00:00:00.000,34.95,0.0,0.0,0.0,CreditCard,Digital Only,Video Only
50641129,S02016971,2013-09-09 00:00:00.000,94.9,15.0,0.0,0.0,CreditCard,Physical Only,Video Only
50339084,S00909643,2012-09-18 00:00:00.000,69.95,0.0,0.0,0.0,CreditCard,Physical Only,Video Only
50200570,S00791062,2012-08-10 00:00:00.000,69.96,10.0,0.0,0.0,CreditCard,Both,Both
50661317,S02110508,2013-10-18 00:00:00.000,319.75,10.0,0.0,0.0,CreditCard,Both,Both
50084703,S00162137,2012-02-10 00:00:00.000,259.65,30.0,0.0,0.0,CreditCard,Physical Only,Video Only
50811614,S02577342,2014-03-07 00:00:00.000,59.95,10.0,0.0,0.0,CreditCard,Physical Only,Audio Only
50466400,S01383598,2013-02-04 00:00:00.000,309.7,30.0,0.0,0.0,CreditCard,Physical Only,Both
50169622,S00388787,2012-04-14 00:00:00.000,94.9,15.0,0.0,0.0,CreditCard,Physical Only,Video Only
50087530,S00445780,2012-04-29 00:00:00.000,69.95,10.0,0.0,0.0,CreditCard,Physical Only,Video Only
50737661,S02444961,2014-01-26 00:00:00.000,79.9,10.0,0.0,0.0,CreditCard,Physical Only,Video Only
50193654,S00581654,2012-06-10 00:00:00.000,99.9,0.0,0.0,0.0,CreditCard,Digital Only,Audio Only
50099111,S00189858,2012-02-16 00:00:00.000,29.95,10.0,0.0,0.0,CreditCard,Physical Only,Video Only
50737661,S02764963,2014-05-08 00:00:00.000,104.95,15.0,0.0,0.0,CreditCard,Physical Only,Video Only
50173196,S00399876,2012-04-16 00:00:00.000,72.85,10.0,0.0,0.0,CreditCard,Both,Both
50490017,S01431756,2013-02-15 00:00:00.000,159.8,20.0,0.0,0.0,CreditCard,Physical Only,Both
50200570,S00618734,2012-06-19 00:00:00.000,34.95,0.0,0.0,0.0,CreditCard,Digital Only,Audio Only
50409010,S01410842,2013-02-10 00:00:00.000,27.95,0.0,0.0,0.0,CreditCard,Digital Only,Video Only
50221430,S00527480,2012-05-26 00:00:00.000,34.85,5.0,0.0,0.0,CreditCard,Physical Only,Video Only
50461201,S01373772,2013-01-31 00:00:00.000,83.9,10.0,0.0,4.0,CreditCard,Physical Only,Video Only
50622543,S01931556,2013-08-06 00:00:00.000,79.95,10.0,0.0,0.0,CreditCard,Physical Only,Video Only
50446495,S02782200,2014-05-14 00:00:00.000,69.95,10.0,0.0,0.0,CreditCard,Physical Only,Audio Only
50568882,S01855321,2013-07-07 00:00:00.000,39.95,10.0,0.0,0.0,CreditCard,Physical Only,Video Only
50200570,S01094873,2012-11-23 00:00:00.000,284.85,0.0,0.0,0.0,CreditCard,Both,Video Only
50534722,S01643871,2013-04-18 00:00:00.000,154.8,20.0,0.0,0.0,CreditCard,Physical Only,Both
50271834,S01145489,2012-12-02 00:00:00.000,114.95,15.0,0.0,0.0,CreditCard,Physical Only,Video Only
50378058,S01029500,2012-11-03 00:00:00.000,59.95,0.0,0.0,0.0,CreditCard,Digital Only,Video Only
50586698,S01816929,2013-06-24 00:00:00.000,160.4,20.0,0.0,10.5,CreditCard,Physical Only,Audio Only
50349797,S00900545,2012-09-15 00:00:00.000,29.95,10.0,0.0,0.0,CreditCard,Physical Only,Video Only
50005336,S00948822,2012-09-28 00:00:00.000,224.95,25.0,0.0,0.0,CreditCard,Physical Only,Video Only
50748457,S02427016,2014-01-22 00:00:00.000,54.95,15.0,0.0,0.0,CreditCard,Physical Only,Video Only
50173196,S01855706,2013-07-07 00:00:00.000,14.95,0.0,0.0,0.0,CreditCard,Digital Only,Audio Only
50669624,S02149966,2013-10-31 00:00:00.000,161.4,20.0,0.0,0.0,CreditCard,Physical Only,Video Only
50261674,S00628872,2012-06-21 00:00:00.000,102.8,10.0,0.0,0.0,CreditCard,Both,Video Only
50469093,S01388542,2013-02-05 00:00:00.000,59.95,10.0,0.0,0.0,CreditCard,Physical Only,Video Only
50413173,S01288164,2013-01-03 00:00:00.000,19.95,10.0,0.0,0.0,CreditCard,Physical Only,Video Only
50416496,S01296960,2013-01-08 00:00:00.000,339.65,30.0,0.0,0.0,CreditCard,Physical Only,Video Only
50657005,S02092097,2013-10-10 00:00:00.000,232.46,25.0,0.0,15.21,CreditCard,Physical Only,Video Only
50783755,S02498352,2014-02-10 00:00:00.000,79.95,10.0,0.0,0.0,CreditCard,Physical Only,Video Only
50087530,S00169339,2012-02-12 00:00:00.000,59.95,0.0,0.0,0.0,CreditCard,Digital Only,Video Only
50767343,S02460657,2014-01-30 00:00:00.000,62.45,10.0,0.0,0.0,CreditCard,Physical Only,Video Only
50677814,S02178848,2013-11-09 00:00:00.000,79.95,10.0,0.0,0.0,CreditCard,Physical Only,Video Only
50771270,MB-182359,2014-05-19 00:00:00.000,110.92,15.0,0.0,0.0,Check US,Physical Only,Video Only
50341660,S00875175,2012-09-06 00:00:00.000,99.95,15.0,0.0,0.0,CreditCard,Physical Only,Video Only
50737661,S02400677,2014-01-15 00:00:00.000,69.9,10.0,0.0,0.0,CreditCard,Physical Only,Video Only
50832770,S02891875,2014-06-18 00:00:00.000,69.95,10.0,0.0,0.0,CreditCard,Physical Only,Video Only
50659830,S02103040,2013-10-15 00:00:00.000,49.95,10.0,0.0,0.0,CreditCard,Physical Only,Video Only
50258013,S00621291,2012-06-19 00:00:00.000,219.95,0.0,0.0,0.0,CreditCard,Digital Only,Video Only
50200570,S00869905,2012-09-05 00:00:00.000,136.85,20.0,0.0,0.0,CreditCard,Physical Only,Video Only
50173196,S00660990,2012-06-29 00:00:00.000,49.95,0.0,0.0,0.0,CreditCard,Digital Only,Audio Only
50543844,S01687122,2013-05-06 00:00:00.000,79.95,10.0,0.0,0.0,CreditCard,Physical Only,Video Only
50011871,S00027961,2012-01-10 00:00:00.000,49.92,0.0,0.0,0.0,CreditCard,Digital Only,Video Only
50630618,S01966209,2013-08-19 00:00:00.000,114.9,15.0,0.0,0.0,CreditCard,Physical Only,Video Only
50755875,S02533599,2014-02-19 00:00:00.000,104.9,15.0,0.0,0.0,CreditCard,Physical Only,Video Only
50586698,S02037918,2013-09-19 00:00:00.000,181.79,20.0,0.0,11.89,CreditCard,Physical Only,Audio Only
50755875,S02585025,2014-03-10 00:00:00.000,49.95,0.0,0.0,0.0,CreditCard,Physical Only,Audio Only
50203829,S00477508,2012-05-09 00:00:00.000,14.95,5.0,0.0,0.0,CreditCard,Physical Only,Video Only
50087530,S00445818,2012-04-29 00:00:00.000,69.95,10.0,0.0,0.0,CreditCard,Physical Only,Video Only
50744496,S02583053,2014-03-10 00:00:00.000,0.0,0.0,0.0,0.0,,Physical Only,Audio Only
50200570,S01016530,2012-10-29 00:00:00.000,203.88,0.0,0.0,0.0,CreditCard,Digital Only,Video Only
50445630,S01889698,2013-07-22 00:00:00.000,84.95,15.0,0.0,0.0,CreditCard,Physical Only,Video Only
50184732,S02036087,2013-09-18 00:00:00.000,44.95,0.0,0.0,0.0,CreditCard,Digital Only,Video Only
50028947,S00064048,2012-01-21 00:00:00.000,179.9,25.0,0.0,0.0,CreditCard,Physical Only,Video Only
50024185,S00054203,2012-01-18 00:00:00.000,79.95,10.0,0.0,0.0,CreditCard,Physical Only,Video Only
50211665,S00558449,2012-06-05 00:00:00.000,29.95,10.0,0.0,0.0,CreditCard,Physical Only,Video Only
50472813,S01395994,2013-02-07 00:00:00.000,59.9,10.0,0.0,0.0,CreditCard,Physical Only,Video Only
50195596,S02304764,2013-12-14 00:00:00.000,79.85,0.0,0.0,0.0,CreditCard,Physical Only,Both
50781000,S02491552,2014-02-08 00:00:00.000,119.85,15.0,0.0,0.0,CreditCard,Physical Only,Video Only
50586114,MB-126123,2013-06-24 00:00:00.000,49.95,10.0,0.0,0.0,Check US,Physical Only,Video Only
50400949,S01201862,2012-12-13 00:00:00.000,36.59,5.0,0.0,1.74,CreditCard,Physical Only,Video Only
50568827,S01772836,2013-06-10 00:00:00.000,79.95,10.0,0.0,0.0,CreditCard,Physical Only,Video Only
50082938,S00159068,2012-02-10 00:00:00.000,69.9,10.0,0.0,0.0,CreditCard,Physical Only,Both
50301016,S00729327,2012-07-24 00:00:00.000,55.85,0.0,0.0,0.0,CreditCard,Digital Only,Both
50848534,S02670906,2014-04-05 00:00:00.000,14.95,5.0,0.0,0.0,CreditCard,Physical Only,Audio Only
50548739,S01999341,2013-09-02 00:00:00.000,44.95,0.0,0.0,0.0,CreditCard,Digital Only,Video Only
50381672,S01057583,2012-11-12 00:00:00.000,24.9,5.0,0.0,0.0,CreditCard,Physical Only,Video Only
50831211,S02623710,2014-03-23 00:00:00.000,79.9,10.0,0.0,0.0,CreditCard,Physical Only,Video Only
50353485,S01012896,2012-10-27 00:00:00.000,34.95,0.0,0.0,0.0,CreditCard,Digital Only,Audio Only
50040815,S00151103,2012-02-08 00:00:00.000,44.9,4.95,0.0,0.0,CreditCard,Physical Only,Video Only
50474085,S01398628,2013-02-07 00:00:00.000,104.85,15.0,0.0,0.0,CreditCard,Physical Only,Video Only
50274212,S00659709,2012-06-29 00:00:00.000,29.95,10.0,0.0,0.0,CreditCard,Physical Only,Video Only
50356897,S01876592,2013-07-17 00:00:00.000,94.8,5.0,0.0,0.0,CreditCard,Both,Both
50799284,S02538238,2014-02-20 00:00:00.000,59.95,0.0,0.0,0.0,CreditCard,Digital Only,Video Only
50129341,S00287897,2012-03-17 00:00:00.000,89.85,0.0,0.0,0.0,CreditCard,Physical Only,Video Only
50443776,S01347731,2013-01-24 00:00:00.000,107.4,15.0,0.0,0.0,CreditCard,Physical Only,Video Only
50025414,S03001150,2014-08-02 00:00:00.000,89.96,10.0,0.0,0.0,CreditCard,Physical Only,Video Only
50079376,S00869593,2012-09-05 00:00:00.000,374.6,30.0,0.0,0.0,CreditCard,Physical Only,Video Only
50128012,S00284463,2012-03-15 00:00:00.000,49.9,10.0,0.0,0.0,CreditOA,Physical Only,Video Only
50207203,S00486884,2012-05-12 00:00:00.000,14.95,5.0,0.0,0.0,CreditCard,Physical Only,Video Only
50082938,S00289990,2012-03-17 00:00:00.000,24.95,0.0,0.0,0.0,CreditCard,Digital Only,Audio Only
50002393,S01242613,2012-12-21 00:00:00.000,34.95,5.0,0.0,0.0,CreditCard,Physical Only,Video Only
50413085,S01287598,2013-01-03 00:00:00.000,124.9,20.0,0.0,0.0,CreditCard,Physical Only,Both
50226037,S00759402,2012-08-01 00:00:00.000,19.9,0.0,0.0,0.0,CreditCard,Physical Only,Video Only
50041683,MB-006201,2012-01-25 00:00:00.000,94.8,15.0,0.0,0.0,Check US,Physical Only,Both
50353485,S01475826,2013-03-03 00:00:00.000,49.95,0.0,0.0,0.0,CreditCard,Digital Only,Video Only
50071524,S00168022,2012-02-12 00:00:00.000,94.9,15.0,0.0,0.0,CreditCard,Physical Only,Video Only
50128012,S00309156,2012-03-23 00:00:00.000,0.0,0.0,0.0,0.0,,Physical Only,Video Only
50640148,S02043247,2013-09-21 00:00:00.000,69.96,10.0,0.0,0.0,CreditCard,Physical Only,Video Only
50584242,S02007652,2013-09-05 00:00:00.000,59.95,10.0,0.0,0.0,CreditCard,Physical Only,Video Only
50739763,MB-183836,2014-05-27 00:00:00.000,29.95,10.0,0.0,0.0,Check US,Physical Only,Audio Only
50390539,S01126963,2012-11-28 00:00:00.000,124.9,0.0,0.0,0.0,CreditCard,Physical Only,Video Only
50624804,S02876753,2014-06-10 00:00:00.000,0.0,0.0,0.0,0.0,,None,None
50547367,S01769062,2013-06-08 00:00:00.000,34.95,0.0,0.0,0.0,CreditCard,Digital Only,Audio Only
50724948,S02538303,2014-02-20 00:00:00.000,41.96,10.0,0.0,0.0,CreditCard,Physical Only,Video Only
50876896,S02757827,2014-05-06 00:00:00.000,109.9,15.0,0.0,0.0,CreditCard,Physical Only,Video Only
50655549,S02086519,2013-10-08 00:00:00.000,84.9,15.0,0.0,0.0,CreditCard,Physical Only,Video Only
50640148,S02139889,2013-10-28 00:00:00.000,114.9,15.0,0.0,0.0,CreditCard,Physical Only,Video Only
50040815,S00084004,2012-01-25 00:00:00.000,149.8,20.0,0.0,0.0,CreditCard,Physical Only,Video Only
50356897,S01001237,2012-10-22 00:00:00.000,257.8,10.0,0.0,0.0,CreditCard,Both,Both
50658214,S02184562,2013-11-11 00:00:00.000,59.95,10.0,0.0,0.0,CreditCard,,
50082938,S00386253,2012-04-13 00:00:00.000,39.95,0.0,0.0,0.0,CreditCard,,
50584242,S01809923,2013-06-22 00:00:00.000,49.95,10.0,0.0,0.0,CreditCard,Physical Only,Video Only
50280503,S00687640,2012-07-10 00:00:00.000,129.95,30.0,0.0,0.0,CreditCard,Physical Only,Video Only
50583942,S01808901,2013-06-21 00:00:00.000,119.85,0.0,0.0,0.0,CreditCard,Physical Only,Video Only
50203059,S00475743,2012-05-08 00:00:00.000,69.95,10.0,0.0,0.0,CreditCard,Digital Only,Audio Only
50548739,S01709395,2013-05-16 00:00:00.000,14.95,0.0,0.0,0.0,CreditCard,Digital Only,Audio Only
50356897,S00926706,2012-09-24 00:00:00.000,379.8,30.0,0.0,0.0,CreditCard,Physical Only,Video Only
50235186,S01613038,2013-04-04 00:00:00.000,149.9,20.0,0.0,0.0,CreditCard,Physical Only,Video Only
50706739,S02371429,2014-01-02 00:00:00.000,84.95,15.0,0.0,0.0,CreditOA,Physical Only,Video Only
50206292,S00484864,2012-05-11 00:00:00.000,14.95,5.0,0.0,0.0,CreditCard,Physical Only,Video Only
50445630,S01947694,2013-08-12 00:00:00.000,139.9,20.0,0.0,0.0,CreditCard,Physical Only,Video Only
50211665,S00501816,2012-05-17 00:00:00.000,14.95,5.0,0.0,0.0,CreditCard,Physical Only,Video Only
50051075,S00097727,2012-01-26 00:00:00.000,94.9,15.0,0.0,0.0,CreditCard,Physical Only,Both
50340885,S00871970,2012-09-06 00:00:00.000,44.95,10.0,0.0,0.0,CreditCard,Physical Only,Video Only
50525943,S01614608,2013-04-05 00:00:00.000,134.9,0.0,0.0,0.0,CreditCard,Digital Only,Video Only
50258761,S00622965,2012-06-20 00:00:00.000,44.95,10.0,0.0,0.0,CreditCard,Physical Only,Video Only
50000785,S00006396,2012-01-03 00:00:00.000,14.95,5.0,0.0,0.0,CreditCard,Physical Only,Video Only
50421909,S01699413,2013-05-11 00:00:00.000,29.95,10.0,0.0,0.0,CreditCard,Physical Only,Video Only
50773830,S03016118,2014-08-06 00:00:00.000,163.84,20.0,0.0,0.0,CreditCard,Physical Only,Audio Only
50246923,S00591834,2012-06-13 00:00:00.000,19.95,5.0,0.0,0.0,CreditCard,Physical Only,Video Only
50504027,S01475020,2013-03-03 00:00:00.000,59.95,0.0,0.0,0.0,CreditCard,Digital Only,Video Only
50418577,S01300481,2013-01-09 00:00:00.000,239.85,30.0,0.0,0.0,CreditCard,Physical Only,Video Only
50031400,S00262571,2012-03-07 00:00:00.000,29.95,0.0,0.0,0.0,CreditCard,Physical Only,Video Only
50268902,S02910322,2014-06-26 00:00:00.000,37.45,10.0,0.0,0.0,CreditCard,Physical Only,Video Only
50226400,S00541069,2012-05-31 00:00:00.000,21.95,5.0,0.0,0.0,CreditCard,Physical Only,Video Only
50491495,S01436365,2013-02-17 00:00:00.000,129.8,20.0,0.0,0.0,CreditCard,Physical Only,Video Only
50060079,S00181595,2012-02-15 00:00:00.000,64.95,10.0,0.0,0.0,CreditCard,Physical Only,Video Only
50359549,S00937181,2012-09-26 00:00:00.000,1008.75,30.0,0.0,0.0,CreditCard,Physical Only,Video Only
50464320,S01379085,2013-02-02 00:00:00.000,139.95,20.0,0.0,0.0,CreditCard,Physical Only,Video Only
50890974,S02795338,2014-05-18 00:00:00.000,49.95,10.0,0.0,0.0,CreditCard,Physical Only,Video Only
50460843,S01373287,2013-01-31 00:00:00.000,29.95,10.0,0.0,0.0,CreditCard,Physical Only,Video Only
50530249,S01631452,2013-04-12 00:00:00.000,39.95,5.0,0.0,0.0,CreditCard,Physical Only,Video Only
50654325,S02079850,2013-10-06 00:00:00.000,251.24,15.0,0.0,16.44,CreditCard,Physical Only,Video Only
50623805,S01937273,2013-08-08 00:00:00.000,34.95,10.0,0.0,0.0,CreditCard,Physical Only,Video Only
50433953,S01807970,2013-06-21 00:00:00.000,69.95,0.0,0.0,0.0,CreditCard,Physical Only,Video Only
50222491,S00530558,2012-05-27 00:00:00.000,224.75,25.0,0.0,0.0,CreditCard,Physical Only,Video Only
50712067,S02532879,2014-02-19 00:00:00.000,63.55,0.0,0.0,3.6,CreditCard,Physical Only,Video Only
50814747,S02588863,2014-03-11 00:00:00.000,24.9,5.0,0.0,0.0,CreditCard,Physical Only,Video Only
50073898,S00139106,2012-02-06 00:00:00.000,159.85,20.0,0.0,0.0,CreditCard,Physical Only,Video Only
50012934,S00030038,2012-01-10 00:00:00.000,49.95,10.0,0.0,0.0,CreditCard,Physical Only,Video Only
50756538,S02493167,2014-02-08 00:00:00.000,27.95,0.0,0.0,0.0,CreditCard,Digital Only,Video Only
50257838,S00620872,2012-06-19 00:00:00.000,94.85,15.0,0.0,0.0,CreditCard,Physical Only,Both
50073898,MB-063177,2012-08-20 00:00:00.000,79.95,10.0,0.0,0.0,Check US,Physical Only,Video Only
50359549,S01115235,2012-11-26 00:00:00.000,559.5,0.0,0.0,0.0,CreditCard,Physical Only,Both
50049316,S00095362,2012-01-26 00:00:00.000,189.85,25.0,0.0,0.0,CreditCard,Physical Only,Video Only
50902788,S02824216,2014-05-28 00:00:00.000,34.95,0.0,0.0,0.0,CreditCard,Digital Only,Audio Only
50413365,S02893857,2014-06-18 00:00:00.000,189.75,0.0,0.0,0.0,CreditCard,Digital Only,Both
50441842,S01344685,2013-01-24 00:00:00.000,59.95,10.0,0.0,0.0,CreditCard,Physical Only,Audio Only
50494535,S01445052,2013-02-20 00:00:00.000,139.85,20.0,0.0,0.0,CreditCard,Physical Only,Video Only
50416624,S01297219,2013-01-08 00:00:00.000,34.95,10.0,0.0,0.0,CreditCard,Physical Only,Video Only
50413365,S02975056,2014-07-23 00:00:00.000,39.95,0.0,0.0,0.0,CreditCard,Digital Only,Audio Only
50874007,S02745092,2014-05-02 00:00:00.000,99.9,15.0,0.0,0.0,CreditCard,Physical Only,Video Only
50583412,S02185641,2013-11-11 00:00:00.000,239.95,30.0,0.0,0.0,CreditCard,Physical Only,Video Only
50433953,S01940000,2013-08-09 00:00:00.000,114.95,15.0,0.0,0.0,CreditCard,Physical Only,Video Only
50685341,S02205507,2013-11-18 00:00:00.000,29.95,10.0,0.0,0.0,CreditCard,Physical Only,Audio Only
50306706,S00741640,2012-07-27 00:00:00.000,24.9,5.0,0.0,0.0,CreditCard,Physical Only,Video Only
50610856,S01891501,2013-07-23 00:00:00.000,49.95,10.0,0.0,0.0,CreditCard,Physical Only,Video Only
50419832,MB-090101,2013-01-10 00:00:00.000,29.95,10.0,0.0,0.0,Check US,Physical Only,Video Only
50555821,S01745208,2013-06-02 00:00:00.000,114.85,15.0,0.0,0.0,CreditCard,Physical Only,Video Only
50012934,S00030141,2012-01-10 00:00:00.000,49.95,10.0,0.0,0.0,CreditCard,Physical Only,Video Only
50060079,MB-009077,2012-01-30 00:00:00.000,29.95,10.0,0.0,0.0,Check US,Physical Only,Video Only
50443681,S01674617,2013-05-01 00:00:00.000,255.76,0.0,0.0,0.0,CreditCard,Physical Only,Video Only
50073898,S02222624,2013-11-25 00:00:00.000,129.8,0.0,0.0,0.0,CreditCard,Physical Only,Video Only
50198541,S00462373,2012-05-04 00:00:00.000,14.95,5.0,0.0,0.0,CreditCard,Physical Only,Video Only
50905578,S02833081,2014-05-30 00:00:00.000,151.84,20.0,0.0,0.0,CreditCard,Physical Only,Both
50520172,S01883284,2013-07-20 00:00:00.000,109.95,0.0,0.0,0.0,CreditCard,Digital Only,Video Only
50393845,S01152395,2012-12-03 00:00:00.000,114.9,15.0,0.0,0.0,CreditCard,Physical Only,Video Only
50756538,S02444553,2014-01-26 00:00:00.000,69.95,0.0,0.0,0.0,CreditCard,Digital Only,Video Only
50484911,S01423718,2013-02-14 00:00:00.000,62.45,10.0,0.0,0.0,CreditCard,Physical Only,Video Only
50520172,S01812707,2013-06-23 00:00:00.000,179.9,0.0,0.0,0.0,CreditCard,Physical Only,Video Only
50454659,S01364523,2013-01-29 00:00:00.000,129.85,10.0,0.0,0.0,CreditCard,Both,Both
50652903,S02071278,2013-10-02 00:00:00.000,59.95,10.0,0.0,0.0,CreditCard,Physical Only,Video Only
50150809,S00340865,2012-04-01 00:00:00.000,14.95,5.0,0.0,0.0,CreditCard,Physical Only,Video Only
50413365,S02518280,2014-02-14 00:00:00.000,59.95,0.0,0.0,0.0,CreditCard,Digital Only,Video Only
50354769,S00918821,2012-09-20 00:00:00.000,129.95,30.0,0.0,0.0,CreditCard,Physical Only,Video Only
50814747,S02645112,2014-03-28 00:00:00.000,126.96,15.0,0.0,0.0,CreditCard,Physical Only,Video Only
50419096,S01301486,2013-01-10 00:00:00.000,49.95,10.0,0.0,0.0,CreditCard,Physical Only,Audio Only
50088638,S00171949,2012-02-13 00:00:00.000,44.95,5.0,0.0,0.0,CreditCard,Physical Only,Video Only
50223024,S00532081,2012-05-28 00:00:00.000,44.95,10.0,0.0,0.0,CreditCard,Physical Only,Video Only
50498247,S01969887,2013-08-20 00:00:00.000,124.9,20.0,0.0,0.0,CreditCard,Physical Only,Both
50250735,S01483714,2013-03-06 00:00:00.000,49.95,0.0,0.0,0.0,CreditCard,Digital Only,Audio Only
50613427,S01898554,2013-07-25 00:00:00.000,74.95,10.0,0.0,0.0,CreditCard,Physical Only,Video Only
50027205,S02603075,2014-03-16 00:00:00.000,59.95,0.0,0.0,0.0,CreditCard,Digital Only,Video Only
50149056,S00335813,2012-03-31 00:00:00.000,34.85,5.0,0.0,0.0,CreditCard,Physical Only,Video Only
50420667,S01304655,2013-01-11 00:00:00.000,24.9,5.0,0.0,0.0,CreditCard,Physical Only,Video Only
50060079,MB-015737,2012-02-13 00:00:00.000,29.95,10.0,0.0,0.0,Check US,Physical Only,Video Only
50443681,S01347571,2013-01-24 00:00:00.000,454.45,30.0,0.0,0.0,CreditCard,Physical Only,Both
50891109,S02795729,2014-05-18 00:00:00.000,49.95,10.0,0.0,0.0,CreditCard,Physical Only,Video Only
50361300,S00944912,2012-09-27 00:00:00.000,34.95,10.0,0.0,0.0,CreditCard,Physical Only,Audio Only
50128421,S00348032,2012-04-03 00:00:00.000,59.95,10.0,0.0,0.0,CreditCard,Physical Only,Audio Only
50274071,S00659355,2012-06-29 00:00:00.000,159.85,0.0,0.0,0.0,CreditCard,Physical Only,Video Only
50349761,S01376355,2013-02-01 00:00:00.000,79.95,10.0,0.0,0.0,CreditCard,Physical Only,Video Only
50267644,S00643966,2012-06-25 00:00:00.000,69.85,10.0,0.0,0.0,CreditCard,Physical Only,Audio Only
50155000,S02217645,2013-11-22 00:00:00.000,49.95,10.0,0.0,0.0,CreditCard,Physical Only,Video Only
50237710,S00568809,2012-06-07 00:00:00.000,104.85,15.0,0.0,0.0,CreditCard,Physical Only,Video Only
50898722,S02812443,2014-05-24 00:00:00.000,269.75,25.0,0.0,0.0,CreditCard,Physical Only,Both
50925873,S02898956,2014-06-21 00:00:00.000,44.95,5.0,0.0,0.0,CreditCard,Physical Only,Video Only
50225478,S00538543,2012-05-30 00:00:00.000,21.95,5.0,0.0,0.0,CreditCard,Physical Only,Video Only
50895964,S02805937,2014-05-21 00:00:00.000,29.95,10.0,0.0,0.0,CreditCard,Physical Only,Video Only
50467860,S01386347,2013-02-04 00:00:00.000,79.9,10.0,0.0,0.0,CreditCard,Physical Only,Video Only
50203686,S00501210,2012-05-16 00:00:00.000,14.95,5.0,0.0,0.0,CreditOA,Physical Only,Video Only
50463344,S01377015,2013-02-01 00:00:00.000,59.95,10.0,0.0,0.0,CreditCard,Physical Only,Audio Only
50660838,MB-155302,2014-01-03 00:00:00.000,399.5,30.0,0.0,0.0,Check US,Physical Only,Video Only
50234577,S00561756,2012-06-06 00:00:00.000,99.85,15.0,0.0,0.0,CreditCard,Physical Only,Audio Only
50257273,S00619534,2012-06-19 00:00:00.000,144.85,20.0,0.0,0.0,CreditCard,Physical Only,Both
50237710,S02786228,2014-05-15 00:00:00.000,0.0,0.0,0.0,0.0,,Physical Only,Video Only
50451487,S01359515,2013-01-28 00:00:00.000,149.95,20.0,0.0,0.0,CreditCard,Physical Only,Video Only
50237710,S01037987,2012-11-06 00:00:00.000,114.95,15.0,0.0,0.0,CreditCard,Physical Only,Video Only
50322678,S00788657,2012-08-09 00:00:00.000,64.85,10.0,0.0,0.0,CreditCard,Physical Only,Both
50586359,S01816346,2013-06-24 00:00:00.000,79.9,10.0,0.0,0.0,CreditCard,Physical Only,Video Only
50771831,S02468813,2014-02-01 00:00:00.000,149.85,10.0,0.0,0.0,CreditCard,Both,Video Only
50665732,S02131825,2013-10-26 00:00:00.000,69.95,5.0,0.0,0.0,CreditCard,Physical Only,Video Only
50000669,S00006054,2012-01-03 00:00:00.000,29.95,10.0,0.0,0.0,CreditCard,Physical Only,Video Only
50397171,S01176625,2012-12-09 00:00:00.000,114.95,15.0,0.0,0.0,CreditCard,Physical Only,Video Only
50465895,S01615002,2013-04-05 00:00:00.000,39.95,10.0,0.0,0.0,CreditCard,Physical Only,Video Only
50313500,S00762232,2012-08-02 00:00:00.000,104.85,15.0,0.0,0.0,CreditCard,Physical Only,Video Only
50428223,S01319378,2013-01-16 00:00:00.000,84.95,15.0,0.0,0.0,CreditCard,Physical Only,Video Only
50762332,S02453080,2014-01-28 00:00:00.000,19.95,0.0,0.0,0.0,CreditCard,Digital Only,Audio Only
50192479,S00445738,2012-04-29 00:00:00.000,9.95,0.0,0.0,0.0,CreditCard,Digital Only,Video Only
50399604,S01192778,2012-12-11 00:00:00.000,79.95,10.0,0.0,0.0,CreditCard,Physical Only,Video Only
50205347,S00481451,2012-05-10 00:00:00.000,9.95,0.0,0.0,0.0,CreditCard,Digital Only,Video Only
50600924,S01858046,2013-07-08 00:00:00.000,169.85,20.0,0.0,0.0,CreditCard,Physical Only,Audio Only
50047015,S00713785,2012-07-18 00:00:00.000,29.95,10.0,0.0,0.0,CreditCard,Physical Only,Video Only
50268998,S01256369,2012-12-25 00:00:00.000,67.96,0.0,0.0,0.0,CreditCard,Digital Only,Video Only
50585866,S01815487,2013-06-24 00:00:00.000,49.95,10.0,0.0,0.0,CreditCard,Physical Only,Video Only
50739393,MB-157269,2014-01-16 00:00:00.000,29.95,10.0,0.0,0.0,Check US,Physical Only,Video Only
50739243,S02404176,2014-01-16 00:00:00.000,344.8,25.0,0.0,0.0,CreditCard,Physical Only,Video Only
50626267,S01947295,2013-08-12 00:00:00.000,54.95,25.0,0.0,0.0,CreditCard,Physical Only,Video Only
50148266,S00333698,2012-03-30 00:00:00.000,132.45,15.0,0.0,0.0,CreditCard,Physical Only,Video Only
50015863,MB-002267,2012-01-12 00:00:00.000,59.95,10.0,0.0,0.0,Check US,Physical Only,Video Only
50750650,S02552700,2014-02-26 00:00:00.000,994.7,25.0,0.0,62.9,CreditCard,Physical Only,Both
50349761,S01550638,2013-03-18 00:00:00.000,255.79,0.99,0.0,0.0,CreditCard,Physical Only,Video Only
50660838,S02307636,2013-12-15 00:00:00.000,114.9,15.0,0.0,0.0,CreditCard,Physical Only,Video Only
50237710,S00618883,2012-06-19 00:00:00.000,69.9,10.0,0.0,0.0,CreditCard,Physical Only,Video Only
50562177,S01759354,2013-06-05 00:00:00.000,154.85,20.0,0.0,0.0,CreditCard,Physical Only,Video Only
50214932,S00513207,2012-05-21 00:00:00.000,74.9,10.0,0.0,0.0,CreditCard,Physical Only,Video Only
50446861,MB-094382,2013-01-26 00:00:00.000,179.8,25.0,0.0,0.0,Check US,Physical Only,Video Only
50759149,S02448491,2014-01-27 00:00:00.000,49.95,10.0,0.0,0.0,CreditCard,Physical Only,Audio Only
50621862,S01928846,2013-08-05 00:00:00.000,164.8,20.0,0.0,0.0,CreditCard,Physical Only,Both
50443367,S02678784,2014-04-08 00:00:00.000,59.95,10.0,0.0,0.0,CreditCard,Physical Only,Video Only
50548880,S01710117,2013-05-17 00:00:00.000,114.95,15.0,0.0,0.0,CreditCard,Physical Only,Video Only
50588270,S01819928,2013-06-25 00:00:00.000,89.85,15.0,0.0,0.0,CreditCard,Physical Only,Video Only
50084483,S00161850,2012-02-10 00:00:00.000,29.95,10.0,0.0,0.0,CreditCard,Physical Only,Video Only
50467860,S01470843,2013-03-01 00:00:00.000,49.95,10.0,0.0,0.0,CreditCard,Physical Only,Video Only
50928095,S02907294,2014-06-25 00:00:00.000,34.95,0.0,0.0,0.0,CreditCard,Digital Only,Audio Only
50527313,S01619465,2013-04-08 00:00:00.000,103.64,15.0,0.0,6.79,CreditCard,Physical Only,Both
50750650,S02474631,2014-02-03 00:00:00.000,1002.54,25.0,0.0,63.39,CreditCard,Physical Only,Video Only
50660838,MB-144522,2013-10-17 00:00:00.000,249.65,30.0,0.0,0.0,Check US,Physical Only,Video Only
50239932,MB-042906,2012-06-08 00:00:00.000,79.9,10.0,0.0,0.0,Check US,Physical Only,Video Only
50855520,S02690526,2014-04-13 00:00:00.000,154.9,0.0,0.0,0.0,CreditCard,Digital Only,Audio Only
50831206,S02623695,2014-03-23 00:00:00.000,74.95,10.0,0.0,0.0,CreditCard,Physical Only,Video Only
50272331,MB-050283,2012-06-28 00:00:00.000,104.85,15.0,0.0,0.0,Check US,Physical Only,Video Only
50849987,S02673605,2014-04-06 00:00:00.000,69.9,0.0,0.0,0.0,CreditCard,Physical Only,Audio Only
50907354,S02840093,2014-06-02 00:00:00.000,89.95,10.0,0.0,0.0,CreditCard,Physical Only,Video Only
50500240,S01463210,2013-02-27 00:00:00.000,557.0,30.0,0.0,0.0,CreditCard,Physical Only,Video Only
50321171,S00785245,2012-08-08 00:00:00.000,189.75,25.0,0.0,0.0,CreditCard,Physical Only,Both
50013338,S00030821,2012-01-10 00:00:00.000,94.9,15.0,0.0,0.0,CreditCard,Physical Only,Audio Only
50440072,MB-093211,2013-01-23 00:00:00.000,49.95,10.0,0.0,0.0,Check US,Physical Only,Video Only
50016403,MB-135000,2013-08-13 00:00:00.000,224.9,25.0,0.0,0.0,Check US,Physical Only,Video Only
50136599,S00305482,2012-03-22 00:00:00.000,44.95,5.0,0.0,0.0,CreditCard,Physical Only,Video Only
50141883,S02306591,2013-12-14 00:00:00.000,194.9,25.0,0.0,0.0,CreditCard,Physical Only,Video Only
50779629,S02488255,2014-02-07 00:00:00.000,49.9,10.0,0.0,0.0,CreditCard,Physical Only,Video Only
50016403,MB-190555,2014-07-07 00:00:00.000,79.95,10.0,0.0,0.0,Check US,Physical Only,Video Only
50016403,MB-184426,2014-05-29 00:00:00.000,49.95,10.0,0.0,0.0,Check US,Physical Only,Audio Only
50044624,S00089242,2012-01-25 00:00:00.000,49.95,10.0,0.0,0.0,CreditCard,Physical Only,Video Only
50328702,S00810113,2012-08-17 00:00:00.000,19.85,5.0,0.0,0.0,CreditCard,Both,Video Only
50546925,S01702381,2013-05-13 00:00:00.000,149.85,20.0,0.0,0.0,CreditCard,,
50566522,S01767862,2013-06-08 00:00:00.000,49.95,10.0,0.0,0.0,CreditCard,Physical Only,Video Only
50050697,S00097225,2012-01-26 00:00:00.000,236.05,25.0,0.0,11.25,CreditCard,Physical Only,Video Only
50035634,S02121746,2013-10-22 00:00:00.000,164.8,0.0,0.0,0.0,CreditCard,Digital Only,Both
50334845,S00844018,2012-08-28 00:00:00.000,229.7,0.0,0.0,0.0,CreditCard,Digital Only,Audio Only
50016403,MB-118507,2013-05-25 00:00:00.000,79.95,10.0,0.0,0.0,Check US,Physical Only,Video Only
50483719,S01421346,2013-02-13 00:00:00.000,104.85,15.0,0.0,0.0,CreditCard,Physical Only,Video Only
50655123,S02141616,2013-10-28 00:00:00.000,299.85,30.0,0.0,0.0,CreditCard,Physical Only,Video Only
50225486,S00538554,2012-05-30 00:00:00.000,54.95,0.0,0.0,0.0,CreditCard,Digital Only,Audio Only
50276862,S00666055,2012-07-02 00:00:00.000,89.95,15.0,0.0,0.0,CreditCard,Physical Only,Video Only
50538744,S01659477,2013-04-25 00:00:00.000,62.95,0.0,0.0,0.0,CreditCard,Physical Only,Video Only
50570062,MB-121755,2013-06-10 00:00:00.000,49.9,10.0,0.0,0.0,Check US,Physical Only,Both
50263256,S00632334,2012-06-22 00:00:00.000,132.35,20.0,0.0,0.0,CreditCard,Physical Only,Audio Only
50321107,S02707906,2014-04-19 00:00:00.000,219.75,30.0,0.0,0.0,CreditCard,Physical Only,Video Only
50613682,S01899532,2013-07-25 00:00:00.000,69.95,10.0,0.0,0.0,CreditCard,Physical Only,Video Only
50123331,S00263256,2012-03-08 00:00:00.000,9.95,0.0,0.0,0.0,CreditCard,Digital Only,Video Only
50311254,S01061154,2012-11-13 00:00:00.000,79.95,10.0,0.0,0.0,CreditCard,Physical Only,Video Only
50068247,S00126694,2012-02-03 00:00:00.000,154.85,4.95,0.0,0.0,CreditCard,Physical Only,Video Only
50016403,MB-008380,2012-01-28 00:00:00.000,109.9,15.0,0.0,0.0,Check US,Physical Only,Both
50306174,S00740768,2012-07-27 00:00:00.000,89.85,0.0,0.0,0.0,CreditCard,Digital Only,Video Only
50016403,MB-002623,2012-01-12 00:00:00.000,114.95,15.0,0.0,0.0,Check US,Physical Only,Audio Only
50228985,S00548140,2012-06-02 00:00:00.000,14.95,5.0,0.0,0.0,CreditCard,Physical Only,Video Only
50593528,S02253009,2013-12-02 00:00:00.000,95.35,15.0,0.0,5.4,CreditCard,Physical Only,Video Only
50160040,S02136647,2013-10-27 00:00:00.000,189.85,30.0,0.0,0.0,CreditCard,Physical Only,Both
50441335,S01493090,2013-03-10 00:00:00.000,129.95,20.0,0.0,0.0,CreditCard,Physical Only,Video Only
50141883,S02980531,2014-07-25 00:00:00.000,89.95,10.0,0.0,0.0,CreditCard,Physical Only,Video Only
50807775,S02563286,2014-03-02 00:00:00.000,69.95,0.0,0.0,0.0,CreditCard,Digital Only,Video Only
50593528,S01829463,2013-06-27 00:00:00.000,52.45,10.0,0.0,2.5,CreditCard,Physical Only,Video Only
50157891,S00477389,2012-05-09 00:00:00.000,194.85,25.0,0.0,0.0,CreditCard,Physical Only,Audio Only
50130992,S00294298,2012-03-19 00:00:00.000,24.95,10.0,0.0,0.0,CreditCard,Physical Only,Audio Only
50075197,MB-012492,2012-02-07 00:00:00.000,79.95,10.0,0.0,0.0,Check US,Physical Only,Video Only
50785920,MB-165584,2014-02-11 00:00:00.000,159.85,20.0,0.0,0.0,Check US,Physical Only,Video Only
50350287,S00902136,2012-09-16 00:00:00.000,132.4,20.0,0.0,0.0,CreditCard,Physical Only,Audio Only
50163509,S00372737,2012-04-10 00:00:00.000,79.9,10.0,0.0,0.0,CreditCard,Physical Only,Video Only
50016403,MB-028952,2012-04-03 00:00:00.000,114.95,15.0,0.0,0.0,Check US,Physical Only,Video Only
50566079,S01766817,2013-06-07 00:00:00.000,1798.4,0.0,0.0,0.0,CreditCard,Physical Only,Video Only
50053414,S00100734,2012-01-27 00:00:00.000,24.9,5.0,0.0,0.0,CreditCard,Physical Only,Video Only
50141883,S00866955,2012-09-05 00:00:00.000,94.9,15.0,0.0,0.0,CreditCard,Physical Only,Both
50149142,S00335900,2012-03-31 00:00:00.000,14.95,5.0,0.0,0.0,CreditCard,Physical Only,Video Only
50304534,S00737040,2012-07-26 00:00:00.000,179.85,0.0,0.0,0.0,CreditCard,Digital Only,Video Only
50365636,S02204191,2013-11-18 00:00:00.000,254.85,30.0,0.0,0.0,CreditCard,Physical Only,Video Only
50913506,S02855258,2014-06-05 00:00:00.000,149.8,15.0,0.0,0.0,CreditCard,Physical Only,Both
50841701,S02777476,2014-05-12 00:00:00.000,234.9,0.0,0.0,0.0,CreditCard,Digital Only,Video Only
50567147,S01768954,2013-06-08 00:00:00.000,339.5,0.0,0.0,0.0,CreditCard,Digital Only,Both
50441335,S01680236,2013-05-03 00:00:00.000,99.9,0.0,0.0,0.0,CreditCard,Physical Only,Video Only
50789889,S02511098,2014-02-13 00:00:00.000,49.95,10.0,0.0,0.0,CreditCard,Physical Only,Video Only
50695274,S02251990,2013-12-01 00:00:00.000,109.9,15.0,0.0,0.0,CreditCard,Physical Only,Audio Only
50441335,S01343847,2013-01-23 00:00:00.000,224.65,25.0,0.0,0.0,CreditCard,Physical Only,Video Only
50295939,S00714599,2012-07-18 00:00:00.000,94.95,25.0,0.0,0.0,CreditCard,Physical Only,Audio Only
50198571,S00462441,2012-05-04 00:00:00.000,22.45,5.0,0.0,0.0,CreditCard,Physical Only,Video Only
50700924,S02325921,2013-12-18 00:00:00.000,104.85,15.0,0.0,0.0,CreditCard,Physical Only,Video Only
50304534,S01940375,2013-08-09 00:00:00.000,69.95,0.0,0.0,0.0,CreditCard,Digital Only,Video Only
50675016,S02168912,2013-11-06 00:00:00.000,34.85,5.0,0.0,0.0,CreditCard,Physical Only,Video Only
50208931,S00492445,2012-05-14 00:00:00.000,24.9,5.0,0.0,0.0,CreditCard,Physical Only,Video Only
50129777,S00999611,2012-10-21 00:00:00.000,144.9,0.0,0.0,0.0,CreditCard,Digital Only,Video Only
50429297,MB-118743,2013-05-28 00:00:00.000,119.9,20.0,0.0,0.0,Check US,Physical Only,Video Only
50111412,S02011562,2013-09-07 00:00:00.000,74.93,10.0,0.0,0.0,CreditCard,Physical Only,Video Only
50816778,S02593493,2014-03-12 00:00:00.000,114.95,15.0,0.0,0.0,CreditCard,Physical Only,Video Only
50772203,S02470015,2014-02-02 00:00:00.000,54.9,0.0,0.0,0.0,CreditCard,Digital Only,Video Only
50022817,MB-139732,2013-09-13 00:00:00.000,29.95,10.0,0.0,0.0,Check US,Physical Only,Audio Only
50129777,S01964174,2013-08-18 00:00:00.000,124.9,0.0,0.0,0.0,CreditCard,Digital Only,Video Only
50149584,S00371413,2012-04-10 00:00:00.000,124.8,20.0,0.0,0.0,CreditCard,Physical Only,Audio Only
50510640,S01841220,2013-07-01 00:00:00.000,74.95,10.0,0.0,0.0,CreditCard,Physical Only,Audio Only
50626556,S01990397,2013-08-29 00:00:00.000,34.95,0.0,0.0,0.0,CreditCard,Digital Only,Video Only
50822177,S02603181,2014-03-16 00:00:00.000,49.95,10.0,0.0,0.0,CreditCard,Physical Only,Video Only
50051695,S00400417,2012-04-16 00:00:00.000,49.95,10.0,0.0,0.0,CreditCard,Physical Only,Video Only
50266534,S01987726,2013-08-28 00:00:00.000,114.95,15.0,0.0,0.0,CreditCard,Physical Only,Video Only
50089820,S00174283,2012-02-13 00:00:00.000,109.9,15.0,0.0,0.0,CreditCard,Physical Only,Video Only
50111412,S00227149,2012-02-26 00:00:00.000,824.25,30.0,0.0,0.0,CreditCard,Physical Only,Both
50111412,S02011224,2013-09-07 00:00:00.000,64.92,10.0,0.0,0.0,CreditCard,Physical Only,Video Only
50429297,MB-091691,2013-01-17 00:00:00.000,184.85,25.0,0.0,0.0,Check US,Physical Only,Video Only
50129777,S01093458,2012-11-22 00:00:00.000,32.48,0.0,0.0,0.0,CreditCard,Digital Only,Audio Only
50414525,S01293190,2013-01-06 00:00:00.000,14.95,5.0,0.0,0.0,CreditCard,Physical Only,Video Only
50089820,S00827056,2012-08-22 00:00:00.000,49.95,10.0,0.0,0.0,CreditCard,Physical Only,Video Only
50475761,MB-116015,2013-05-04 00:00:00.000,159.9,20.0,0.0,0.0,Check US,Physical Only,Video Only
50537110,S01653421,2013-04-22 00:00:00.000,79.9,10.0,0.0,0.0,CreditCard,Physical Only,Video Only
50266534,S02283125,2013-12-09 00:00:00.000,199.9,0.0,0.0,0.0,CreditCard,Physical Only,Video Only
50428631,S01320218,2013-01-16 00:00:00.000,122.95,15.0,0.0,8.05,CreditCard,Physical Only,Video Only
50544064,S02123046,2013-10-23 00:00:00.000,49.95,0.0,0.0,0.0,CreditCard,Digital Only,Audio Only
50350832,S00903895,2012-09-17 00:00:00.000,59.9,10.0,0.0,0.0,CreditCard,Physical Only,Video Only
50149584,S00337178,2012-03-31 00:00:00.000,59.9,10.0,0.0,0.0,CreditCard,Physical Only,Audio Only
50111412,S02011556,2013-09-07 00:00:00.000,154.93,20.0,0.0,0.0,CreditCard,Physical Only,Video Only
50544064,S01688269,2013-05-06 00:00:00.000,69.95,10.0,0.0,0.0,CreditCard,Physical Only,Video Only
50129777,S00611851,2012-06-17 00:00:00.000,27.95,0.0,0.0,0.0,CreditCard,Digital Only,Video Only
50129777,S02139932,2013-10-28 00:00:00.000,19.95,0.0,0.0,0.0,CreditCard,Digital Only,Audio Only
50507530,S01493361,2013-03-10 00:00:00.000,244.85,30.0,0.0,0.0,CreditCard,Physical Only,Video Only
50150784,S00340805,2012-04-01 00:00:00.000,87.8,10.0,0.0,0.0,CreditCard,Both,Both
50731308,S02387538,2014-01-10 00:00:00.000,39.95,10.0,0.0,0.0,CreditCard,Physical Only,Video Only
50386447,S02244268,2013-11-29 00:00:00.000,49.95,0.0,0.0,0.0,CreditCard,Digital Only,Audio Only
50129777,S01795104,2013-06-16 00:00:00.000,119.9,0.0,0.0,0.0,CreditCard,Digital Only,Video Only
50475761,MB-194359,2014-07-31 00:00:00.000,399.7,25.0,0.0,0.0,Check US,Physical Only,Both
50762179,S02452827,2014-01-28 00:00:00.000,49.95,10.0,0.0,0.0,CreditCard,Physical Only,Video Only
50129777,S00390890,2012-04-14 00:00:00.000,124.85,0.0,0.0,0.0,CreditCard,Digital Only,Video Only
50886417,S02784354,2014-05-14 00:00:00.000,59.9,10.0,0.0,0.0,CreditCard,Physical Only,Video Only
50195827,S00454965,2012-05-02 00:00:00.000,9.95,0.0,0.0,0.0,CreditCard,Digital Only,Video Only
50772439,S02470766,2014-02-02 00:00:00.000,229.9,25.0,0.0,0.0,CreditCard,Physical Only,Audio Only
50844654,S02664157,2014-04-02 00:00:00.000,99.95,15.0,0.0,0.0,CreditCard,Physical Only,Video Only
50737024,S02819262,2014-05-26 00:00:00.000,69.95,0.0,0.0,0.0,CreditCard,Physical Only,Video Only
50909145,S02844596,2014-06-03 00:00:00.000,49.95,10.0,0.0,0.0,CreditCard,Physical Only,Video Only
50022817,MB-026037,2012-03-22 00:00:00.000,34.95,10.0,0.0,0.0,Check US,Physical Only,Video Only
50244091,MB-055638,2012-07-21 00:00:00.000,214.9,25.0,0.0,0.0,Check US,Physical Only,Video Only
50266534,S00762978,2012-08-02 00:00:00.000,164.9,20.0,0.0,0.0,CreditCard,Physical Only,Video Only
50125267,S00268558,2012-03-10 00:00:00.000,114.95,15.0,0.0,0.0,CreditCard,Physical Only,Video Only
50693657,S02245457,2013-11-29 00:00:00.000,39.95,10.0,0.0,0.0,CreditCard,Physical Only,Video Only
50236188,S00939110,2012-09-27 00:00:00.000,112.28,10.0,0.0,10.36,CreditCard,Both,Video Only
50870141,S02947210,2014-07-12 00:00:00.000,89.95,10.0,0.0,0.0,CreditCard,Physical Only,Video Only
50838287,S02647187,2014-03-29 00:00:00.000,90.85,0.0,0.0,0.0,CreditCard,Physical Only,Video Only
50707693,MB-153014,2013-12-13 00:00:00.000,69.9,10.0,0.0,0.0,Check US,Physical Only,Video Only
50129777,S01555301,2013-03-19 00:00:00.000,92.85,0.0,0.0,0.0,CreditCard,Digital Only,Both
50510640,S02449599,2014-01-27 00:00:00.000,34.95,10.0,0.0,0.0,CreditCard,Physical Only,Audio Only
50843231,S02661062,2014-04-02 00:00:00.000,89.9,10.0,0.0,0.0,CreditCard,Physical Only,Video Only
50068826,MB-025274,2012-03-19 00:00:00.000,21.99,0.99,0.0,1.05,MoneyOrder,Physical Only,Video Only
50385560,S01091735,2012-11-21 00:00:00.000,124.85,5.0,0.0,0.0,CreditCard,Physical Only,Video Only
50266534,S01816557,2013-06-24 00:00:00.000,129.95,0.0,0.0,0.0,CreditCard,Physical Only,Video Only
50150784,S01996436,2013-09-01 00:00:00.000,49.95,10.0,0.0,0.0,CreditCard,Physical Only,Video Only
50244091,MB-044036,2012-06-11 00:00:00.000,74.95,10.0,0.0,0.0,Check US,Physical Only,Video Only
50785392,S02502083,2014-02-11 00:00:00.000,124.9,15.0,0.0,0.0,CreditCard,Physical Only,Video Only
50842399,MB-175338,2014-04-01 00:00:00.000,54.95,15.0,0.0,0.0,Check US,Physical Only,Video Only
50244091,MB-065097,2012-08-30 00:00:00.000,94.9,15.0,0.0,0.0,Check US,Physical Only,Video Only
50441099,S01567372,2013-03-21 00:00:00.000,373.76,30.0,0.0,0.0,CreditCard,Physical Only,Video Only
50022817,MB-003849,2012-01-17 00:00:00.000,144.85,20.0,0.0,0.0,Check US,Physical Only,Video Only
50386447,S01098867,2012-11-23 00:00:00.000,94.95,0.0,0.0,0.0,CreditCard,Digital Only,Audio Only
50593103,S02234703,2013-11-28 00:00:00.000,32.91,0.0,0.0,0.0,CreditCard,Digital Only,Audio Only
50608518,S01883031,2013-07-20 00:00:00.000,69.9,5.0,0.0,0.0,CreditCard,Physical Only,Both
50748668,S02902577,2014-06-24 00:00:00.000,239.9,0.0,0.0,0.0,CreditCard,Digital Only,Audio Only
50247964,MB-069758,2012-09-13 00:00:00.000,69.85,10.0,0.0,0.0,Check US,Physical Only,Video Only
50343994,S02500496,2014-02-10 00:00:00.000,374.9,25.0,0.0,0.0,CreditCard,Physical Only,Video Only
50413650,S01290557,2013-01-04 00:00:00.000,219.7,25.0,0.0,0.0,CreditCard,Physical Only,Video Only
50041957,S00085649,2012-01-25 00:00:00.000,29.95,10.0,0.0,0.0,CreditCard,Physical Only,Audio Only
50739035,S02810812,2014-05-23 00:00:00.000,39.95,0.0,0.0,0.0,CreditCard,Physical Only,Video Only
50769560,MB-162394,2014-01-31 00:00:00.000,79.9,10.0,0.0,0.0,Check US,Physical Only,Video Only
50153206,S00346663,2012-04-03 00:00:00.000,29.95,10.0,0.0,0.0,CreditCard,Physical Only,Video Only
50095939,S00249047,2012-03-03 00:00:00.000,44.95,0.0,0.0,0.0,CreditCard,Physical Only,Video Only
50033469,S02796610,2014-05-18 00:00:00.000,149.95,20.0,0.0,0.0,CreditCard,Physical Only,Video Only
50435569,S01334087,2013-01-21 00:00:00.000,104.9,15.0,0.0,0.0,CreditCard,Physical Only,Video Only
50343994,S01363741,2013-01-29 00:00:00.000,14.95,5.0,0.0,0.0,CreditCard,Physical Only,Video Only
50543776,S01686822,2013-05-06 00:00:00.000,137.45,20.0,0.0,0.0,CreditCard,Physical Only,Video Only
50594941,S01833737,2013-06-28 00:00:00.000,34.95,0.0,0.0,0.0,CreditCard,Digital Only,Audio Only
50002315,S02646938,2014-03-29 00:00:00.000,194.95,0.0,0.0,0.0,CreditCard,Physical Only,Audio Only
50297991,S00721232,2012-07-21 00:00:00.000,34.95,0.0,0.0,0.0,CreditCard,Digital Only,Video Only
50159490,S00363419,2012-04-07 00:00:00.000,9.95,0.0,0.0,0.0,CreditCard,Digital Only,Video Only
50572318,S01779881,2013-06-11 00:00:00.000,69.9,10.0,0.0,0.0,CreditCard,Physical Only,Video Only
50010405,S00025143,2012-01-09 00:00:00.000,44.95,10.0,0.0,0.0,CreditCard,Physical Only,Video Only
50689038,S02221614,2013-11-24 00:00:00.000,64.95,10.0,0.0,0.0,CreditCard,Physical Only,Video Only
50577000,MB-123987,2013-06-15 00:00:00.000,114.85,15.0,0.0,0.0,Check US,Physical Only,Video Only
50016189,MB-002448,2012-01-12 00:00:00.000,54.9,10.0,0.0,0.0,Check US,Physical Only,Video Only
50480661,S01415901,2013-02-12 00:00:00.000,39.95,10.0,0.0,0.0,CreditCard,Physical Only,Video Only
50015953,S00748600,2012-07-30 00:00:00.000,84.95,15.0,0.0,0.0,CreditCard,Physical Only,Video Only
50075022,S00141382,2012-02-07 00:00:00.000,154.85,0.0,0.0,0.0,CreditCard,Digital Only,Video Only
50118042,MB-021937,2012-03-02 00:00:00.000,59.9,10.0,0.0,0.0,Check US,Physical Only,Video Only
50418298,S01300030,2013-01-09 00:00:00.000,79.95,10.0,0.0,0.0,CreditCard,Physical Only,Video Only
50568099,S01771197,2013-06-09 00:00:00.000,134.85,20.0,0.0,0.0,CreditCard,Physical Only,Both
50640333,S02013966,2013-09-08 00:00:00.000,79.95,10.0,0.0,0.0,CreditCard,Physical Only,Video Only
50112326,S00282935,2012-03-15 00:00:00.000,39.95,0.0,0.0,0.0,CreditCard,Physical Only,Video Only
50768383,S02462263,2014-01-30 00:00:00.000,141.43,15.0,0.0,0.0,CreditCard,Physical Only,Video Only
50262806,S00631294,2012-06-22 00:00:00.000,259.8,30.0,0.0,0.0,CreditCard,Physical Only,Video Only
50343851,S00881640,2012-09-09 00:00:00.000,59.95,10.0,0.0,0.0,CreditCard,Physical Only,Video Only
50114557,S00236004,2012-02-29 00:00:00.000,129.9,20.0,0.0,0.0,CreditCard,Physical Only,Video Only
50755122,S02442307,2014-01-25 00:00:00.000,84.85,0.0,0.0,0.0,CreditCard,Digital Only,Audio Only
50388182,S01111436,2012-11-26 00:00:00.000,69.95,0.0,0.0,0.0,CreditCard,Physical Only,Video Only
50739035,S02810815,2014-05-23 00:00:00.000,19.95,0.0,0.0,0.0,CreditCard,Physical Only,Both
50040385,S02697157,2014-04-15 00:00:00.000,55.9,0.0,0.0,0.0,CreditCard,Digital Only,Video Only
50007704,MB-093487,2013-01-24 00:00:00.000,39.95,10.0,0.0,0.0,Check US,Physical Only,Video Only
50376807,S01022119,2012-10-31 00:00:00.000,49.95,0.0,0.0,0.0,CreditCard,Digital Only,Audio Only
50606271,S01874690,2013-07-16 00:00:00.000,92.45,10.0,0.0,0.0,CreditCard,Physical Only,Video Only
50040385,S00875378,2012-09-07 00:00:00.000,171.9,10.0,0.0,0.0,CreditCard,Both,Video Only
50748668,S02708694,2014-04-19 00:00:00.000,74.95,0.0,0.0,0.0,CreditCard,Digital Only,Video Only
50052853,S00100081,2012-01-27 00:00:00.000,237.25,30.0,0.0,0.0,CreditCard,Physical Only,Video Only
50310234,S00751960,2012-07-30 00:00:00.000,44.95,10.0,0.0,0.0,CreditCard,Physical Only,Video Only
50525292,S01612060,2013-04-04 00:00:00.000,92.45,10.0,0.0,0.0,CreditCard,Physical Only,Video Only
50480327,S02005254,2013-09-04 00:00:00.000,34.95,0.0,0.0,0.0,CreditCard,Digital Only,Audio Only
50019404,S00044572,2012-01-15 00:00:00.000,89.95,15.0,0.0,0.0,CreditCard,Physical Only,Video Only
50407057,S01244980,2012-12-22 00:00:00.000,69.95,10.0,0.0,0.0,CreditCard,Physical Only,Video Only
50082735,S00229785,2012-02-27 00:00:00.000,64.95,10.0,0.0,0.0,CreditCard,Physical Only,Video Only
50033469,S02331560,2013-12-20 00:00:00.000,79.95,10.0,0.0,0.0,CreditCard,Physical Only,Video Only
50335729,S00912861,2012-09-19 00:00:00.000,184.85,0.0,0.0,0.0,CreditCard,Physical Only,Video Only
50083014,S00159274,2012-02-10 00:00:00.000,79.95,10.0,0.0,0.0,CreditCard,Physical Only,Video Only
50007704,MB-000865,2012-01-07 00:00:00.000,69.9,10.0,0.0,0.0,Check US,Physical Only,Audio Only
50701840,S02277801,2013-12-07 00:00:00.000,129.9,20.0,0.0,0.0,CreditCard,Physical Only,Audio Only
50033469,S01813209,2013-06-23 00:00:00.000,164.9,0.0,0.0,0.0,CreditCard,Physical Only,Video Only
50343994,S01151850,2012-12-03 00:00:00.000,49.95,0.0,0.0,0.0,CreditCard,Physical Only,Audio Only
50002315,S00432901,2012-04-25 00:00:00.000,234.85,30.0,0.0,0.0,CreditCard,Physical Only,Both
50398712,S01337367,2013-01-22 00:00:00.000,64.95,15.0,0.0,0.0,CreditCard,Physical Only,Audio Only
50892657,S02799341,2014-05-19 00:00:00.000,29.95,10.0,0.0,0.0,CreditCard,Physical Only,Video Only
50239876,MB-083343,2012-11-28 00:00:00.000,129.85,20.0,0.0,0.0,MoneyOrder,Physical Only,Video Only
50034344,S00073561,2012-01-23 00:00:00.000,189.8,25.0,0.0,0.0,CreditCard,Physical Only,Video Only
50212934,S00508024,2012-05-19 00:00:00.000,14.95,5.0,0.0,0.0,CreditCard,Physical Only,Video Only
50373197,S01003134,2012-10-23 00:00:00.000,22.45,5.0,0.0,0.0,CreditCard,Physical Only,Video Only
50889188,S02790532,2014-05-16 00:00:00.000,14.95,5.0,0.0,0.0,CreditCard,Physical Only,Video Only
50267843,S01440260,2013-02-18 00:00:00.000,239.8,0.0,0.0,0.0,CreditCard,Physical Only,Video Only
50195596,S00453784,2012-05-02 00:00:00.000,59.95,10.0,0.0,0.0,CreditCard,Physical Only,Audio Only
50790853,S02512968,2014-02-13 00:00:00.000,107.4,15.0,0.0,0.0,CreditCard,Physical Only,Video Only
50739763,MB-157399,2014-01-16 00:00:00.000,29.95,10.0,0.0,0.0,Check US,Physical Only,Video Only
50712169,S02319465,2013-12-17 00:00:00.000,69.95,0.0,0.0,0.0,CreditCard,Physical Only,Video Only
50002393,S00257218,2012-03-06 00:00:00.000,140.89,0.99,0.0,0.0,CreditCard,Physical Only,Video Only
50301016,S01889856,2013-07-22 00:00:00.000,129.9,20.0,0.0,0.0,CreditCard,Physical Only,Video Only
50301016,S02554712,2014-02-27 00:00:00.000,199.9,30.0,0.0,0.0,CreditCard,Physical Only,Video Only
50903418,S02826462,2014-05-28 00:00:00.000,34.95,0.0,0.0,0.0,CreditCard,Digital Only,Audio Only
50739763,MB-192002,2014-07-17 00:00:00.000,104.95,15.0,0.0,0.0,Check US,Physical Only,Audio Only
50461142,S01817662,2013-06-24 00:00:00.000,29.95,0.0,0.0,0.0,CreditCard,Physical Only,Video Only
50015643,S00487440,2012-05-12 00:00:00.000,74.96,10.0,0.0,0.0,CreditCard,Physical Only,Audio Only
50773830,S02473933,2014-02-03 00:00:00.000,269.8,25.0,0.0,0.0,CreditCard,Physical Only,Audio Only
50512707,S01618272,2013-04-07 00:00:00.000,14.95,0.0,0.0,0.0,CreditCard,Digital Only,Audio Only
50203059,S00854189,2012-09-01 00:00:00.000,59.95,0.0,0.0,0.0,CreditCard,Digital Only,Video Only
50015643,S00154249,2012-02-09 00:00:00.000,104.9,15.0,0.0,0.0,CreditCard,Physical Only,Audio Only
50421909,S02221100,2013-11-24 00:00:00.000,79.95,0.0,0.0,0.0,CreditCard,Physical Only,Video Only
50002393,S01901964,2013-07-26 00:00:00.000,59.95,0.0,0.0,0.0,CreditCard,Physical Only,Video Only
50168849,S00386537,2012-04-13 00:00:00.000,7.5,0.0,0.0,0.0,CreditCard,,
50184732,S00427075,2012-04-23 00:00:00.000,189.85,25.0,0.0,0.0,CreditCard,Physical Only,Video Only
50266574,S00642093,2012-06-25 00:00:00.000,154.95,20.0,0.0,0.0,CreditCard,Physical Only,Video Only
50879018,S02764301,2014-05-08 00:00:00.000,34.95,5.0,0.0,0.0,CreditCard,Physical Only,Video Only
50421909,S01306691,2013-01-11 00:00:00.000,59.95,10.0,0.0,0.0,CreditCard,Physical Only,Video Only
50624804,S02880027,2014-06-11 00:00:00.000,89.85,0.0,0.0,0.0,CreditCard,Physical Only,Video Only
50280503,S00674492,2012-07-05 00:00:00.000,24.9,5.0,0.0,0.0,CreditCard,Physical Only,Video Only
50593527,S01829462,2013-06-27 00:00:00.000,37.45,10.0,0.0,0.0,CreditCard,Physical Only,Video Only
50676980,S02175707,2013-11-08 00:00:00.000,94.9,15.0,0.0,0.0,CreditCard,Physical Only,Audio Only
50445630,S02649011,2014-03-29 00:00:00.000,79.95,0.0,0.0,0.0,CreditCard,Physical Only,Video Only
50654931,S02084270,2013-10-07 00:00:00.000,104.85,15.0,0.0,0.0,CreditCard,Physical Only,Video Only
50040815,S00290496,2012-03-18 00:00:00.000,19.95,0.0,0.0,0.0,CreditCard,Digital Only,Audio Only
50340885,S01474372,2013-03-03 00:00:00.000,89.9,0.0,0.0,0.0,CreditCard,Digital Only,Video Only
50820558,S02600559,2014-03-15 00:00:00.000,29.95,10.0,0.0,0.0,CreditCard,Physical Only,Video Only
50771104,S02467211,2014-02-01 00:00:00.000,154.85,20.0,0.0,0.0,CreditCard,Physical Only,Audio Only
50235186,S00563053,2012-06-06 00:00:00.000,29.95,10.0,0.0,0.0,CreditCard,Physical Only,Video Only
50082938,S01175768,2012-12-08 00:00:00.000,34.9,0.0,0.0,0.0,CreditCard,Digital Only,Audio Only
50845451,MB-175644,2014-04-03 00:00:00.000,49.9,10.0,0.0,0.0,Check US,Physical Only,Video Only
50245732,S00588942,2012-06-12 00:00:00.000,9.95,0.0,0.0,0.0,CreditCard,Digital Only,Video Only
50025414,S00056979,2012-01-19 00:00:00.000,159.8,20.0,0.0,0.0,CreditCard,Physical Only,Video Only
50141312,S00315878,2012-03-26 00:00:00.000,29.95,0.0,0.0,0.0,CreditCard,Digital Only,Video Only
50578869,MB-124303,2013-06-17 00:00:00.000,29.95,10.0,0.0,0.0,Check US,Physical Only,Audio Only
50351631,S00906086,2012-09-17 00:00:00.000,29.95,10.0,0.0,0.0,CreditCard,Physical Only,Video Only
50068948,S00127902,2012-02-03 00:00:00.000,574.3,30.0,0.0,0.0,CreditCard,Physical Only,Video Only
50445630,S01583987,2013-03-26 00:00:00.000,49.98,10.0,0.0,0.0,CreditCard,Physical Only,Video Only
50453704,MB-095823,2013-01-29 00:00:00.000,59.95,10.0,0.0,0.0,Check US,Physical Only,Video Only
50427989,S01318872,2013-01-16 00:00:00.000,29.95,10.0,0.0,0.0,CreditCard,Physical Only,Video Only
50211665,S00718944,2012-07-20 00:00:00.000,102.4,15.0,0.0,0.0,CreditCard,Physical Only,Video Only
50203059,S02398233,2014-01-14 00:00:00.000,84.9,0.0,0.0,0.0,CreditCard,Digital Only,Video Only
50082938,S00576492,2012-06-08 00:00:00.000,15.95,0.0,0.0,0.0,CreditCard,Digital Only,Audio Only
50643717,S02027262,2013-09-14 00:00:00.000,109.95,0.0,0.0,0.0,CreditCard,Digital Only,Video Only
50724948,S02376480,2014-01-05 00:00:00.000,89.9,10.0,0.0,0.0,CreditCard,Physical Only,Video Only
50592641,S01827857,2013-06-27 00:00:00.000,884.25,0.0,0.0,0.0,CreditCard,Physical Only,Video Only
50226037,S00540121,2012-05-31 00:00:00.000,14.95,5.0,0.0,0.0,CreditCard,Physical Only,Video Only
50624804,S01975657,2013-08-22 00:00:00.000,67.96,5.0,0.0,0.0,CreditCard,Physical Only,Video Only
50015643,S00036345,2012-01-12 00:00:00.000,69.9,10.0,0.0,0.0,CreditCard,Physical Only,Audio Only
50351631,S00977619,2012-10-10 00:00:00.000,0.0,0.0,0.0,0.0,,Physical Only,Video Only
50002393,S02607607,2014-03-18 00:00:00.000,169.9,0.0,0.0,0.0,CreditCard,Physical Only,Video Only
50002393,S00009548,2012-01-04 00:00:00.000,87.4,15.0,0.0,0.0,CreditCard,Physical Only,Video Only
50391943,S01137362,2012-11-30 00:00:00.000,59.95,0.0,0.0,0.0,CreditCard,Digital Only,Video Only
50640148,S02013058,2013-09-08 00:00:00.000,164.8,20.0,0.0,0.0,CreditCard,Physical Only,Both
50921052,S02880633,2014-06-12 00:00:00.000,69.9,10.0,0.0,0.0,CreditCard,Physical Only,Video Only
50356897,S01438609,2013-02-18 00:00:00.000,139.88,0.0,0.0,0.0,CreditCard,Digital Only,Audio Only
50195196,S00452663,2012-05-02 00:00:00.000,29.9,5.0,0.0,0.0,CreditCard,Physical Only,Video Only
50340885,S02493618,2014-02-08 00:00:00.000,69.95,10.0,0.0,0.0,CreditCard,Physical Only,Video Only
50554076,S01736698,2013-05-29 00:00:00.000,122.4,10.0,0.0,0.0,CreditCard,Physical Only,Both
50445630,S02649060,2014-03-29 00:00:00.000,69.95,0.0,0.0,0.0,CreditCard,Physical Only,Video Only
50356897,S01183317,2012-12-10 00:00:00.000,30.0,0.0,0.0,0.0,CreditCard,Digital Only,Audio Only
50445630,S02098076,2013-10-13 00:00:00.000,109.9,0.0,0.0,0.0,CreditCard,Digital Only,Video Only
50071524,S00134276,2012-02-05 00:00:00.000,179.9,20.0,0.0,0.0,CreditCard,Both,Video Only
50099843,S00190993,2012-02-16 00:00:00.000,69.9,10.0,0.0,0.0,CreditCard,Physical Only,Both
50910327,S02847555,2014-06-03 00:00:00.000,89.9,10.0,0.0,0.0,CreditCard,Physical Only,Video Only
50201715,S00471904,2012-05-07 00:00:00.000,42.45,10.0,0.0,0.0,CreditCard,Physical Only,Video Only
50765028,S02682611,2014-04-09 00:00:00.000,37.45,10.0,0.0,0.0,CreditCard,Physical Only,Video Only
50029911,S00405255,2012-04-18 00:00:00.000,69.9,10.0,0.0,0.0,CreditCard,Physical Only,Both
50420133,S01303545,2013-01-10 00:00:00.000,29.95,10.0,0.0,0.0,CreditCard,Physical Only,Video Only
50041394,MB-189992,2014-07-01 00:00:00.000,49.95,10.0,0.0,0.0,Check US,Physical Only,Audio Only
50165034,S00376051,2012-04-11 00:00:00.000,83.75,0.0,0.0,0.0,CreditCard,Digital Only,Both
50517633,S02709406,2014-04-19 00:00:00.000,159.9,20.0,0.0,0.0,CreditCard,Physical Only,Video Only
50250284,S00599583,2012-06-14 00:00:00.000,34.95,10.0,0.0,0.0,CreditCard,Physical Only,Audio Only
50049014,S00094979,2012-01-26 00:00:00.000,94.9,15.0,0.0,0.0,CreditCard,Physical Only,Video Only
50005397,S01107933,2012-11-25 00:00:00.000,110.85,15.0,0.0,0.0,CreditCard,Both,Audio Only
50639634,MB-152827,2013-12-12 00:00:00.000,39.95,10.0,0.0,0.0,Check US,Physical Only,Video Only
50582863,S01817584,2013-06-24 00:00:00.000,109.9,0.0,0.0,0.0,CreditCard,Digital Only,Video Only
50041394,S02623214,2014-03-23 00:00:00.000,54.95,0.0,0.0,0.0,CreditCard,Physical Only,Audio Only
50517633,S01578447,2013-03-24 00:00:00.000,114.9,15.0,0.0,0.0,CreditCard,Physical Only,Video Only
50482687,S02601197,2014-03-15 00:00:00.000,89.9,0.0,0.0,0.0,CreditCard,Physical Only,Audio Only
50041394,S02962621,2014-07-20 00:00:00.000,59.95,10.0,0.0,0.0,CreditCard,Physical Only,Audio Only
50578751,MB-151712,2013-12-05 00:00:00.000,29.95,10.0,0.0,0.0,Check US,Physical Only,Video Only
50672040,S02158652,2013-11-03 00:00:00.000,278.84,0.0,0.0,18.24,CreditCard,Digital Only,Audio Only
50507405,S01492754,2013-03-10 00:00:00.000,64.95,15.0,0.0,0.0,CreditCard,Physical Only,Video Only
50037886,S00079276,2012-01-24 00:00:00.000,49.95,10.0,0.0,0.0,CreditCard,Physical Only,Video Only
50754750,S02441640,2014-01-25 00:00:00.000,114.95,15.0,0.0,0.0,CreditCard,Physical Only,Video Only
50367822,S01259487,2012-12-26 00:00:00.000,144.85,20.0,0.0,0.0,CreditCard,Physical Only,Video Only
50217309,S00518531,2012-05-23 00:00:00.000,39.95,0.0,0.0,0.0,CreditCard,Digital Only,Video Only
50901986,S02929601,2014-07-04 00:00:00.000,340.68,25.0,0.0,0.0,CreditCard,Physical Only,Both
50719018,S02350160,2013-12-26 00:00:00.000,354.5,30.0,0.0,0.0,CreditCard,Physical Only,Video Only
50161508,S00368138,2012-04-09 00:00:00.000,159.85,20.0,0.0,0.0,CreditCard,Physical Only,Video Only
50673943,S02165502,2013-11-05 00:00:00.000,62.45,10.0,0.0,0.0,CreditCard,Physical Only,Video Only
50423409,S01309978,2013-01-13 00:00:00.000,274.8,30.0,0.0,0.0,CreditCard,Physical Only,Video Only
50560231,S01755561,2013-06-04 00:00:00.000,294.7,30.0,0.0,0.0,CreditCard,Physical Only,Video Only
50346361,S00888540,2012-09-11 00:00:00.000,19.95,10.0,0.0,0.0,CreditCard,Physical Only,Video Only
50797515,S02529884,2014-02-19 00:00:00.000,34.95,10.0,0.0,0.0,CreditCard,Physical Only,Video Only
50482687,S01419609,2013-02-13 00:00:00.000,129.85,20.0,0.0,0.0,CreditCard,Physical Only,Audio Only
50041394,S00971312,2012-10-07 00:00:00.000,24.9,5.0,0.0,0.0,CreditCard,Both,Video Only
50362306,S00949334,2012-09-28 00:00:00.000,149.75,20.0,0.0,0.0,CreditCard,Physical Only,Both
50367822,S00976363,2012-10-10 00:00:00.000,59.9,10.0,0.0,0.0,CreditCard,Physical Only,Video Only
50769621,MB-162448,2014-01-31 00:00:00.000,49.95,10.0,0.0,0.0,Check US,Physical Only,Video Only
50332843,MB-143718,2013-10-11 00:00:00.000,39.95,10.0,0.0,0.0,Check US,Physical Only,Video Only
50254395,S00612381,2012-06-18 00:00:00.000,49.85,5.0,0.0,0.0,CreditCard,Physical Only,Video Only
50664602,S02756660,2014-05-06 00:00:00.000,79.95,0.0,0.0,0.0,CreditCard,Physical Only,Video Only
50139629,MB-026577,2012-03-24 00:00:00.000,74.95,10.0,0.0,0.0,Check US,Physical Only,Video Only
50041394,MB-006149,2012-01-25 00:00:00.000,24.95,10.0,0.0,0.0,Check US,Physical Only,Video Only
50029911,MB-112065,2013-04-05 00:00:00.000,50.94,0.99,0.0,0.0,Check US,Physical Only,Audio Only
50254395,S00777890,2012-08-07 00:00:00.000,204.92,25.0,0.0,0.0,CreditCard,Physical Only,Video Only
50517633,S01719745,2013-05-21 00:00:00.000,94.8,15.0,0.0,0.0,CreditCard,Physical Only,Video Only
50050986,S00097616,2012-01-26 00:00:00.000,29.95,10.0,0.0,0.0,CreditCard,Physical Only,Video Only
50041394,MB-183384,2014-05-22 00:00:00.000,79.95,10.0,0.0,0.0,Check US,Physical Only,Audio Only
50578751,S01796884,2013-06-17 00:00:00.000,59.95,0.0,0.0,0.0,CreditCard,Digital Only,Video Only
50039989,S00082708,2012-01-24 00:00:00.000,39.95,10.0,0.0,0.0,CreditCard,Physical Only,Video Only
50517633,S02416160,2014-01-20 00:00:00.000,244.85,25.0,0.0,0.0,CreditCard,Physical Only,Video Only
50504747,S01478419,2013-03-04 00:00:00.000,22.45,5.0,0.0,0.0,CreditCard,Physical Only,Video Only
50546277,S01699493,2013-05-11 00:00:00.000,129.95,0.0,0.0,0.0,CreditCard,Digital Only,Audio Only
50592756,S01828046,2013-06-27 00:00:00.000,289.6,30.0,0.0,0.0,CreditCard,Physical Only,Both
50192609,S00445990,2012-04-29 00:00:00.000,21.95,5.0,0.0,0.0,CreditCard,Physical Only,Video Only
50041394,MB-169172,2014-02-26 00:00:00.000,41.96,10.0,0.0,0.0,Check US,Physical Only,Audio Only
50180945,S00416997,2012-04-19 00:00:00.000,104.9,15.0,0.0,0.0,CreditCard,Physical Only,Video Only
50093351,S00714862,2012-07-18 00:00:00.000,114.95,15.0,0.0,0.0,CreditCard,Physical Only,Video Only
50468680,S02610907,2014-03-19 00:00:00.000,59.95,10.0,0.0,0.0,CreditCard,Physical Only,Audio Only
50869397,S02731301,2014-04-28 00:00:00.000,84.95,0.0,0.0,0.0,CreditCard,Digital Only,Video Only
50773434,S02473245,2014-02-03 00:00:00.000,62.45,10.0,0.0,0.0,CreditCard,Physical Only,Video Only
50013300,S00030761,2012-01-10 00:00:00.000,154.85,20.0,0.0,0.0,CreditCard,Physical Only,Video Only
50264220,S00634788,2012-06-23 00:00:00.000,44.95,10.0,0.0,0.0,CreditCard,Physical Only,Video Only
50155891,S00354126,2012-04-05 00:00:00.000,14.95,5.0,0.0,0.0,CreditCard,Physical Only,Video Only
50011981,S00028248,2012-01-10 00:00:00.000,29.85,0.0,0.0,0.0,CreditCard,Physical Only,Audio Only
50081520,S02157264,2013-11-02 00:00:00.000,59.95,10.0,0.0,0.0,CreditCard,Physical Only,Video Only
50209303,MB-037422,2012-05-14 00:00:00.000,164.85,20.0,0.0,0.0,Check US,Physical Only,Both
50495061,S02074030,2013-10-03 00:00:00.000,204.9,25.0,0.0,0.0,CreditCard,Physical Only,Video Only
50679035,S02184278,2013-11-11 00:00:00.000,219.85,25.0,0.0,0.0,CreditCard,Physical Only,Both
50408376,S01253452,2012-12-24 00:00:00.000,274.8,30.0,0.0,0.0,CreditCard,Physical Only,Video Only
50317224,S00773972,2012-08-06 00:00:00.000,44.95,10.0,0.0,0.0,CreditCard,Physical Only,Video Only
50339120,S00864736,2012-09-04 00:00:00.000,59.95,10.0,0.0,0.0,CreditCard,Physical Only,Audio Only
50061709,S00114760,2012-01-31 00:00:00.000,114.95,15.0,0.0,0.0,CreditCard,Physical Only,Video Only
50062962,S00116943,2012-01-31 00:00:00.000,49.95,5.0,0.0,0.0,CreditCard,Physical Only,Video Only
50568882,S02692633,2014-04-14 00:00:00.000,119.95,20.0,0.0,0.0,CreditCard,Physical Only,Video Only
50103606,S00198044,2012-02-18 00:00:00.000,49.95,10.0,0.0,0.0,CreditCard,Physical Only,Audio Only
50193654,S00448766,2012-04-30 00:00:00.000,244.85,0.0,0.0,0.0,CreditCard,Digital Only,Audio Only
50568882,S02120107,2013-10-22 00:00:00.000,69.9,10.0,0.0,0.0,CreditCard,Physical Only,Video Only
50330628,S00820116,2012-08-20 00:00:00.000,57.45,10.0,0.0,0.0,CreditCard,Physical Only,Video Only
50568882,S01995858,2013-09-01 00:00:00.000,174.8,0.0,0.0,0.0,CreditCard,Physical Only,Both
50103606,S00274449,2012-03-12 00:00:00.000,79.95,0.0,0.0,0.0,,,
50200570,S00798946,2012-08-12 00:00:00.000,25.45,0.0,0.0,0.0,CreditCard,Digital Only,Audio Only
50901658,S02820795,2014-05-27 00:00:00.000,279.95,25.0,0.0,0.0,CreditCard,Physical Only,Video Only
50559939,S01754957,2013-06-04 00:00:00.000,34.95,0.0,0.0,0.0,CreditCard,Digital Only,Video Only
50925811,S02898738,2014-06-21 00:00:00.000,89.95,10.0,0.0,0.0,CreditCard,Physical Only,Video Only
50247934,S00650253,2012-06-27 00:00:00.000,49.9,10.0,0.0,0.0,CreditCard,Physical Only,Video Only
50642567,S02225406,2013-11-25 00:00:00.000,74.95,0.0,0.0,0.0,CreditCard,Digital Only,Video Only
50042189,S00085923,2012-01-25 00:00:00.000,29.95,15.0,0.0,0.0,CreditCard,Physical Only,Video Only
50260017,S00625389,2012-06-20 00:00:00.000,174.76,15.0,0.0,0.0,CreditCard,Both,Video Only
50452096,S01360466,2013-01-28 00:00:00.000,39.95,10.0,0.0,0.0,CreditCard,Physical Only,Video Only
50271834,S00655026,2012-06-28 00:00:00.000,134.8,20.0,0.0,0.0,CreditCard,Physical Only,Video Only
50418385,S01300176,2013-01-09 00:00:00.000,49.95,10.0,0.0,0.0,CreditCard,Physical Only,Audio Only
50642567,S02129499,2013-10-25 00:00:00.000,159.75,0.0,0.0,0.0,CreditCard,Digital Only,Audio Only
50404615,S01226412,2012-12-18 00:00:00.000,69.95,10.0,0.0,0.0,CreditCard,Physical Only,Video Only
50286474,S00688643,2012-07-10 00:00:00.000,64.9,10.0,0.0,0.0,CreditCard,Physical Only,Video Only
50038779,S00080729,2012-01-24 00:00:00.000,39.95,5.0,0.0,0.0,CreditCard,Physical Only,Video Only
50268375,S00645576,2012-06-26 00:00:00.000,57.35,5.0,0.0,0.0,CreditCard,Physical Only,Video Only
50458995,MB-096440,2013-01-31 00:00:00.000,49.95,10.0,0.0,0.0,Check US,Physical Only,Audio Only
50446495,S01352038,2013-01-26 00:00:00.000,79.9,0.0,0.0,0.0,CreditCard,Physical Only,Video Only
50568882,S01944035,2013-08-11 00:00:00.000,99.9,20.0,0.0,0.0,CreditCard,Physical Only,Video Only
50025694,S00057595,2012-01-19 00:00:00.000,79.95,10.0,0.0,0.0,CreditCard,Physical Only,Audio Only
50247934,S00594376,2012-06-13 00:00:00.000,154.8,20.0,0.0,0.0,CreditCard,Physical Only,Video Only
50247934,S00753472,2012-07-31 00:00:00.000,69.95,0.0,0.0,0.0,CreditCard,Physical Only,Video Only
50005336,S02017479,2013-09-10 00:00:00.000,79.95,10.0,0.0,0.0,CreditCard,Physical Only,Audio Only
50642567,S02895517,2014-06-19 00:00:00.000,99.9,10.0,0.0,0.0,CreditCard,Digital Only,Audio Only
50193654,S00844815,2012-08-29 00:00:00.000,144.85,0.0,0.0,0.0,CreditCard,Digital Only,Audio Only
50338131,S00861036,2012-09-04 00:00:00.000,44.95,10.0,0.0,0.0,CreditCard,None,None
50738965,S02403479,2014-01-16 00:00:00.000,69.9,10.0,0.0,0.0,CreditCard,Physical Only,Video Only
50409010,S01285330,2013-01-02 00:00:00.000,43.11,0.0,0.0,0.0,CreditCard,Digital Only,Both
50712510,S02321078,2013-12-17 00:00:00.000,49.95,15.0,0.0,0.0,CreditCard,None,None
50416496,S01395414,2013-02-06 00:00:00.000,114.9,15.0,0.0,0.0,CreditCard,Physical Only,Video Only
50398680,S01187139,2012-12-10 00:00:00.000,39.95,0.0,0.0,0.0,CreditCard,Physical Only,Video Only
50755875,S02443517,2014-01-25 00:00:00.000,125.9,15.0,0.0,0.0,CreditCard,Physical Only,Video Only
50200570,S00528684,2012-05-26 00:00:00.000,159.9,20.0,0.0,0.0,CreditCard,Physical Only,Video Only
50458995,MB-128925,2013-07-08 00:00:00.000,64.95,10.0,0.0,0.0,Check US,Physical Only,Audio Only
50885665,S02782850,2014-05-14 00:00:00.000,79.9,10.0,0.0,0.0,CreditCard,Physical Only,Video Only
50519612,S01586794,2013-03-27 00:00:00.000,49.95,10.0,0.0,0.0,CreditCard,Physical Only,Audio Only
50798144,S02717838,2014-04-22 00:00:00.000,39.95,0.0,0.0,0.0,CreditCard,Physical Only,Audio Only
50560309,S01755727,2013-06-05 00:00:00.000,59.95,0.0,0.0,0.0,CreditCard,Digital Only,Video Only
50005336,S00014791,2012-01-05 00:00:00.000,49.95,0.0,0.0,0.0,CreditCard,Digital Only,Audio Only
50341139,S00872879,2012-09-06 00:00:00.000,79.85,10.0,0.0,0.0,CreditCard,Physical Only,Audio Only
50895978,S02805963,2014-05-21 00:00:00.000,59.9,10.0,0.0,0.0,CreditCard,Physical Only,Video Only
50749342,S02429379,2014-01-22 00:00:00.000,19.95,0.0,0.0,0.0,CreditCard,Digital Only,Video Only
50712510,S02321092,2013-12-17 00:00:00.000,49.95,15.0,0.0,0.0,CreditCard,None,None
50455134,S01365315,2013-01-30 00:00:00.000,77.41,10.0,0.0,0.0,CreditCard,Physical Only,Video Only
50797791,S02647165,2014-03-29 00:00:00.000,24.95,0.0,0.0,0.0,CreditCard,Digital Only,Video Only
50892100,S02798491,2014-05-19 00:00:00.000,49.95,10.0,0.0,0.0,CreditCard,Physical Only,Video Only
50359810,S00938003,2012-09-26 00:00:00.000,79.9,10.0,0.0,0.0,CreditCard,Physical Only,Video Only
50797791,S02531140,2014-02-19 00:00:00.000,59.95,0.0,0.0,0.0,CreditCard,Digital Only,Video Only
50200570,S00944373,2012-09-27 00:00:00.000,19.9,0.0,0.0,0.0,CreditCard,Digital Only,Both
50642567,S02183693,2013-11-11 00:00:00.000,74.9,0.0,0.0,0.0,CreditCard,Digital Only,Audio Only
50261187,S00627942,2012-06-21 00:00:00.000,279.7,30.0,0.0,0.0,CreditCard,Physical Only,Both
50632305,S01975242,2013-08-22 00:00:00.000,54.95,10.0,0.0,0.0,CreditCard,Physical Only,Video Only
50610311,S02069845,2013-10-01 00:00:00.000,65.92,10.0,0.0,0.0,CreditCard,Physical Only,Video Only
50187417,S00433045,2012-04-25 00:00:00.000,14.95,5.0,0.0,0.0,CreditCard,Physical Only,Video Only
50160040,S00364947,2012-04-07 00:00:00.000,114.9,0.0,0.0,0.0,CreditCard,Digital Only,Audio Only
50366640,S00972223,2012-10-07 00:00:00.000,129.9,0.0,0.0,0.0,CreditCard,Digital Only,Audio Only
50085429,MB-014918,2012-02-11 00:00:00.000,79.9,10.0,0.0,0.0,Check US,Physical Only,Video Only
50259712,S01201673,2012-12-13 00:00:00.000,36.7,0.0,0.0,1.75,CreditCard,,
50711182,S02314849,2013-12-16 00:00:00.000,50.0,0.0,0.0,0.0,CreditCard,,
50321171,S01875544,2013-07-16 00:00:00.000,169.9,20.0,0.0,0.0,CreditCard,Physical Only,Video Only
50339264,S00865320,2012-09-05 00:00:00.000,29.95,5.0,0.0,0.0,CreditCard,Physical Only,Video Only
50035634,S00779617,2012-08-07 00:00:00.000,93.41,0.0,0.0,0.0,CreditCard,Digital Only,Both
50016403,MB-066087,2012-09-04 00:00:00.000,169.85,20.0,0.0,0.0,Check US,Physical Only,Video Only
50380033,S01043836,2012-11-08 00:00:00.000,115.45,15.0,0.0,5.5,CreditCard,Physical Only,Video Only
50915142,S02858381,2014-06-05 00:00:00.000,530.15,25.0,0.0,0.0,CreditCard,Physical Only,Video Only
50120589,S00254834,2012-03-05 00:00:00.000,24.9,5.0,0.0,0.0,CreditCard,Physical Only,Video Only
50190349,S00440482,2012-04-27 00:00:00.000,14.95,5.0,0.0,0.0,CreditCard,Physical Only,Video Only
50765593,S02458242,2014-01-30 00:00:00.000,39.95,10.0,0.0,0.0,CreditCard,Physical Only,Video Only
50725717,S02378164,2014-01-06 00:00:00.000,109.9,15.0,0.0,0.0,CreditCard,Physical Only,Video Only
50271914,S00655200,2012-06-28 00:00:00.000,57.35,5.0,0.0,0.0,CreditCard,Physical Only,Video Only
50841701,S02859166,2014-06-06 00:00:00.000,27.95,0.0,0.0,0.0,CreditCard,Digital Only,Video Only
50112342,MB-038339,2012-05-21 00:00:00.000,584.75,45.0,0.0,0.0,Check US,Physical Only,Video Only
50227517,MB-040689,2012-06-01 00:00:00.000,39.95,10.0,0.0,0.0,Check US,Physical Only,Video Only
50044249,S00528299,2012-05-26 00:00:00.000,49.9,10.0,0.0,0.0,CreditCard,Physical Only,Audio Only
50212716,S00505787,2012-05-18 00:00:00.000,14.95,5.0,0.0,0.0,CreditCard,Physical Only,Video Only
50494388,MB-102550,2013-02-20 00:00:00.000,149.8,20.0,0.0,0.0,Check US,Physical Only,Video Only
50414370,S01292817,2013-01-06 00:00:00.000,294.7,30.0,0.0,0.0,CreditCard,Physical Only,Both
50870779,S02735224,2014-04-29 00:00:00.000,79.95,10.0,0.0,0.0,CreditCard,Physical Only,Video Only
50304534,S02059867,2013-09-27 00:00:00.000,324.9,30.0,0.0,0.0,CreditCard,Physical Only,Audio Only
50670908,S02154322,2013-11-01 00:00:00.000,94.9,15.0,0.0,0.0,CreditCard,Physical Only,Video Only
50012634,S00029515,2012-01-10 00:00:00.000,49.95,10.0,0.0,0.0,CreditCard,Physical Only,Video Only
50259712,S00624785,2012-06-20 00:00:00.000,47.2,10.0,0.0,2.25,CreditCard,Physical Only,Video Only
50579154,S01829519,2013-06-27 00:00:00.000,59.9,10.0,0.0,0.0,CreditCard,Physical Only,Both
50407350,S01247104,2012-12-22 00:00:00.000,27.95,0.0,0.0,0.0,CreditCard,Digital Only,Video Only
50365636,S01148646,2012-12-03 00:00:00.000,119.8,0.0,0.0,0.0,CreditCard,Physical Only,Video Only
50321171,S01890425,2013-07-22 00:00:00.000,39.95,0.0,0.0,0.0,CreditCard,Physical Only,Audio Only
50268170,S00644988,2012-06-26 00:00:00.000,14.95,5.0,0.0,0.0,CreditCard,Physical Only,Audio Only
50016403,MB-154393,2013-12-26 00:00:00.000,129.9,20.0,0.0,0.0,Check US,Physical Only,Video Only
50212716,S00772707,2012-08-05 00:00:00.000,39.9,10.0,0.0,0.0,CreditCard,Physical Only,Video Only
50194725,S00961242,2012-10-02 00:00:00.000,19.9,10.0,0.0,0.0,CreditCard,Physical Only,Video Only
50208931,S00824141,2012-08-21 00:00:00.000,14.95,5.0,0.0,0.0,CreditCard,Physical Only,Video Only
50555015,S01741674,2013-05-31 00:00:00.000,24.9,5.0,0.0,0.0,CreditCard,Physical Only,Video Only
50555985,S01745688,2013-06-02 00:00:00.000,49.95,10.0,0.0,0.0,CreditCard,Physical Only,Video Only
50579154,S01797621,2013-06-17 00:00:00.000,179.8,25.0,0.0,0.0,CreditCard,Physical Only,Video Only
50643900,S02062750,2013-09-29 00:00:00.000,249.8,30.0,0.0,0.0,CreditCard,Physical Only,Video Only
50323422,S00790649,2012-08-10 00:00:00.000,179.75,25.0,0.0,0.0,CreditCard,Physical Only,Video Only
50321171,S02082934,2013-10-07 00:00:00.000,124.95,20.0,0.0,0.0,CreditCard,Physical Only,Video Only
50788987,S02509548,2014-02-12 00:00:00.000,49.95,10.0,0.0,0.0,CreditCard,Physical Only,Video Only
50643900,S02027945,2013-09-15 00:00:00.000,69.95,10.0,0.0,0.0,CreditCard,Physical Only,Video Only
50835451,S02636920,2014-03-27 00:00:00.000,34.95,0.0,0.0,0.0,CreditCard,Digital Only,Audio Only
50592047,S01826835,2013-06-27 00:00:00.000,69.9,10.0,0.0,0.0,CreditCard,Physical Only,Video Only
50538537,S01658527,2013-04-24 00:00:00.000,83.95,10.0,0.0,4.0,CreditCard,Physical Only,Video Only
50044249,S00088719,2012-01-25 00:00:00.000,79.9,10.0,0.0,0.0,CreditCard,Physical Only,Video Only
50841701,S02658509,2014-03-31 00:00:00.000,27.45,10.0,0.0,0.0,CreditCard,Physical Only,Video Only
50885062,S02781687,2014-05-14 00:00:00.000,89.95,10.0,0.0,0.0,CreditCard,Physical Only,Video Only
50469277,S01388827,2013-02-05 00:00:00.000,87.45,15.0,0.0,0.0,CreditCard,Physical Only,Video Only
50208931,S00633590,2012-06-22 00:00:00.000,24.9,5.0,0.0,0.0,CreditCard,Physical Only,Video Only
50016403,MB-036100,2012-05-06 00:00:00.000,339.8,30.0,0.0,0.0,Check US,Physical Only,Both
50645638,S02035197,2013-09-18 00:00:00.000,59.95,10.0,0.0,0.0,CreditCard,Physical Only,Video Only
50321171,S00784791,2012-08-08 00:00:00.000,219.8,25.0,0.0,0.0,CreditCard,Physical Only,Video Only
50321171,S01993680,2013-08-30 00:00:00.000,144.9,20.0,0.0,0.0,CreditCard,Physical Only,Video Only
50136510,S00305303,2012-03-22 00:00:00.000,199.75,25.0,0.0,0.0,CreditCard,Physical Only,Video Only
50366640,S01348095,2013-01-25 00:00:00.000,154.85,0.0,0.0,0.0,CreditCard,Digital Only,Both
50555985,S02622568,2014-03-23 00:00:00.000,49.95,0.0,0.0,0.0,CreditCard,Physical Only,Video Only
50112342,MB-021014,2012-02-27 00:00:00.000,369.75,45.0,0.0,0.0,Check US,Physical Only,Video Only
50580049,MB-124789,2013-06-18 00:00:00.000,94.9,15.0,0.0,0.0,Check US,Physical Only,Both
50085370,S00163441,2012-02-11 00:00:00.000,74.85,10.0,0.0,0.0,CreditCard,Physical Only,Both
50678553,S02182091,2013-11-10 00:00:00.000,94.95,15.0,0.0,0.0,CreditCard,Physical Only,Video Only
50655123,S02084993,2013-10-07 00:00:00.000,479.9,35.0,0.0,0.0,CreditCard,Physical Only,Video Only
50661246,S02110082,2013-10-18 00:00:00.000,39.9,5.0,0.0,0.0,CreditCard,Physical Only,Video Only
50304534,S02951800,2014-07-15 00:00:00.000,409.85,0.0,0.0,0.0,CreditCard,Digital Only,Both
50063476,S00117961,2012-02-01 00:00:00.000,14.95,5.0,0.0,0.0,CreditCard,Physical Only,Video Only
50016403,MB-171827,2014-03-17 00:00:00.000,114.95,15.0,0.0,0.0,Check US,Physical Only,Video Only
50445671,MB-094249,2013-01-25 00:00:00.000,85.55,10.0,0.0,5.6,Check US,Physical Only,Video Only
50834439,S02698102,2014-04-15 00:00:00.000,99.85,15.0,0.0,0.0,CreditCard,Physical Only,Both
50843974,S02662420,2014-04-02 00:00:00.000,49.95,10.0,0.0,0.0,CreditCard,Physical Only,Video Only
50237710,S01511842,2013-03-13 00:00:00.000,139.9,20.0,0.0,0.0,CreditCard,Physical Only,Video Only
50281991,S00818426,2012-08-20 00:00:00.000,54.85,10.0,0.0,0.0,CreditCard,Physical Only,Both
50647602,S02046861,2013-09-22 00:00:00.000,69.9,10.0,0.0,0.0,CreditCard,Physical Only,Video Only
50567064,MB-121223,2013-06-08 00:00:00.000,54.9,10.0,0.0,0.0,Check US,Physical Only,Both
50128421,S00284038,2012-03-15 00:00:00.000,114.9,15.0,0.0,0.0,CreditCard,Physical Only,Audio Only
50371035,S00991215,2012-10-17 00:00:00.000,99.9,15.0,0.0,0.0,CreditCard,Physical Only,Video Only
50203686,S00477213,2012-05-09 00:00:00.000,14.95,5.0,0.0,0.0,CreditCard,,
50054860,S00313173,2012-03-24 00:00:00.000,104.9,15.0,0.0,0.0,CreditCard,,
50586359,S01943292,2013-08-11 00:00:00.000,106.88,15.0,0.0,0.0,CreditCard,Physical Only,Video Only
50626267,S02592100,2014-03-12 00:00:00.000,224.95,25.0,0.0,0.0,CreditCard,Physical Only,Video Only
50054860,S00187180,2012-02-16 00:00:00.000,169.8,20.0,0.0,0.0,CreditCard,Physical Only,Video Only
50155000,S00351372,2012-04-04 00:00:00.000,139.85,20.0,0.0,0.0,CreditCard,Physical Only,Video Only
50003888,S00012215,2012-01-05 00:00:00.000,39.95,0.0,0.0,0.0,CreditCard,Digital Only,Video Only
50443367,S01347016,2013-01-24 00:00:00.000,37.45,10.0,0.0,0.0,CreditCard,Physical Only,Video Only
50815719,S02590768,2014-03-12 00:00:00.000,89.85,10.0,0.0,0.0,CreditCard,Physical Only,Video Only
50795131,S02522380,2014-02-16 00:00:00.000,49.95,10.0,0.0,0.0,CreditCard,Physical Only,Video Only
50678350,S02181033,2013-11-10 00:00:00.000,62.45,10.0,0.0,0.0,CreditCard,Physical Only,Audio Only
50739243,S02404207,2014-01-16 00:00:00.000,19.95,0.0,0.0,0.0,CreditCard,Digital Only,Video Only
50585212,S01813201,2013-06-23 00:00:00.000,119.85,0.0,0.0,0.0,CreditCard,Physical Only,Video Only
50237710,S01674001,2013-05-01 00:00:00.000,199.9,0.0,0.0,0.0,CreditCard,Physical Only,Video Only
50184573,S00426272,2012-04-22 00:00:00.000,14.95,5.0,0.0,0.0,CreditCard,Physical Only,Video Only
50443567,S01347369,2013-01-24 00:00:00.000,79.95,10.0,0.0,0.0,CreditCard,Physical Only,Video Only
50750650,S02433193,2014-01-23 00:00:00.000,284.75,25.0,0.0,0.0,CreditCard,Physical Only,Both
50281991,S00677905,2012-07-07 00:00:00.000,99.9,15.0,0.0,0.0,CreditCard,Physical Only,Both
50270441,S00651438,2012-06-27 00:00:00.000,112.45,15.0,0.0,0.0,CreditCard,Physical Only,Audio Only
50007557,S00018586,2012-01-07 00:00:00.000,39.95,0.0,0.0,0.0,CreditCard,Digital Only,Video Only
50651496,S02066192,2013-09-30 00:00:00.000,79.95,10.0,0.0,0.0,CreditCard,Physical Only,Video Only
50291415,S02040585,2013-09-20 00:00:00.000,69.95,0.0,0.0,0.0,CreditCard,Physical Only,Video Only
50185077,S00427251,2012-04-23 00:00:00.000,9.95,0.0,0.0,0.0,CreditCard,Digital Only,Video Only
50671584,S02156743,2013-11-02 00:00:00.000,59.95,0.0,0.0,0.0,CreditCard,Digital Only,Video Only
50237710,S02154544,2013-11-01 00:00:00.000,114.9,15.0,0.0,0.0,CreditCard,Physical Only,Video Only
50465895,S01699654,2013-05-11 00:00:00.000,39.95,10.0,0.0,0.0,CreditCard,Physical Only,Video Only
50181851,S00418663,2012-04-20 00:00:00.000,14.95,5.0,0.0,0.0,CreditCard,Physical Only,Video Only
50591657,S01826139,2013-06-27 00:00:00.000,59.95,0.0,0.0,0.0,CreditCard,Digital Only,Video Only
50289379,MB-053268,2012-07-12 00:00:00.000,114.95,15.0,0.0,0.0,Check US,Physical Only,Video Only
50054860,S00279125,2012-03-13 00:00:00.000,94.9,15.0,0.0,0.0,CreditCard,Physical Only,Audio Only
50739243,S02541580,2014-02-22 00:00:00.000,166.85,20.0,0.0,0.0,CreditCard,Physical Only,Video Only
50321049,S00784487,2012-08-08 00:00:00.000,24.95,10.0,0.0,0.0,CreditCard,Physical Only,Video Only
50054860,S02422680,2014-01-21 00:00:00.000,34.9,4.95,0.0,0.0,CreditCard,Physical Only,Video Only
50580207,S01799915,2013-06-18 00:00:00.000,49.95,10.0,0.0,0.0,CreditCard,Physical Only,Video Only
50322810,S00789072,2012-08-09 00:00:00.000,79.95,10.0,0.0,0.0,CreditCard,Physical Only,Video Only
50651496,S02063097,2013-09-29 00:00:00.000,79.95,10.0,0.0,0.0,CreditCard,Physical Only,Video Only
50220323,S00525383,2012-05-25 00:00:00.000,59.95,0.0,0.0,0.0,CreditCard,Digital Only,Video Only
50531325,S01634521,2013-04-15 00:00:00.000,79.9,10.0,0.0,0.0,CreditCard,Physical Only,Video Only
50272513,S00694172,2012-07-12 00:00:00.000,59.95,10.0,0.0,0.0,CreditOA,Physical Only,Audio Only
50641875,S02020137,2013-09-11 00:00:00.000,109.95,15.0,0.0,0.0,CreditCard,Physical Only,Video Only
50687128,MB-149599,2013-11-21 00:00:00.000,184.8,25.0,0.0,0.0,Check US,Physical Only,Video Only
50237846,MB-042404,2012-06-07 00:00:00.000,29.95,10.0,0.0,0.0,Check US,Physical Only,Video Only
50672070,S02158727,2013-11-03 00:00:00.000,34.95,10.0,0.0,0.0,CreditCard,Physical Only,Audio Only
50084483,S00161717,2012-02-10 00:00:00.000,49.95,10.0,0.0,0.0,CreditCard,Physical Only,Video Only
50928313,S02908123,2014-06-26 00:00:00.000,202.45,25.0,0.0,0.0,CreditCard,Physical Only,Video Only
50758177,S02447252,2014-01-27 00:00:00.000,49.95,10.0,0.0,0.0,CreditCard,Physical Only,Video Only
50203511,S00477000,2012-05-09 00:00:00.000,15.7,5.0,0.0,0.75,CreditCard,Physical Only,Video Only
50054860,S00102645,2012-01-28 00:00:00.000,134.8,25.0,0.0,0.0,CreditCard,Physical Only,Video Only
50130168,S00291735,2012-03-18 00:00:00.000,14.95,5.0,0.0,0.0,CreditCard,Physical Only,Video Only
50691597,S02234243,2013-11-27 00:00:00.000,39.95,10.0,0.0,0.0,CreditCard,Physical Only,Video Only
50162556,S00370553,2012-04-10 00:00:00.000,14.95,5.0,0.0,0.0,CreditCard,Physical Only,Video Only
50349761,S01049766,2012-11-10 00:00:00.000,29.95,10.0,0.0,0.0,CreditCard,Physical Only,Video Only
50610148,S01890006,2013-07-22 00:00:00.000,49.95,10.0,0.0,0.0,CreditCard,Physical Only,Video Only
50054860,S00264055,2012-03-08 00:00:00.000,129.9,20.0,0.0,0.0,CreditCard,,
50465895,S01573100,2013-03-22 00:00:00.000,50.94,0.99,0.0,0.0,CreditCard,Physical Only,Video Only
50268280,S00645342,2012-06-26 00:00:00.000,131.1,20.0,0.0,6.25,CreditCard,Physical Only,Video Only
50047015,S00092423,2012-01-26 00:00:00.000,279.65,30.0,0.0,0.0,CreditCard,Physical Only,Both
50551845,S01725109,2013-05-24 00:00:00.000,14.95,5.0,0.0,0.0,CreditCard,Physical Only,Video Only
50033469,S01659843,2013-04-25 00:00:00.000,217.32,25.0,0.0,0.0,CreditCard,Physical Only,Video Only
50701065,S02542822,2014-02-22 00:00:00.000,79.95,10.0,0.0,0.0,CreditCard,Physical Only,Video Only
50075022,S00211312,2012-02-22 00:00:00.000,44.95,0.0,0.0,0.0,CreditCard,Digital Only,Video Only
50305722,S00739724,2012-07-26 00:00:00.000,139.8,20.0,0.0,0.0,CreditCard,Physical Only,Video Only
50505059,S01480148,2013-03-04 00:00:00.000,34.95,0.0,0.0,0.0,CreditCard,Digital Only,Video Only
50728614,S02383121,2014-01-08 00:00:00.000,49.95,10.0,0.0,0.0,CreditCard,Physical Only,Video Only
50195656,S01743652,2013-06-01 00:00:00.000,39.95,10.0,0.0,0.0,CreditCard,Physical Only,Video Only
50642437,S02022651,2013-09-12 00:00:00.000,49.95,10.0,0.0,0.0,CreditCard,Physical Only,Video Only
50210519,S00498028,2012-05-15 00:00:00.000,14.95,5.0,0.0,0.0,CreditCard,Physical Only,Video Only
50348465,S00895973,2012-09-13 00:00:00.000,24.9,5.0,0.0,0.0,CreditCard,Physical Only,Video Only
50797134,S02528901,2014-02-18 00:00:00.000,37.31,0.0,0.0,2.36,CreditCard,Digital Only,Video Only
50213436,S00508800,2012-05-19 00:00:00.000,14.95,5.0,0.0,0.0,CreditCard,Physical Only,Audio Only
50343994,S01340843,2013-01-23 00:00:00.000,14.95,5.0,0.0,0.0,CreditCard,Physical Only,Video Only
50398712,S01187351,2012-12-10 00:00:00.000,74.95,5.0,0.0,0.0,CreditCard,Physical Only,Video Only
50033469,S00072098,2012-01-23 00:00:00.000,284.75,30.0,0.0,0.0,CreditCard,Physical Only,Video Only
50465360,S01381315,2013-02-03 00:00:00.000,62.45,10.0,0.0,0.0,CreditCard,Physical Only,Video Only
50343994,S02501661,2014-02-11 00:00:00.000,0.0,0.0,0.0,0.0,,,
50066959,S02414970,2014-01-19 00:00:00.000,74.95,0.0,0.0,0.0,,,
50002315,S00208932,2012-02-21 00:00:00.000,104.85,15.0,0.0,0.0,CreditCard,,
50002315,S00208964,2012-02-21 00:00:00.000,94.9,15.0,0.0,0.0,CreditCard,,
50790911,S02513055,2014-02-13 00:00:00.000,49.95,10.0,0.0,0.0,CreditCard,Physical Only,Video Only
50689433,S02222883,2013-11-25 00:00:00.000,109.9,10.0,0.0,0.0,CreditCard,Physical Only,Video Only
50199859,S00466494,2012-05-05 00:00:00.000,24.9,5.0,0.0,0.0,CreditCard,Physical Only,Video Only
50002315,S00009175,2012-01-04 00:00:00.000,129.9,10.0,0.0,0.0,CreditCard,Physical Only,Both
50739035,S02403682,2014-01-16 00:00:00.000,29.95,10.0,0.0,0.0,CreditCard,Physical Only,Video Only
50773329,S02473061,2014-02-03 00:00:00.000,119.9,15.0,0.0,0.0,CreditCard,Physical Only,Video Only
50701065,S02274502,2013-12-06 00:00:00.000,49.95,0.0,0.0,0.0,CreditCard,Physical Only,Video Only
50066959,MB-161377,2014-01-28 00:00:00.000,74.95,10.0,0.0,0.0,Check US,Physical Only,Audio Only
50040385,S00083338,2012-01-25 00:00:00.000,194.9,25.0,0.0,0.0,CreditCard,Physical Only,Video Only
50823199,S02604856,2014-03-17 00:00:00.000,14.95,5.0,0.0,0.0,CreditCard,Physical Only,Video Only
50461173,S01373744,2013-01-31 00:00:00.000,49.95,10.0,0.0,0.0,CreditCard,Physical Only,Video Only
50414322,S01292703,2013-01-06 00:00:00.000,59.9,0.0,0.0,0.0,CreditCard,Digital Only,Video Only
50229114,S01105707,2012-11-25 00:00:00.000,29.9,10.0,0.0,0.0,CreditCard,Physical Only,Both
50306983,S00742330,2012-07-27 00:00:00.000,159.8,20.0,0.0,0.0,CreditCard,Physical Only,Video Only
50263940,MB-048529,2012-06-22 00:00:00.000,29.95,10.0,0.0,0.0,Check US,Physical Only,Audio Only
50921803,S02882802,2014-06-13 00:00:00.000,53.45,10.0,0.0,3.5,CreditCard,Physical Only,Video Only
50343994,S02888098,2014-06-16 00:00:00.000,99.95,0.0,0.0,0.0,CreditCard,Physical Only,Video Only
50002315,S00208972,2012-02-21 00:00:00.000,79.9,0.0,0.0,0.0,CreditCard,,
50208747,S00491880,2012-05-14 00:00:00.000,14.95,5.0,0.0,0.0,CreditCard,Physical Only,Video Only
50002315,S02015732,2013-09-09 00:00:00.000,104.95,15.0,0.0,0.0,CreditCard,Physical Only,Audio Only
50261525,MB-047856,2012-06-21 00:00:00.000,139.85,0.0,0.0,0.0,Check US,Physical Only,Video Only
50127291,S02873428,2014-06-09 00:00:00.000,219.85,25.0,0.0,0.0,CreditCard,Physical Only,Audio Only
50261525,MB-088357,2012-12-27 00:00:00.000,89.9,15.0,0.0,0.0,Check US,Physical Only,Video Only
50267843,S01493647,2013-03-10 00:00:00.000,204.8,25.0,0.0,0.0,CreditCard,Physical Only,Video Only
50066959,S00834290,2012-08-25 00:00:00.000,369.85,30.0,0.0,0.0,CreditCard,Physical Only,Both
50443257,S01346829,2013-01-24 00:00:00.000,109.95,20.0,0.0,0.0,CreditCard,Physical Only,Video Only
50267843,S00644316,2012-06-26 00:00:00.000,34.9,5.0,0.0,0.0,CreditCard,Physical Only,Video Only
50082735,S00158656,2012-02-10 00:00:00.000,64.95,10.0,0.0,0.0,CreditCard,Physical Only,Audio Only
50267843,S01313757,2013-01-14 00:00:00.000,129.9,20.0,0.0,0.0,CreditCard,Physical Only,Video Only
50101030,S00192839,2012-02-16 00:00:00.000,49.95,10.0,0.0,0.0,CreditCard,Physical Only,Video Only
50065098,S01084479,2012-11-19 00:00:00.000,59.95,15.0,0.0,0.0,CreditCard,Both,Video Only
50343994,S00908517,2012-09-18 00:00:00.000,19.95,10.0,0.0,0.0,CreditCard,Physical Only,Audio Only
50641165,S02017129,2013-09-09 00:00:00.000,249.7,30.0,0.0,0.0,CreditCard,Physical Only,Video Only
50343994,S00895600,2012-09-13 00:00:00.000,0.0,0.0,0.0,0.0,,,
50156841,S00357527,2012-04-05 00:00:00.000,14.95,5.0,0.0,0.0,CreditCard,Physical Only,Video Only
50739035,S03008565,2014-08-04 00:00:00.000,99.85,15.0,0.0,0.0,CreditCard,Physical Only,Audio Only
50575928,S01788742,2013-06-14 00:00:00.000,89.9,10.0,0.0,0.0,CreditCard,Physical Only,Video Only
50002315,S01483174,2013-03-06 00:00:00.000,224.85,25.0,0.0,0.0,CreditCard,Physical Only,Video Only
50343994,S02607204,2014-03-18 00:00:00.000,14.95,5.0,0.0,0.0,CreditCard,Physical Only,Video Only
50541091,S01670792,2013-04-30 00:00:00.000,57.45,10.0,0.0,0.0,CreditCard,Physical Only,Video Only
50572786,S01780997,2013-06-12 00:00:00.000,49.95,10.0,0.0,0.0,CreditCard,Physical Only,Video Only
50414681,S01293598,2013-01-07 00:00:00.000,52.45,10.0,0.0,2.5,CreditCard,Physical Only,Video Only
50415313,S01294967,2013-01-07 00:00:00.000,94.9,15.0,0.0,0.0,CreditCard,Physical Only,Video Only
50804513,S02554274,2014-02-26 00:00:00.000,84.95,15.0,0.0,0.0,CreditCard,Physical Only,Video Only
50239876,MB-110624,2013-03-29 00:00:00.000,69.95,0.0,0.0,0.0,MoneyOrder,Physical Only,Video Only
50403256,S01216268,2012-12-17 00:00:00.000,79.95,10.0,0.0,0.0,CreditCard,Physical Only,Video Only
50398712,S01462908,2013-02-27 00:00:00.000,74.95,25.0,0.0,0.0,CreditCard,Physical Only,Audio Only
50769560,MB-170718,2014-03-11 00:00:00.000,189.85,0.0,0.0,0.0,Check US,Physical Only,Video Only
50266534,S02418181,2014-01-20 00:00:00.000,79.95,0.0,0.0,0.0,CreditCard,Physical Only,Video Only
50750262,S02432205,2014-01-23 00:00:00.000,49.9,0.0,0.0,0.0,CreditCard,Digital Only,Video Only
50626556,S01948688,2013-08-13 00:00:00.000,34.95,0.0,0.0,0.0,CreditCard,Digital Only,Audio Only
50910770,S02848849,2014-06-04 00:00:00.000,39.95,10.0,0.0,0.0,CreditCard,Physical Only,Video Only
50494845,S01446074,2013-02-21 00:00:00.000,49.95,10.0,0.0,0.0,CreditCard,Physical Only,Video Only
50089820,S01393677,2013-02-06 00:00:00.000,99.9,0.0,0.0,0.0,CreditCard,Physical Only,Video Only
50457845,S02186397,2013-11-11 00:00:00.000,114.95,15.0,0.0,0.0,CreditCard,Physical Only,Video Only
50220929,S00526551,2012-05-25 00:00:00.000,59.95,10.0,0.0,0.0,CreditCard,Physical Only,Audio Only
50236188,S00565131,2012-06-06 00:00:00.000,42.75,10.0,0.0,2.8,CreditCard,Physical Only,Video Only
50134723,S00301773,2012-03-21 00:00:00.000,39.95,5.0,0.0,0.0,CreditCard,Physical Only,Video Only
50068826,MB-011337,2012-02-03 00:00:00.000,57.65,10.0,0.0,2.75,MoneyOrder,Physical Only,Video Only
50446530,S01352101,2013-01-26 00:00:00.000,129.85,15.0,0.0,0.0,CreditCard,Both,Both
50150384,S00339940,2012-04-01 00:00:00.000,34.85,5.0,0.0,0.0,CreditCard,Physical Only,Video Only
50266534,S01512625,2013-03-13 00:00:00.000,200.89,0.99,0.0,0.0,CreditCard,Physical Only,Video Only
50129777,S01057776,2012-11-12 00:00:00.000,101.92,0.0,0.0,0.0,CreditCard,Digital Only,Video Only
50441099,S01819431,2013-06-25 00:00:00.000,109.9,0.0,0.0,0.0,CreditCard,Physical Only,Video Only
50129777,S02163832,2013-11-04 00:00:00.000,35.9,0.0,0.0,0.0,CreditCard,Digital Only,Audio Only
50441099,S02982972,2014-07-26 00:00:00.000,677.25,25.0,0.0,0.0,CreditCard,Physical Only,Video Only
50129777,S00290274,2012-03-17 00:00:00.000,59.95,0.0,0.0,0.0,CreditCard,Digital Only,Video Only
50475761,MB-099358,2013-02-08 00:00:00.000,279.6,30.0,0.0,0.0,Check US,Physical Only,Video Only
50889308,S02790814,2014-05-16 00:00:00.000,296.8,25.0,0.0,0.0,CreditCard,Physical Only,Video Only
50140658,S00314552,2012-03-25 00:00:00.000,21.95,10.0,0.0,0.0,CreditCard,Physical Only,Audio Only
50068826,MB-068010,2012-09-10 00:00:00.000,41.9,10.0,0.0,2.0,Check US,Physical Only,Video Only
50563448,S01761912,2013-06-06 00:00:00.000,49.95,10.0,0.0,0.0,CreditCard,Physical Only,Video Only
50111412,S00828509,2012-08-23 00:00:00.000,389.8,30.0,0.0,0.0,CreditCard,Physical Only,Video Only
50272718,S00656575,2012-06-28 00:00:00.000,20.95,5.0,0.0,1.0,CreditCard,Physical Only,Video Only
50266534,S01113841,2012-11-26 00:00:00.000,49.95,10.0,0.0,0.0,CreditCard,Physical Only,Video Only
50272718,S00904222,2012-09-17 00:00:00.000,47.2,10.0,0.0,2.25,CreditCard,Physical Only,Video Only
50682559,S02195436,2013-11-15 00:00:00.000,154.9,20.0,0.0,0.0,CreditCard,Physical Only,Video Only
50228015,S00544871,2012-06-01 00:00:00.000,9.95,0.0,0.0,0.0,CreditCard,Digital Only,Video Only
50457845,S01666632,2013-04-28 00:00:00.000,139.92,20.0,0.0,0.0,CreditCard,Physical Only,Video Only
50145957,S00326776,2012-03-28 00:00:00.000,162.7,20.0,0.0,7.75,CreditCard,Physical Only,Video Only
50812849,S02581860,2014-03-09 00:00:00.000,9.95,0.0,0.0,0.0,CreditCard,,
50652241,S02067869,2013-09-30 00:00:00.000,114.85,5.0,0.0,0.0,CreditCard,Physical Only,Video Only
50117896,S00243431,2012-03-02 00:00:00.000,79.9,10.0,0.0,0.0,CreditCard,Physical Only,Video Only
50297605,S01215464,2012-12-16 00:00:00.000,44.95,10.0,0.0,0.0,CreditCard,Physical Only,Video Only
50510640,S01535125,2013-03-16 00:00:00.000,54.9,10.0,0.0,0.0,CreditCard,Physical Only,Audio Only
50457845,S02886061,2014-06-15 00:00:00.000,104.9,15.0,0.0,0.0,CreditCard,Physical Only,Video Only
50215947,S00515651,2012-05-22 00:00:00.000,31.9,5.0,0.0,0.0,CreditCard,Physical Only,Video Only
50242036,S00578881,2012-06-09 00:00:00.000,139.8,20.0,0.0,0.0,CreditCard,Physical Only,Both
50929518,S02913908,2014-06-28 00:00:00.000,9.95,0.0,0.0,0.0,CreditCard,Digital Only,Video Only
50266370,S00641772,2012-06-25 00:00:00.000,89.95,15.0,0.0,0.0,CreditCard,Physical Only,Video Only
50134123,S00300678,2012-03-21 00:00:00.000,34.95,10.0,0.0,0.0,CreditCard,Physical Only,Audio Only
50240964,S00576639,2012-06-09 00:00:00.000,141.75,20.0,0.0,0.0,CreditCard,Physical Only,Both
50439042,S01339881,2013-01-23 00:00:00.000,59.95,0.0,0.0,0.0,CreditCard,Digital Only,Video Only
50493792,MB-102402,2013-02-19 00:00:00.000,249.65,30.0,0.0,0.0,Check US,Physical Only,Video Only
50246295,S00590404,2012-06-12 00:00:00.000,29.95,10.0,0.0,0.0,CreditCard,Physical Only,Audio Only
50742440,S02412508,2014-01-18 00:00:00.000,94.9,15.0,0.0,0.0,CreditCard,Physical Only,Video Only
50921666,S02882363,2014-06-13 00:00:00.000,79.95,10.0,0.0,0.0,CreditCard,Physical Only,Video Only
50035002,S00074569,2012-01-23 00:00:00.000,44.95,5.0,0.0,0.0,CreditCard,Physical Only,Video Only
50129777,S01964196,2013-08-18 00:00:00.000,24.95,0.0,0.0,0.0,CreditCard,Digital Only,Audio Only
50735503,MB-156366,2014-01-13 00:00:00.000,99.85,15.0,0.0,0.0,Check US,Physical Only,Video Only
50385560,S01674613,2013-05-01 00:00:00.000,163.92,20.0,0.0,0.0,CreditCard,Physical Only,Video Only
50626105,S01949893,2013-08-13 00:00:00.000,79.9,10.0,0.0,0.0,CreditCard,Physical Only,Video Only
50266534,S01898982,2013-07-25 00:00:00.000,99.95,0.0,0.0,0.0,CreditCard,Physical Only,Video Only
50129777,S02206253,2013-11-19 00:00:00.000,49.95,0.0,0.0,0.0,CreditCard,Digital Only,Video Only
50297605,S02078900,2013-10-05 00:00:00.000,49.9,10.0,0.0,0.0,CreditCard,Physical Only,Both
50009698,S00023615,2012-01-08 00:00:00.000,129.95,0.0,0.0,0.0,CreditCard,Digital Only,Audio Only
50479637,S01413687,2013-02-11 00:00:00.000,214.7,25.0,0.0,0.0,CreditCard,Physical Only,Both
50129777,S01347439,2013-01-24 00:00:00.000,144.9,0.0,0.0,0.0,CreditCard,Digital Only,Video Only
50457845,S01461178,2013-02-27 00:00:00.000,114.95,15.0,0.0,0.0,CreditCard,Physical Only,Video Only
50475761,MB-179032,2014-04-25 00:00:00.000,124.9,25.0,0.0,0.0,Check US,Physical Only,Video Only
50111412,S02011579,2013-09-07 00:00:00.000,64.92,10.0,0.0,0.0,CreditCard,Physical Only,Video Only
50737024,S02987188,2014-07-28 00:00:00.000,77.9,0.0,0.0,0.0,CreditCard,Digital Only,Video Only
50510640,S01587884,2013-03-27 00:00:00.000,49.9,10.0,0.0,0.0,CreditCard,Physical Only,Audio Only
50493792,MB-107791,2013-03-19 00:00:00.000,129.8,20.0,0.0,0.0,Check US,Physical Only,Video Only
50729070,S02383890,2014-01-08 00:00:00.000,79.95,10.0,0.0,0.0,CreditCard,Physical Only,Video Only
50700730,S02272906,2013-12-06 00:00:00.000,49.95,0.0,0.0,0.0,CreditCard,Physical Only,Audio Only
50356897,S01112175,2012-11-26 00:00:00.000,99.9,0.0,0.0,0.0,CreditCard,Digital Only,Audio Only
50643563,S02026602,2013-09-14 00:00:00.000,79.95,10.0,0.0,0.0,CreditCard,Physical Only,Video Only
50068948,S01675374,2013-05-02 00:00:00.000,669.25,0.0,0.0,0.0,CreditCard,Physical Only,Both
50301016,S01889876,2013-07-22 00:00:00.000,64.95,10.0,0.0,0.0,CreditCard,Physical Only,Video Only
50002393,S01901948,2013-07-26 00:00:00.000,119.9,0.0,0.0,0.0,CreditCard,Physical Only,Both
50614801,S02163133,2013-11-04 00:00:00.000,49.95,10.0,0.0,0.0,CreditCard,Physical Only,Video Only
50099843,S00513420,2012-05-21 00:00:00.000,34.8,4.95,0.0,0.0,CreditCard,Physical Only,Both
50327299,S00806058,2012-08-15 00:00:00.000,29.95,0.0,0.0,0.0,CreditCard,Digital Only,Video Only
50748437,S02427009,2014-01-22 00:00:00.000,49.95,10.0,0.0,0.0,CreditCard,Physical Only,Video Only
50421909,S02219290,2013-11-23 00:00:00.000,29.95,0.0,0.0,0.0,CreditCard,Physical Only,Video Only
50145817,S00326318,2012-03-28 00:00:00.000,114.95,15.0,0.0,0.0,CreditCard,Physical Only,Video Only
50007530,S00018499,2012-01-07 00:00:00.000,79.95,10.0,0.0,0.0,CreditCard,Physical Only,Video Only
50818125,S02596069,2014-03-13 00:00:00.000,64.95,10.0,0.0,0.0,CreditCard,Physical Only,Video Only
50685565,S02206496,2013-11-19 00:00:00.000,22.45,5.0,0.0,0.0,CreditCard,Physical Only,Video Only
50564747,S01764679,2013-06-07 00:00:00.000,119.34,25.0,0.0,4.49,CreditCard,Physical Only,Audio Only
50079376,S00151258,2012-02-08 00:00:00.000,194.8,25.0,0.0,0.0,CreditCard,Physical Only,Video Only
50658214,S02223008,2013-11-25 00:00:00.000,109.95,10.0,0.0,0.0,CreditOA,Physical Only,Video Only
50025414,S00124314,2012-02-02 00:00:00.000,189.8,25.0,0.0,0.0,CreditCard,Physical Only,Video Only
50445630,S01409379,2013-02-10 00:00:00.000,69.95,0.0,0.0,0.0,CreditCard,Physical Only,Video Only
50813156,S02583079,2014-03-10 00:00:00.000,74.95,10.0,0.0,0.0,CreditCard,Physical Only,Video Only
50703556,S02284010,2013-12-09 00:00:00.000,259.75,30.0,0.0,0.0,CreditCard,Physical Only,Audio Only
50032266,S00070168,2012-01-22 00:00:00.000,264.85,30.0,0.0,0.0,CreditCard,Physical Only,Video Only
50474503,S01399633,2013-02-08 00:00:00.000,132.41,20.0,0.0,0.0,CreditCard,Physical Only,Video Only
50624804,S02777455,2014-05-12 00:00:00.000,154.9,20.0,0.0,0.0,CreditCard,Physical Only,Video Only
50890107,S02792878,2014-05-17 00:00:00.000,79.9,10.0,0.0,0.0,CreditCard,Physical Only,Video Only
50445630,S02790289,2014-05-16 00:00:00.000,114.85,10.0,0.0,0.0,CreditCard,Both,Both
50710840,S02313575,2013-12-16 00:00:00.000,129.95,30.0,0.0,0.0,CreditCard,Physical Only,Video Only
50421909,S01356185,2013-01-27 00:00:00.000,164.85,20.0,0.0,0.0,CreditCard,Physical Only,Video Only
50584242,S02267169,2013-12-04 00:00:00.000,114.95,15.0,0.0,0.0,CreditCard,Physical Only,Video Only
50658214,MB-143899,2013-10-12 00:00:00.000,104.85,15.0,0.0,0.0,Check US,Physical Only,Video Only
50445630,S01350398,2013-01-25 00:00:00.000,159.8,20.0,0.0,0.0,CreditCard,Physical Only,Video Only
50268510,S02990418,2014-07-29 00:00:00.000,29.95,0.0,0.0,0.0,CreditCard,Physical Only,Video Only
50512707,S01589299,2013-03-28 00:00:00.000,7.47,0.0,0.0,0.0,CreditCard,Digital Only,Audio Only
50183771,S00424170,2012-04-22 00:00:00.000,34.85,5.0,0.0,0.0,CreditCard,Physical Only,Video Only
50639687,MB-138678,2013-09-07 00:00:00.000,49.95,10.0,0.0,0.0,Check US,Physical Only,Video Only
50624804,S01973035,2013-08-21 00:00:00.000,110.96,15.0,0.0,0.0,CreditCard,Physical Only,Video Only
50523078,MB-111100,2013-04-01 00:00:00.000,79.9,10.0,0.0,0.0,Check US,Physical Only,Video Only
50274219,MB-050506,2012-06-29 00:00:00.000,29.95,10.0,0.0,0.0,Check US,Physical Only,Video Only
50390539,S02551131,2014-02-25 00:00:00.000,59.95,0.0,0.0,0.0,CreditCard,Digital Only,Video Only
50353485,S00913587,2012-09-19 00:00:00.000,349.95,0.0,0.0,0.0,CreditCard,Digital Only,Audio Only
50779153,S02486963,2014-02-06 00:00:00.000,69.9,10.0,0.0,0.0,CreditCard,Physical Only,Video Only
50015643,S00284374,2012-03-15 00:00:00.000,24.95,0.0,0.0,0.0,CreditCard,Physical Only,Audio Only
50525943,S01653527,2013-04-22 00:00:00.000,25.0,10.0,0.0,0.0,CreditCard,None,None
50820719,MB-171443,2014-03-15 00:00:00.000,29.95,10.0,0.0,0.0,Check US,Physical Only,Video Only
50462460,S01375327,2013-02-01 00:00:00.000,259.65,30.0,0.0,0.0,CreditCard,Physical Only,Video Only
50002393,S01840432,2013-07-01 00:00:00.000,69.95,0.0,0.0,0.0,CreditOA,Physical Only,Video Only
50519359,S01585641,2013-03-26 00:00:00.000,130.74,0.99,0.0,0.0,CreditCard,Physical Only,Video Only
50927886,S02906528,2014-06-25 00:00:00.000,100.0,0.0,0.0,0.0,CreditCard,,
50592641,S02717330,2014-04-22 00:00:00.000,0.0,0.0,0.0,0.0,,,
50043898,S00088269,2012-01-25 00:00:00.000,57.4,10.0,0.0,0.0,CreditCard,Physical Only,Video Only
50068948,S00497402,2012-05-15 00:00:00.000,409.9,30.0,0.0,0.0,CreditCard,Physical Only,Video Only
50643717,S02066700,2013-09-30 00:00:00.000,164.9,0.0,0.0,0.0,CreditCard,Digital Only,Both
50040815,S00412940,2012-04-19 00:00:00.000,84.95,0.0,0.0,0.0,CreditCard,Digital Only,Video Only
50025414,S00610249,2012-06-17 00:00:00.000,99.95,0.0,0.0,0.0,CreditCard,Physical Only,Video Only
50512707,S01591270,2013-03-28 00:00:00.000,174.87,10.0,0.0,0.0,CreditCard,Both,Both
50771104,S02495077,2014-02-09 00:00:00.000,89.92,10.0,0.0,0.0,CreditCard,Physical Only,Audio Only
50706739,S02295113,2013-12-12 00:00:00.000,84.95,15.0,0.0,0.0,CreditCard,Physical Only,Video Only
50512707,S01557713,2013-03-19 00:00:00.000,59.95,0.0,0.0,0.0,CreditCard,Digital Only,Video Only
50525407,S01612438,2013-04-04 00:00:00.000,34.85,5.0,0.0,0.0,CreditCard,Physical Only,Video Only
50068948,S01264940,2012-12-27 00:00:00.000,421.56,30.0,0.0,0.0,CreditCard,Physical Only,Both
50388099,S01110915,2012-11-26 00:00:00.000,109.95,15.0,0.0,0.0,CreditCard,Physical Only,Video Only
50572864,S01781226,2013-06-12 00:00:00.000,74.9,10.0,0.0,0.0,CreditCard,Physical Only,Video Only
50459227,S01371230,2013-01-31 00:00:00.000,179.9,0.0,0.0,0.0,CreditCard,Physical Only,Video Only
50079376,S00245429,2012-03-02 00:00:00.000,654.35,30.0,0.0,0.0,CreditCard,Physical Only,Both
50624804,S01940889,2013-08-09 00:00:00.000,544.6,35.0,0.0,0.0,CreditCard,Physical Only,Both
50268510,S00645929,2012-06-26 00:00:00.000,19.95,5.0,0.0,0.0,CreditCard,Physical Only,Video Only
50027205,S00414584,2012-04-19 00:00:00.000,239.9,0.0,0.0,0.0,CreditCard,Physical Only,Video Only
50759745,S02449306,2014-01-27 00:00:00.000,159.75,20.0,0.0,0.0,CreditCard,Physical Only,Video Only
50105203,S00279024,2012-03-13 00:00:00.000,14.95,5.0,0.0,0.0,CreditCard,Physical Only,Video Only
50850979,MB-176375,2014-04-07 00:00:00.000,49.95,10.0,0.0,0.0,MoneyOrder,Physical Only,Video Only
50464320,S02980839,2014-07-25 00:00:00.000,89.95,10.0,0.0,0.0,CreditCard,Physical Only,Video Only
50200614,S00468834,2012-05-06 00:00:00.000,14.95,5.0,0.0,0.0,CreditCard,Physical Only,Video Only
50520172,S01812838,2013-06-23 00:00:00.000,59.95,0.0,0.0,0.0,CreditOA,Digital Only,Video Only
50769992,S02681026,2014-04-09 00:00:00.000,84.9,0.0,0.0,0.0,CreditCard,Physical Only,Video Only
50319655,S00780612,2012-08-07 00:00:00.000,97.62,0.0,0.0,0.0,CreditCard,Physical Only,Video Only
50306706,S02119780,2013-10-22 00:00:00.000,89.95,15.0,0.0,0.0,CreditCard,Physical Only,Audio Only
50814747,S02625905,2014-03-24 00:00:00.000,64.67,10.0,0.0,0.0,CreditCard,Physical Only,Video Only
50413365,S01289405,2013-01-03 00:00:00.000,224.85,0.0,0.0,0.0,CreditCard,Digital Only,Video Only
50288571,S00693322,2012-07-11 00:00:00.000,35.9,0.0,0.0,0.0,CreditCard,Digital Only,Video Only
50373235,S01003309,2012-10-23 00:00:00.000,109.85,15.0,0.0,0.0,CreditCard,Physical Only,Both
50712985,S02540485,2014-02-21 00:00:00.000,0.0,0.0,0.0,0.0,,Physical Only,Video Only
50250735,S01573006,2013-03-22 00:00:00.000,101.91,0.0,0.0,0.0,CreditCard,Digital Only,Video Only
50498247,S01457332,2013-02-25 00:00:00.000,57.35,5.0,0.0,0.0,CreditCard,Physical Only,Video Only
50134183,S00300772,2012-03-21 00:00:00.000,114.9,15.0,0.0,0.0,CreditCard,Physical Only,Video Only
50166504,S02321755,2013-12-17 00:00:00.000,176.84,25.0,0.0,0.0,CreditCard,Physical Only,Video Only
50413365,S02975062,2014-07-23 00:00:00.000,15.95,0.0,0.0,0.0,CreditCard,Digital Only,Audio Only
50769992,MB-162632,2014-01-31 00:00:00.000,49.95,10.0,0.0,0.0,Check US,Physical Only,Video Only
50268902,S00647058,2012-06-26 00:00:00.000,14.95,5.0,0.0,0.0,CreditCard,Physical Only,Video Only
50583412,S01807623,2013-06-21 00:00:00.000,199.85,30.0,0.0,0.0,CreditCard,Physical Only,Video Only
50413365,S02900180,2014-06-22 00:00:00.000,55.9,0.0,0.0,0.0,CreditCard,Digital Only,Video Only
50105203,S02642713,2014-03-28 00:00:00.000,72.45,0.0,0.0,0.0,CreditCard,Physical Only,Video Only
50095176,S00183768,2012-02-15 00:00:00.000,224.65,25.0,0.0,0.0,CreditCard,Physical Only,Both
50777997,S02484014,2014-02-06 00:00:00.000,49.95,10.0,0.0,0.0,CreditCard,Physical Only,Video Only
50105203,S00381465,2012-04-12 00:00:00.000,124.93,20.0,0.0,0.0,CreditCard,Physical Only,Video Only
50230143,S00551519,2012-06-04 00:00:00.000,14.95,5.0,0.0,0.0,CreditCard,Physical Only,Video Only
50357813,S00930259,2012-09-25 00:00:00.000,44.95,10.0,0.0,0.0,CreditCard,Physical Only,Video Only
50692293,S02238036,2013-11-29 00:00:00.000,64.15,0.0,0.0,4.2,CreditCard,Digital Only,Video Only
50901001,S02867526,2014-06-08 00:00:00.000,107.88,0.0,0.0,0.0,CreditCard,Physical Only,Video Only
50136338,S00304928,2012-03-22 00:00:00.000,9.95,0.0,0.0,0.0,CreditCard,Digital Only,Video Only
50416105,MB-089747,2013-01-08 00:00:00.000,49.95,10.0,0.0,0.0,Check US,Physical Only,Video Only
50420667,MB-191858,2014-07-16 00:00:00.000,102.9,15.0,0.0,0.0,Check US,Physical Only,Video Only
50769992,S02947270,2014-07-13 00:00:00.000,157.04,20.0,0.0,7.14,CreditCard,Physical Only,Video Only
50884971,S02781571,2014-05-14 00:00:00.000,359.8,10.0,0.0,0.0,CreditCard,Digital Only,Video Only
50520172,S01635466,2013-04-15 00:00:00.000,91.92,0.0,0.0,0.0,CreditCard,Physical Only,Video Only
50520172,S02542427,2014-02-22 00:00:00.000,59.95,0.0,0.0,0.0,CreditCard,Digital Only,Video Only
50520172,S02286470,2013-12-10 00:00:00.000,124.95,0.0,0.0,0.0,CreditCard,Digital Only,Video Only
50073898,S00444876,2012-04-29 00:00:00.000,79.95,10.0,0.0,0.0,CreditCard,Physical Only,Video Only
50187478,S00433107,2012-04-25 00:00:00.000,34.85,5.0,0.0,0.0,CreditCard,Physical Only,Video Only
50433953,S01331014,2013-01-20 00:00:00.000,129.9,20.0,0.0,0.0,CreditCard,Physical Only,Video Only
50433953,S01704149,2013-05-14 00:00:00.000,14.95,5.0,0.0,0.0,CreditCard,Physical Only,Video Only
50137492,S00307449,2012-03-23 00:00:00.000,44.8,5.0,0.0,0.0,CreditCard,Physical Only,Video Only
50660959,S02108350,2013-10-17 00:00:00.000,34.95,0.0,0.0,0.0,CreditCard,Digital Only,Audio Only
50250735,S00864650,2012-09-04 00:00:00.000,69.9,0.0,0.0,0.0,CreditCard,Digital Only,Audio Only
50712985,S02323296,2013-12-17 00:00:00.000,39.9,5.0,0.0,0.0,CreditCard,Physical Only,Video Only
50698627,S02265826,2013-12-04 00:00:00.000,132.4,20.0,0.0,0.0,CreditCard,Physical Only,Video Only
50819777,S02599383,2014-03-14 00:00:00.000,62.45,10.0,0.0,0.0,CreditCard,Physical Only,Video Only
50814747,S02625948,2014-03-24 00:00:00.000,42.45,10.0,0.0,0.0,CreditCard,Physical Only,Video Only
50130704,S00293544,2012-03-19 00:00:00.000,14.95,5.0,0.0,0.0,CreditCard,Physical Only,Video Only
50306706,S02126362,2013-10-24 00:00:00.000,59.95,10.0,0.0,0.0,CreditCard,Physical Only,Audio Only
50778883,S02486292,2014-02-06 00:00:00.000,79.9,10.0,0.0,0.0,CreditCard,Physical Only,Audio Only
50433953,S02061411,2013-09-28 00:00:00.000,79.95,10.0,0.0,0.0,CreditCard,Physical Only,Video Only
50268033,S00644634,2012-06-26 00:00:00.000,19.95,5.0,0.0,0.0,CreditCard,Physical Only,Video Only
50027205,S00078063,2012-01-24 00:00:00.000,34.9,5.0,0.0,0.0,CreditCard,Physical Only,Video Only
50060079,MB-186224,2014-06-06 00:00:00.000,39.95,0.0,0.0,0.0,Check US,Physical Only,Video Only
50918750,MB-187743,2014-06-13 00:00:00.000,14.95,5.0,0.0,0.0,Check US,Physical Only,Video Only
50520172,S02727699,2014-04-26 00:00:00.000,99.91,15.0,0.0,0.0,CreditCard,Physical Only,Video Only
50433953,S01363808,2013-01-29 00:00:00.000,94.9,15.0,0.0,0.0,CreditCard,Physical Only,Video Only
50166504,S00380189,2012-04-12 00:00:00.000,244.8,30.0,0.0,0.0,CreditCard,Physical Only,Video Only
50166504,S01601993,2013-03-31 00:00:00.000,99.9,0.0,0.0,0.0,CreditCard,Physical Only,Video Only
50396250,MB-085298,2012-12-07 00:00:00.000,49.95,5.0,0.0,0.0,Check US,Physical Only,Video Only
50250735,S00729672,2012-07-24 00:00:00.000,124.9,10.0,0.0,0.0,CreditCard,Both,Audio Only
50095176,S01679116,2013-05-03 00:00:00.000,219.75,25.0,0.0,0.0,CreditCard,Physical Only,Both
50610311,S01890463,2013-07-22 00:00:00.000,69.9,10.0,0.0,0.0,CreditCard,Physical Only,Video Only
50642567,S02022982,2013-09-12 00:00:00.000,104.95,0.0,0.0,0.0,CreditCard,Digital Only,Video Only
50409010,S01256877,2012-12-26 00:00:00.000,27.95,0.0,0.0,0.0,CreditCard,Digital Only,Video Only
50767343,S02858384,2014-06-05 00:00:00.000,54.9,0.0,0.0,0.0,CreditCard,Physical Only,Audio Only
50378192,S01030508,2012-11-04 00:00:00.000,269.8,4.95,0.0,0.0,CreditCard,Physical Only,Video Only
50798144,S02532891,2014-02-19 00:00:00.000,79.9,10.0,0.0,0.0,CreditCard,Physical Only,Audio Only
50448784,S01355647,2013-01-27 00:00:00.000,304.75,30.0,0.0,0.0,CreditCard,Physical Only,Video Only
50412484,S01284943,2013-01-01 00:00:00.000,109.95,15.0,0.0,0.0,CreditCard,Physical Only,Audio Only
50737661,S02634160,2014-03-26 00:00:00.000,139.9,0.0,0.0,0.0,CreditCard,Physical Only,Video Only
50005336,S01644976,2013-04-18 00:00:00.000,154.95,20.0,0.0,0.0,CreditCard,Physical Only,Audio Only
50566108,S01979381,2013-08-24 00:00:00.000,259.8,30.0,0.0,0.0,CreditCard,Physical Only,Audio Only
50832770,S02627578,2014-03-24 00:00:00.000,49.95,10.0,0.0,0.0,CreditCard,Physical Only,Video Only
50568882,S02139108,2013-10-28 00:00:00.000,114.85,15.0,0.0,0.0,CreditCard,Physical Only,Video Only
50545969,S01696820,2013-05-10 00:00:00.000,22.45,5.0,0.0,0.0,CreditCard,Physical Only,Video Only
50546284,S01699543,2013-05-11 00:00:00.000,19.9,0.0,0.0,0.0,CreditCard,Digital Only,Video Only
50878547,S02763122,2014-05-08 00:00:00.000,89.95,10.0,0.0,0.0,CreditCard,Physical Only,Video Only
50200570,S01109364,2012-11-25 00:00:00.000,34.85,5.0,0.0,0.0,CreditCard,Physical Only,Video Only
50925141,S02896283,2014-06-20 00:00:00.000,39.95,15.0,0.0,0.0,CreditCard,Physical Only,Audio Only
50409010,S01356501,2013-01-27 00:00:00.000,79.11,0.0,0.0,0.0,CreditCard,Digital Only,Video Only
50642567,S02091246,2013-10-10 00:00:00.000,15.95,0.0,0.0,0.0,CreditCard,Digital Only,Audio Only
50634794,S01988861,2013-08-28 00:00:00.000,79.95,10.0,0.0,0.0,CreditCard,Physical Only,Video Only
50317241,S00774007,2012-08-06 00:00:00.000,9.95,0.0,0.0,0.0,CreditCard,Digital Only,Video Only
50076900,S00146048,2012-02-07 00:00:00.000,34.95,0.0,0.0,0.0,CreditCard,Digital Only,Audio Only
50880804,S02769833,2014-05-10 00:00:00.000,62.45,10.0,0.0,0.0,CreditCard,Physical Only,Video Only
50712510,S02321105,2013-12-17 00:00:00.000,49.95,15.0,0.0,0.0,CreditCard,None,None
50495061,S01446839,2013-02-21 00:00:00.000,14.95,5.0,0.0,0.0,CreditCard,Physical Only,Video Only
50330628,S01126643,2012-11-28 00:00:00.000,39.95,10.0,0.0,0.0,CreditCard,Physical Only,Video Only
50744496,S02417423,2014-01-20 00:00:00.000,134.85,15.0,0.0,0.0,CreditCard,Physical Only,Both
50510773,S01536625,2013-03-16 00:00:00.000,289.9,30.0,0.0,0.0,CreditCard,Physical Only,Video Only
50193654,S01621651,2013-04-09 00:00:00.000,54.9,0.0,0.0,0.0,CreditCard,Digital Only,Audio Only
50624415,S01939530,2013-08-09 00:00:00.000,79.95,10.0,0.0,0.0,CreditCard,Physical Only,Video Only
50771270,MB-162764,2014-02-01 00:00:00.000,89.9,10.0,0.0,0.0,Check US,Physical Only,Video Only
50409010,S01555185,2013-03-19 00:00:00.000,119.9,0.0,0.0,0.0,CreditCard,Digital Only,Video Only
50642567,S02661950,2014-04-02 00:00:00.000,164.9,0.0,0.0,0.0,CreditCard,Digital Only,Audio Only
50200570,S01923269,2013-08-02 00:00:00.000,34.95,0.0,0.0,0.0,CreditCard,Digital Only,Audio Only
50087530,S00549026,2012-06-03 00:00:00.000,34.95,0.0,0.0,0.0,CreditCard,Digital Only,Audio Only
50798210,S02533289,2014-02-19 00:00:00.000,29.95,10.0,0.0,0.0,CreditCard,Physical Only,Audio Only
50755875,S02728916,2014-04-27 00:00:00.000,52.46,10.0,0.0,0.0,CreditCard,Physical Only,Audio Only
50405732,S01235125,2012-12-19 00:00:00.000,84.95,15.0,0.0,0.0,CreditCard,Physical Only,Audio Only
50341139,S00926755,2012-09-24 00:00:00.000,54.85,10.0,0.0,0.0,CreditCard,Physical Only,Audio Only
50568882,S01772992,2013-06-10 00:00:00.000,139.8,20.0,0.0,0.0,CreditCard,Physical Only,Video Only
50339084,S00864624,2012-09-04 00:00:00.000,64.95,5.0,0.0,0.0,CreditCard,Physical Only,Video Only
50670260,S02152152,2013-10-31 00:00:00.000,194.9,25.0,0.0,0.0,CreditCard,Physical Only,Audio Only
50354443,S00917273,2012-09-20 00:00:00.000,124.9,15.0,0.0,0.0,CreditCard,Physical Only,Video Only
50200570,S00640093,2012-06-24 00:00:00.000,64.9,0.0,0.0,0.0,CreditCard,Digital Only,Audio Only
50029911,MB-005345,2012-01-21 00:00:00.000,79.9,10.0,0.0,0.0,Check US,Physical Only,Video Only
50041394,MB-084700,2012-12-05 00:00:00.000,149.95,20.0,0.0,0.0,Check US,Physical Only,Video Only
50893847,MB-182693,2014-05-20 00:00:00.000,109.9,15.0,0.0,0.0,Check US,Physical Only,Video Only
50546277,S02344354,2013-12-23 00:00:00.000,69.9,0.0,0.0,0.0,CreditCard,Digital Only,Audio Only
50913168,S02854631,2014-06-05 00:00:00.000,90.2,15.0,0.0,5.25,CreditCard,Physical Only,Video Only
50504747,S02508991,2014-02-12 00:00:00.000,59.95,10.0,0.0,0.0,CreditCard,Physical Only,Video Only
50875614,S02753016,2014-05-05 00:00:00.000,79.95,10.0,0.0,0.0,CreditCard,Physical Only,Audio Only
50595846,S02117786,2013-10-21 00:00:00.000,114.9,15.0,0.0,0.0,CreditCard,Physical Only,Video Only
50711715,S02317446,2013-12-16 00:00:00.000,139.85,0.0,0.0,0.0,CreditCard,Both,Audio Only
50081520,S00155700,2012-02-09 00:00:00.000,49.95,10.0,0.0,0.0,CreditCard,Physical Only,Video Only
50626362,S01947681,2013-08-12 00:00:00.000,79.85,10.0,0.0,0.0,CreditCard,Physical Only,Video Only
50161790,S00368766,2012-04-09 00:00:00.000,14.95,5.0,0.0,0.0,CreditCard,Physical Only,Video Only
50044370,S00738004,2012-07-26 00:00:00.000,9.95,0.0,0.0,0.0,CreditCard,Physical Only,Video Only
50748266,S02426581,2014-01-22 00:00:00.000,29.95,10.0,0.0,0.0,CreditCard,Physical Only,Video Only
50256282,S00617006,2012-06-19 00:00:00.000,44.95,10.0,0.0,0.0,CreditCard,Physical Only,Video Only
50787405,S02506440,2014-02-12 00:00:00.000,69.95,10.0,0.0,0.0,CreditCard,Physical Only,Video Only
50893161,S02800143,2014-05-19 00:00:00.000,69.9,10.0,0.0,0.0,CreditCard,Physical Only,Video Only
50165034,S00644555,2012-06-26 00:00:00.000,52.85,0.0,0.0,0.0,CreditCard,Digital Only,Both
50044370,S01149425,2012-12-03 00:00:00.000,54.95,0.0,0.0,0.0,CreditCard,Physical Only,Video Only
50790046,S02532208,2014-02-19 00:00:00.000,114.85,15.0,0.0,0.0,CreditCard,Physical Only,Video Only
50595846,S01838407,2013-06-30 00:00:00.000,79.9,10.0,0.0,0.0,CreditCard,Physical Only,Video Only
50332843,S02404226,2014-01-16 00:00:00.000,169.85,20.0,0.0,0.0,CreditCard,Physical Only,Video Only
50201715,S00793406,2012-08-10 00:00:00.000,49.95,10.0,0.0,0.0,CreditCard,Physical Only,Video Only
50549153,S01711407,2013-05-17 00:00:00.000,22.45,5.0,0.0,0.0,CreditCard,Physical Only,Video Only
50350205,S01230548,2012-12-19 00:00:00.000,39.9,10.0,0.0,0.0,CreditCard,Physical Only,Video Only
50705045,S02289147,2013-12-10 00:00:00.000,69.95,0.0,0.0,0.0,CreditCard,Physical Only,Video Only
50254395,S01411350,2013-02-11 00:00:00.000,219.7,0.0,0.0,0.0,CreditCard,Physical Only,Both
50790046,S02511449,2014-02-13 00:00:00.000,54.95,15.0,0.0,0.0,CreditCard,Physical Only,Video Only
50213365,S00508442,2012-05-19 00:00:00.000,24.95,5.0,0.0,0.0,CreditCard,Physical Only,Video Only
50666105,S02134397,2013-10-26 00:00:00.000,34.95,0.0,0.0,0.0,CreditCard,Digital Only,Video Only
50332843,S00832057,2012-08-24 00:00:00.000,74.9,10.0,0.0,0.0,CreditCard,,
50194181,S00450172,2012-05-01 00:00:00.000,14.95,5.0,0.0,0.0,CreditCard,Physical Only,Video Only
50101657,S00193733,2012-02-17 00:00:00.000,214.75,25.0,0.0,0.0,CreditCard,Physical Only,Both
50901986,S02821744,2014-05-27 00:00:00.000,384.5,25.0,0.0,0.0,CreditCard,Physical Only,Video Only
50009323,S00022860,2012-01-08 00:00:00.000,49.9,10.0,0.0,0.0,CreditCard,Physical Only,Video Only
50044370,S00088901,2012-01-25 00:00:00.000,49.95,10.0,0.0,0.0,CreditCard,Physical Only,Video Only
50566215,S01767020,2013-06-07 00:00:00.000,49.95,10.0,0.0,0.0,CreditCard,Physical Only,Audio Only
50204473,S01617489,2013-04-07 00:00:00.000,84.95,0.0,0.0,0.0,CreditCard,Digital Only,Video Only
50517633,S02964003,2014-07-20 00:00:00.000,29.95,10.0,0.0,0.0,CreditCard,Physical Only,Video Only
50546360,S01700031,2013-05-12 00:00:00.000,59.95,0.0,0.0,0.0,CreditCard,Digital Only,Video Only
50038972,S00081045,2012-01-24 00:00:00.000,74.9,10.0,0.0,0.0,CreditCard,Physical Only,Video Only
50044370,S01494199,2013-03-11 00:00:00.000,59.95,10.0,0.0,0.0,CreditCard,Physical Only,Video Only
50362306,S00977636,2012-10-10 00:00:00.000,179.8,25.0,0.0,0.0,CreditCard,Physical Only,Both
50454694,S01364596,2013-01-29 00:00:00.000,39.95,5.0,0.0,0.0,CreditCard,Physical Only,Video Only
50754750,S02743405,2014-05-02 00:00:00.000,74.95,5.0,0.0,0.0,CreditCard,Physical Only,Video Only
50081520,S02320824,2013-12-17 00:00:00.000,67.45,10.0,0.0,0.0,CreditCard,Physical Only,Video Only
50087571,S00169456,2012-02-12 00:00:00.000,54.95,0.0,0.0,0.0,CreditCard,Digital Only,Video Only
50517633,S02749595,2014-05-04 00:00:00.000,69.9,0.0,0.0,0.0,CreditCard,Physical Only,Video Only
50165034,S00988270,2012-10-16 00:00:00.000,59.88,0.0,0.0,0.0,CreditCard,Digital Only,Audio Only
50013300,S00448849,2012-04-30 00:00:00.000,114.9,15.0,0.0,0.0,CreditCard,Physical Only,Video Only
50626362,S02247525,2013-11-30 00:00:00.000,169.75,0.0,0.0,0.0,CreditCard,Physical Only,Video Only
50005397,S00014874,2012-01-05 00:00:00.000,39.95,0.0,0.0,0.0,CreditCard,Physical Only,Video Only
50677255,S02176682,2013-11-08 00:00:00.000,49.95,10.0,0.0,0.0,CreditCard,Physical Only,Audio Only
50321829,S00786619,2012-08-09 00:00:00.000,204.9,25.0,0.0,0.0,CreditCard,Physical Only,Video Only
50488153,S01429053,2013-02-15 00:00:00.000,59.95,10.0,0.0,0.0,CreditCard,Physical Only,Video Only
50574772,S01785579,2013-06-13 00:00:00.000,459.45,30.0,0.0,0.0,CreditCard,Physical Only,Video Only
50013050,S00030231,2012-01-10 00:00:00.000,139.95,20.0,0.0,0.0,CreditCard,Physical Only,Video Only
50549153,S02758557,2014-05-06 00:00:00.000,32.95,10.0,0.0,0.0,CreditCard,Physical Only,Video Only
50664602,S02125867,2013-10-24 00:00:00.000,139.92,20.0,0.0,0.0,CreditCard,Physical Only,Video Only
50290274,S00697474,2012-07-12 00:00:00.000,184.75,25.0,0.0,0.0,CreditCard,Physical Only,Video Only
50328814,S00810586,2012-08-17 00:00:00.000,204.7,25.0,0.0,0.0,CreditCard,Physical Only,Both
50229745,S00550484,2012-06-03 00:00:00.000,80.8,0.0,0.0,0.0,CreditCard,Digital Only,Audio Only
50585386,S01813866,2013-06-23 00:00:00.000,164.8,0.0,0.0,0.0,CreditCard,Physical Only,Audio Only
50683654,S02199556,2013-11-16 00:00:00.000,329.8,30.0,0.0,0.0,CreditCard,Physical Only,Video Only
50392522,S01279514,2012-12-30 00:00:00.000,59.95,0.0,0.0,0.0,CreditCard,Digital Only,Video Only
50190270,S00440284,2012-04-27 00:00:00.000,44.95,5.0,0.0,0.0,CreditCard,Physical Only,Video Only
50342353,S00876934,2012-09-07 00:00:00.000,34.95,10.0,0.0,0.0,CreditCard,Physical Only,Audio Only
50082946,S00159087,2012-02-10 00:00:00.000,49.95,10.0,0.0,0.0,CreditCard,Physical Only,Video Only
50548979,S01710648,2013-05-17 00:00:00.000,59.95,0.0,0.0,0.0,CreditCard,Digital Only,Video Only
50002315,S02737744,2014-04-30 00:00:00.000,0.0,0.0,0.0,0.0,,,
50620979,S01925761,2013-08-03 00:00:00.000,94.85,15.0,0.0,0.0,CreditCard,Physical Only,Video Only
50425007,S01313170,2013-01-14 00:00:00.000,298.94,30.0,0.0,14.24,CreditCard,Physical Only,Audio Only
50239876,MB-088325,2012-12-26 00:00:00.000,29.95,10.0,0.0,0.0,MoneyOrder,Physical Only,Video Only
50414681,S02153144,2013-11-01 00:00:00.000,63.49,10.0,0.0,3.59,CreditCard,Physical Only,Video Only
50777480,S02482730,2014-02-05 00:00:00.000,44.8,5.0,0.0,0.0,CreditCard,Physical Only,Both
50343994,S01434205,2013-02-16 00:00:00.000,49.95,0.0,0.0,0.0,CreditCard,Physical Only,Audio Only
50633920,S01984678,2013-08-26 00:00:00.000,204.9,25.0,0.0,0.0,CreditCard,Physical Only,Audio Only
50231920,S00555300,2012-06-04 00:00:00.000,14.95,5.0,0.0,0.0,CreditCard,Physical Only,Video Only
50208747,S01863192,2013-07-10 00:00:00.000,59.95,10.0,0.0,0.0,CreditCard,Physical Only,Video Only
50127291,S00277954,2012-03-13 00:00:00.000,219.7,25.0,0.0,0.0,CreditCard,Physical Only,Both
50412714,S01285770,2013-01-02 00:00:00.000,91.82,15.0,0.0,4.37,CreditCard,Physical Only,Video Only
50781017,S02491595,2014-02-08 00:00:00.000,19.95,0.0,0.0,0.0,CreditCard,Digital Only,Video Only
50267843,S01341144,2013-01-23 00:00:00.000,69.9,10.0,0.0,0.0,CreditCard,Physical Only,Video Only
50040815,S00123643,2012-02-02 00:00:00.000,49.95,0.0,0.0,0.0,CreditCard,Digital Only,Audio Only
50625540,S01944252,2013-08-11 00:00:00.000,14.95,5.0,0.0,0.0,CreditCard,Physical Only,Video Only
50215534,S00514738,2012-05-21 00:00:00.000,34.95,10.0,0.0,0.0,CreditCard,Physical Only,Audio Only
50201419,S00470965,2012-05-07 00:00:00.000,84.95,0.0,0.0,0.0,CreditCard,Digital Only,Video Only
50461142,S01373698,2013-01-31 00:00:00.000,234.8,30.0,0.0,0.0,CreditCard,Physical Only,Video Only
50687219,S02214715,2013-11-21 00:00:00.000,114.95,15.0,0.0,0.0,CreditCard,Physical Only,Video Only
50015643,S00473962,2012-05-08 00:00:00.000,149.9,20.0,0.0,0.0,CreditCard,Physical Only,Audio Only
50826517,S02612268,2014-03-19 00:00:00.000,27.95,0.0,0.0,0.0,CreditCard,Digital Only,Video Only
50614801,S01904186,2013-07-27 00:00:00.000,9.95,0.0,0.0,0.0,CreditCard,Physical Only,Video Only
50445630,S02708579,2014-04-19 00:00:00.000,59.95,10.0,0.0,0.0,CreditCard,Physical Only,Video Only
50445630,S02092786,2013-10-10 00:00:00.000,89.85,10.0,0.0,0.0,CreditCard,Both,Both
50547367,S01703915,2013-05-13 00:00:00.000,14.95,0.0,0.0,0.0,CreditCard,Digital Only,Audio Only
50351631,S01183748,2012-12-10 00:00:00.000,164.9,0.0,0.0,0.0,CreditCard,Physical Only,Both
50354607,S00918032,2012-09-20 00:00:00.000,77.85,0.0,0.0,0.0,CreditCard,Digital Only,Video Only
50585982,S01815746,2013-06-24 00:00:00.000,159.8,20.0,0.0,0.0,CreditCard,Physical Only,Video Only
50421909,S01682865,2013-05-04 00:00:00.000,34.95,10.0,0.0,0.0,CreditCard,Physical Only,Audio Only
50184732,S00426751,2012-04-23 00:00:00.000,0.0,0.0,0.0,0.0,,,
50128012,S00281932,2012-03-14 00:00:00.000,47.9,0.0,0.0,0.0,CreditCard,,
50295997,S00714844,2012-07-18 00:00:00.000,14.95,5.0,0.0,0.0,CreditCard,Physical Only,Video Only
50711715,S02317474,2013-12-16 00:00:00.000,25.0,0.0,0.0,0.0,CreditCard,,
50081520,S00218064,2012-02-23 00:00:00.000,124.9,0.0,0.0,0.0,,,
50190270,S02601209,2014-03-15 00:00:00.000,49.95,10.0,0.0,0.0,CreditCard,Physical Only,Video Only
50852617,S02680687,2014-04-09 00:00:00.000,89.9,10.0,0.0,0.0,CreditCard,Physical Only,Video Only
50482687,S02512522,2014-02-13 00:00:00.000,155.92,20.0,0.0,0.0,CreditCard,Physical Only,Video Only
50840017,S02653813,2014-03-30 00:00:00.000,379.85,0.0,0.0,0.0,CreditCard,Physical Only,Video Only
50392690,S01143772,2012-12-02 00:00:00.000,27.48,10.0,0.0,0.0,CreditCard,None,None
50093351,S01624173,2013-04-09 00:00:00.000,154.95,20.0,0.0,0.0,CreditCard,Physical Only,Video Only
50243699,S00583566,2012-06-11 00:00:00.000,39.96,0.0,0.0,0.0,CreditCard,Physical Only,Audio Only
50252455,MB-046402,2012-06-16 00:00:00.000,74.9,10.0,0.0,0.0,Check US,Physical Only,Video Only
50765028,S02457191,2014-01-29 00:00:00.000,29.95,10.0,0.0,0.0,CreditCard,Physical Only,Video Only
50081520,S00260796,2012-03-07 00:00:00.000,124.9,20.0,0.0,0.0,CreditCard,Physical Only,Video Only
50482687,S02567220,2014-03-04 00:00:00.000,159.85,20.0,0.0,0.0,CreditCard,Physical Only,Both
50582863,S01805893,2013-06-20 00:00:00.000,59.95,0.0,0.0,0.0,CreditCard,Digital Only,Video Only
50086217,S00263044,2012-03-08 00:00:00.000,199.75,25.0,0.0,0.0,CreditOA,Physical Only,Both
50254395,S00433184,2012-04-25 00:00:00.000,14.95,5.0,0.0,0.0,CreditCard,Physical Only,Video Only
50123417,S00263358,2012-03-08 00:00:00.000,34.85,5.0,0.0,0.0,CreditCard,Physical Only,Video Only
50332843,S02379007,2014-01-07 00:00:00.000,44.95,5.0,0.0,0.0,CreditCard,Physical Only,Video Only
50586486,S02440746,2014-01-24 00:00:00.000,149.85,0.0,0.0,0.0,CreditCard,Physical Only,Video Only
50711715,S02317453,2013-12-16 00:00:00.000,50.0,0.0,0.0,0.0,CreditCard,,
50086217,S00165412,2012-02-11 00:00:00.000,199.75,25.0,0.0,0.0,CreditCard,,
50274453,S00660174,2012-06-29 00:00:00.000,19.95,5.0,0.0,0.0,CreditCard,Physical Only,Video Only
50922804,S02886793,2014-06-15 00:00:00.000,244.8,25.0,0.0,0.0,CreditCard,Physical Only,Video Only
50135648,S00303450,2012-03-22 00:00:00.000,24.9,5.0,0.0,0.0,CreditCard,Physical Only,Video Only
50697470,S02261600,2013-12-03 00:00:00.000,24.9,5.0,0.0,0.0,CreditCard,Physical Only,Video Only
50621862,S02240814,2013-11-29 00:00:00.000,49.95,0.0,0.0,0.0,CreditCard,Physical Only,Audio Only
50451487,S01442021,2013-02-19 00:00:00.000,97.45,15.0,0.0,0.0,CreditCard,Physical Only,Video Only
50465895,S01382551,2013-02-03 00:00:00.000,49.95,10.0,0.0,0.0,CreditCard,Physical Only,Video Only
50814744,S02588849,2014-03-11 00:00:00.000,34.95,0.0,0.0,0.0,CreditCard,,
50706630,S02294737,2013-12-12 00:00:00.000,59.95,0.0,0.0,0.0,CreditCard,Digital Only,Video Only
50312289,S00757997,2012-08-01 00:00:00.000,39.95,10.0,0.0,0.0,CreditCard,Physical Only,Video Only
50291415,S00699994,2012-07-13 00:00:00.000,99.9,15.0,0.0,0.0,CreditCard,Physical Only,Video Only
50320531,S00783149,2012-08-08 00:00:00.000,69.95,10.0,0.0,0.0,CreditCard,Physical Only,Video Only
50267644,S01176655,2012-12-09 00:00:00.000,29.9,0.0,0.0,0.0,CreditCard,Physical Only,Audio Only
50898722,S02836230,2014-05-31 00:00:00.000,69.9,10.0,0.0,0.0,CreditCard,Physical Only,Both
50268998,S00647342,2012-06-26 00:00:00.000,29.95,0.0,0.0,0.0,CreditCard,Digital Only,Video Only
50383646,S01077807,2012-11-17 00:00:00.000,69.95,0.0,0.0,0.0,CreditCard,Physical Only,Video Only
50018528,S00042065,2012-01-14 00:00:00.000,39.9,10.0,0.0,0.0,CreditCard,Physical Only,Both
50446861,MB-162774,2014-02-01 00:00:00.000,79.95,10.0,0.0,0.0,Check US,Physical Only,Video Only
50237710,S02448751,2014-01-27 00:00:00.000,114.95,15.0,0.0,0.0,CreditCard,Physical Only,Video Only
50349761,MB-138595,2013-09-07 00:00:00.000,59.95,10.0,0.0,0.0,Check US,Physical Only,Audio Only
50834439,S02632537,2014-03-26 00:00:00.000,84.85,0.0,0.0,0.0,,,
50409264,S01259246,2012-12-26 00:00:00.000,34.95,10.0,0.0,0.0,CreditCard,Physical Only,Video Only
50517042,S01575872,2013-03-24 00:00:00.000,74.9,0.0,0.0,0.0,CreditCard,Digital Only,Video Only
50349761,S02628697,2014-03-25 00:00:00.000,224.9,25.0,0.0,0.0,CreditCard,Physical Only,Video Only
50349761,S00900425,2012-09-15 00:00:00.000,14.95,5.0,0.0,0.0,CreditCard,Physical Only,Video Only
50616325,S01911422,2013-07-29 00:00:00.000,66.2,10.0,0.0,3.75,CreditCard,Physical Only,Video Only
50922804,S02900958,2014-06-23 00:00:00.000,59.95,0.0,0.0,0.0,CreditCard,Physical Only,Video Only
50684920,S02203798,2013-11-18 00:00:00.000,99.95,15.0,0.0,0.0,CreditCard,Physical Only,Video Only
50272513,S00656166,2012-06-28 00:00:00.000,34.95,0.0,0.0,0.0,CreditCard,,
50289379,S01658255,2013-04-24 00:00:00.000,0.0,0.0,0.0,0.0,,,
50678553,S02564117,2014-03-02 00:00:00.000,89.95,10.0,0.0,0.0,CreditCard,Physical Only,Video Only
50157891,S00360277,2012-04-06 00:00:00.000,59.95,10.0,0.0,0.0,CreditCard,Physical Only,Audio Only
50142024,S00317152,2012-03-26 00:00:00.000,144.9,20.0,0.0,0.0,CreditCard,Physical Only,Video Only
50141883,S00316903,2012-03-26 00:00:00.000,334.6,30.0,0.0,0.0,CreditCard,Physical Only,Video Only
50927735,S02905949,2014-06-25 00:00:00.000,79.95,0.0,0.0,0.0,CreditCard,Physical Only,Video Only
50075197,S00967782,2012-10-05 00:00:00.000,14.95,5.0,0.0,0.0,CreditCard,Physical Only,Video Only
50762290,S02453020,2014-01-28 00:00:00.000,79.95,10.0,0.0,0.0,CreditCard,Physical Only,Video Only
50190349,S02534768,2014-02-19 00:00:00.000,24.95,0.0,0.0,0.0,CreditCard,Digital Only,Video Only
50194725,S00451461,2012-05-01 00:00:00.000,14.95,5.0,0.0,0.0,CreditCard,Physical Only,Video Only
50552607,S01728809,2013-05-26 00:00:00.000,14.95,5.0,0.0,0.0,CreditCard,Physical Only,Video Only
50456145,S01366592,2013-01-30 00:00:00.000,59.95,10.0,0.0,0.0,CreditCard,Physical Only,Video Only
50075197,S01116734,2012-11-26 00:00:00.000,19.95,0.0,0.0,0.0,CreditCard,Physical Only,Video Only
50365636,S01411722,2013-02-11 00:00:00.000,29.95,0.0,0.0,0.0,CreditCard,Physical Only,Video Only
50700924,S02273792,2013-12-06 00:00:00.000,94.9,15.0,0.0,0.0,CreditCard,Physical Only,Video Only
50494388,MB-110479,2013-03-29 00:00:00.000,277.8,30.0,0.0,0.0,Check US,Physical Only,Video Only
50688856,S02221028,2013-11-24 00:00:00.000,129.95,0.0,0.0,0.0,CreditCard,,
50365636,S01185431,2012-12-10 00:00:00.000,0.0,0.0,0.0,0.0,,,
50208931,S00744560,2012-07-28 00:00:00.000,44.95,10.0,0.0,0.0,CreditCard,Physical Only,Video Only
50655123,S02327146,2013-12-18 00:00:00.000,149.95,20.0,0.0,0.0,CreditCard,Physical Only,Video Only
50166190,S00379201,2012-04-12 00:00:00.000,21.95,5.0,0.0,0.0,CreditCard,Physical Only,Video Only
50348956,S00897939,2012-09-14 00:00:00.000,57.45,10.0,0.0,0.0,CreditCard,Physical Only,Video Only
50321171,S01933887,2013-08-06 00:00:00.000,84.95,15.0,0.0,0.0,CreditCard,Physical Only,Video Only
50291593,S00700441,2012-07-13 00:00:00.000,34.85,5.0,0.0,0.0,CreditCard,Physical Only,Video Only
50112342,MB-064455,2012-08-27 00:00:00.000,434.75,30.0,0.0,0.0,Check US,Physical Only,Video Only
50016403,MB-124574,2013-06-17 00:00:00.000,34.95,10.0,0.0,0.0,Check US,Physical Only,Audio Only
50259712,S01201738,2012-12-13 00:00:00.000,36.7,10.0,0.0,1.75,CreditCard,Physical Only,Video Only
50118192,S00244306,2012-03-02 00:00:00.000,94.9,15.0,0.0,0.0,CreditCard,Physical Only,Video Only
50333246,S00834609,2012-08-25 00:00:00.000,79.95,10.0,0.0,0.0,CreditCard,Physical Only,Video Only
50552607,S02316957,2013-12-16 00:00:00.000,49.95,10.0,0.0,0.0,CreditCard,Physical Only,Video Only
50473223,MB-098762,2013-02-07 00:00:00.000,99.85,15.0,0.0,0.0,Check US,Physical Only,Video Only
50020249,S00046606,2012-01-16 00:00:00.000,79.9,10.0,0.0,0.0,CreditCard,Physical Only,Video Only
50892673,S02799368,2014-05-19 00:00:00.000,103.88,0.0,0.0,0.0,CreditCard,Digital Only,Both
50598206,S01848439,2013-07-04 00:00:00.000,79.95,10.0,0.0,0.0,CreditCard,Physical Only,Audio Only
50321171,S02182561,2013-11-10 00:00:00.000,34.95,10.0,0.0,0.0,CreditCard,Physical Only,Video Only
50643900,S02277339,2013-12-07 00:00:00.000,139.8,20.0,0.0,0.0,CreditCard,Physical Only,Both
50042486,S00086337,2012-01-25 00:00:00.000,69.9,10.0,0.0,0.0,CreditCard,Physical Only,Video Only
50534357,S01642867,2013-04-18 00:00:00.000,44.95,10.0,0.0,0.0,CreditCard,Physical Only,Video Only
50353931,MB-071457,2012-09-20 00:00:00.000,139.8,20.0,0.0,0.0,Check US,Physical Only,Video Only
50035634,S00075513,2012-01-23 00:00:00.000,114.85,15.0,0.0,0.0,CreditCard,Physical Only,Video Only
50445749,S01350549,2013-01-25 00:00:00.000,114.95,15.0,0.0,0.0,CreditCard,Physical Only,Video Only
50112342,MB-029877,2012-04-05 00:00:00.000,129.95,20.0,0.0,0.0,Check US,Physical Only,Video Only
50007081,S00017744,2012-01-07 00:00:00.000,49.95,10.0,0.0,0.0,CreditCard,Physical Only,Video Only
50182491,S00420165,2012-04-20 00:00:00.000,169.9,20.0,0.0,0.0,CreditCard,Physical Only,Video Only
50276862,S01624642,2013-04-10 00:00:00.000,39.95,10.0,0.0,0.0,CreditCard,Physical Only,Video Only
50016403,MB-148825,2013-11-15 00:00:00.000,79.95,10.0,0.0,0.0,Check US,Physical Only,Video Only
50249986,S00598884,2012-06-14 00:00:00.000,132.35,20.0,0.0,0.0,CreditCard,Physical Only,Both
50314530,S00765417,2012-08-02 00:00:00.000,74.9,10.0,0.0,0.0,CreditCard,Physical Only,Video Only
50240253,S00574958,2012-06-08 00:00:00.000,117.3,20.0,0.0,0.0,CreditCard,Physical Only,Both
50913929,S02856025,2014-06-05 00:00:00.000,152.45,20.0,0.0,0.0,CreditCard,Physical Only,Video Only
50927846,S02906348,2014-06-25 00:00:00.000,194.75,25.0,0.0,0.0,CreditCard,Physical Only,Video Only
50676145,S02172605,2013-11-07 00:00:00.000,224.9,25.0,0.0,0.0,CreditCard,Physical Only,Video Only
50321107,S00784651,2012-08-08 00:00:00.000,159.8,20.0,0.0,0.0,CreditCard,Physical Only,Video Only
50212716,S02829595,2014-05-29 00:00:00.000,163.64,0.0,0.0,0.0,CreditCard,Physical Only,Video Only
50141883,S00635875,2012-06-23 00:00:00.000,134.85,20.0,0.0,0.0,CreditCard,Physical Only,Video Only
50365636,MB-075217,2012-10-05 00:00:00.000,239.7,30.0,0.0,0.0,Check US,Physical Only,Both
50150605,S00340369,2012-04-01 00:00:00.000,27.95,0.0,0.0,0.0,CreditCard,Digital Only,Video Only
50075197,S01081238,2012-11-18 00:00:00.000,24.95,0.0,0.0,0.0,CreditCard,Physical Only,Video Only
50807775,S02648156,2014-03-29 00:00:00.000,59.95,0.0,0.0,0.0,CreditCard,Digital Only,Video Only
50871015,S02735995,2014-04-29 00:00:00.000,49.95,10.0,0.0,0.0,CreditCard,Physical Only,Video Only
50016403,MB-121885,2013-06-11 00:00:00.000,114.95,15.0,0.0,0.0,Check US,Physical Only,Video Only
50726826,S02380231,2014-01-07 00:00:00.000,31.15,10.0,0.0,1.2,CreditCard,Physical Only,Audio Only
50311254,S00754416,2012-07-31 00:00:00.000,64.9,10.0,0.0,0.0,CreditCard,Physical Only,Video Only
50652392,S02068625,2013-10-01 00:00:00.000,14.95,5.0,0.0,0.0,CreditCard,Physical Only,Video Only
50150784,S01049545,2012-11-10 00:00:00.000,15.95,0.0,0.0,0.0,CreditCard,Digital Only,Audio Only
50129777,S01642408,2013-04-18 00:00:00.000,59.9,0.0,0.0,0.0,CreditCard,Digital Only,Audio Only
50307165,MB-057298,2012-07-28 00:00:00.000,193.6,25.0,0.0,0.0,Check US,Physical Only,Both
50870141,S02733325,2014-04-28 00:00:00.000,34.95,5.0,0.0,0.0,CreditCard,Physical Only,Video Only
50240964,MB-187694,2014-06-13 00:00:00.000,104.85,15.0,0.0,0.0,Check US,Physical Only,Both
50244091,MB-084153,2012-12-03 00:00:00.000,69.95,0.0,0.0,0.0,Check US,Physical Only,Video Only
50457845,S01944668,2013-08-11 00:00:00.000,169.9,20.0,0.0,0.0,CreditCard,Physical Only,Video Only
50129777,S02062891,2013-09-29 00:00:00.000,135.8,10.0,0.0,0.0,CreditCard,Both,Both
50177743,S00411905,2012-04-19 00:00:00.000,79.9,10.0,0.0,0.0,CreditCard,Physical Only,Audio Only
50616647,S01912295,2013-07-29 00:00:00.000,87.45,15.0,0.0,0.0,CreditCard,Physical Only,Video Only
50601937,S01861044,2013-07-09 00:00:00.000,154.85,20.0,0.0,0.0,CreditCard,Physical Only,Both
50499691,S01461716,2013-02-27 00:00:00.000,74.95,10.0,0.0,0.0,CreditCard,Physical Only,Video Only
50351853,S00906947,2012-09-18 00:00:00.000,14.95,5.0,0.0,0.0,CreditCard,Physical Only,Video Only
50140658,S00528561,2012-05-26 00:00:00.000,59.9,10.0,0.0,0.0,CreditCard,Physical Only,Audio Only
50179579,S00414280,2012-04-19 00:00:00.000,152.75,15.0,0.0,0.0,CreditCard,Both,Video Only
50740921,S02936579,2014-07-07 00:00:00.000,354.8,25.0,0.0,0.0,CreditCard,Physical Only,Audio Only
50285186,S00799701,2012-08-12 00:00:00.000,34.95,0.0,0.0,0.0,CreditCard,Digital Only,Video Only
50297905,S00720871,2012-07-21 00:00:00.000,21.95,5.0,0.0,0.0,CreditCard,Physical Only,Video Only
50018790,S00042776,2012-01-14 00:00:00.000,44.95,5.0,0.0,0.0,CreditCard,Physical Only,Video Only
50656555,S02090451,2013-10-09 00:00:00.000,59.95,0.0,0.0,0.0,CreditCard,Digital Only,Video Only
50488544,S01429605,2013-02-15 00:00:00.000,29.95,10.0,0.0,0.0,CreditCard,Physical Only,Video Only
50814747,S02625925,2014-03-24 00:00:00.000,29.95,10.0,0.0,0.0,CreditCard,Physical Only,Video Only
50473894,S01398173,2013-02-07 00:00:00.000,14.95,5.0,0.0,0.0,CreditCard,Physical Only,Video Only
50060079,S02027631,2013-09-15 00:00:00.000,54.95,10.0,0.0,0.0,CreditCard,Physical Only,Video Only
50602900,S01864122,2013-07-10 00:00:00.000,194.9,25.0,0.0,0.0,CreditCard,Physical Only,Video Only
50288571,S01864965,2013-07-11 00:00:00.000,131.92,20.0,0.0,0.0,CreditCard,Physical Only,Video Only
50250735,S00600848,2012-06-15 00:00:00.000,54.9,0.0,0.0,0.0,CreditCard,Digital Only,Audio Only
50520172,S01589555,2013-03-28 00:00:00.000,59.95,10.0,0.0,0.0,CreditCard,Physical Only,Video Only
50049316,S02303835,2013-12-14 00:00:00.000,122.85,0.0,0.0,0.0,CreditCard,Both,Video Only
50769992,S02661150,2014-04-02 00:00:00.000,74.9,10.0,0.0,0.0,CreditCard,Physical Only,Video Only
50520172,S02074922,2013-10-03 00:00:00.000,119.9,0.0,0.0,0.0,CreditCard,Digital Only,Video Only
50443681,S01582093,2013-03-25 00:00:00.000,198.92,25.0,0.0,0.0,CreditCard,Physical Only,Video Only
50839580,S02651875,2014-03-30 00:00:00.000,264.75,0.0,0.0,0.0,CreditCard,Physical Only,Video Only
50564328,S01763746,2013-06-06 00:00:00.000,69.9,10.0,0.0,0.0,CreditCard,Physical Only,Video Only
50300304,S00727781,2012-07-23 00:00:00.000,89.95,15.0,0.0,0.0,CreditCard,Physical Only,Video Only
50780538,S02490399,2014-02-07 00:00:00.000,49.95,10.0,0.0,0.0,CreditCard,Physical Only,Video Only
50564295,S01763672,2013-06-06 00:00:00.000,69.9,10.0,0.0,0.0,CreditCard,Physical Only,Both
50814747,S02645117,2014-03-28 00:00:00.000,126.96,15.0,0.0,0.0,CreditCard,Physical Only,Video Only
50319655,S01997518,2013-09-02 00:00:00.000,167.88,0.0,0.0,0.0,CreditCard,Physical Only,Video Only
50520172,S01767426,2013-06-08 00:00:00.000,59.95,0.0,0.0,0.0,CreditCard,,
50918750,S02873038,2014-06-09 00:00:00.000,9.95,0.0,0.0,0.0,CreditCard,,
50049316,S02303917,2013-12-14 00:00:00.000,0.0,0.0,0.0,0.0,,,
50027205,S00060838,2012-01-20 00:00:00.000,19.95,0.0,0.0,0.0,CreditCard,,
50552546,S01728352,2013-05-25 00:00:00.000,124.95,0.0,0.0,0.0,CreditCard,Digital Only,Video Only
50246923,MB-080464,2012-11-13 00:00:00.000,44.95,10.0,0.0,0.0,Check US,Physical Only,Video Only
50656847,S02091539,2013-10-10 00:00:00.000,189.8,25.0,0.0,0.0,CreditCard,Physical Only,Video Only
50359549,S01174234,2012-12-08 00:00:00.000,1330.0,0.0,0.0,0.0,CreditCard,Physical Only,Video Only
50712067,S02318932,2013-12-17 00:00:00.000,79.95,10.0,0.0,0.0,CreditCard,Physical Only,Video Only
50435557,S01419041,2013-02-12 00:00:00.000,49.9,10.0,0.0,0.0,CreditCard,Physical Only,Video Only
50492445,S01439747,2013-02-18 00:00:00.000,73.4,10.0,0.0,3.5,CreditCard,Physical Only,Video Only
50917309,S02865930,2014-06-07 00:00:00.000,29.95,0.0,0.0,0.0,CreditCard,Physical Only,Video Only
50500852,S01464806,2013-02-28 00:00:00.000,14.95,5.0,0.0,0.0,CreditCard,Physical Only,Video Only
50901001,S02819221,2014-05-26 00:00:00.000,114.85,15.0,0.0,0.0,CreditCard,Physical Only,Video Only
50319655,S01005393,2012-10-24 00:00:00.000,169.9,20.0,0.0,0.0,CreditCard,Physical Only,Video Only
50799189,S02537784,2014-02-20 00:00:00.000,134.85,15.0,0.0,0.0,CreditCard,Physical Only,Video Only
50343991,S00882068,2012-09-09 00:00:00.000,104.9,0.0,0.0,0.0,CreditCard,Digital Only,Video Only
50892092,S02798464,2014-05-19 00:00:00.000,124.9,15.0,0.0,0.0,CreditCard,Physical Only,Video Only
50769992,S02730117,2014-04-27 00:00:00.000,59.95,10.0,0.0,0.0,CreditCard,Physical Only,Video Only
50756538,S02494578,2014-02-09 00:00:00.000,0.0,0.0,0.0,0.0,,,
